# BusinessMan Leg_L
mtllib ../BusinessMan.mtl
v 0.020016 -0.005552 -0.012698
v 0.028123 -0.028564 -0.024502
v 0.012016 -0.005552 -0.060117
v 0.012016 -0.005552 -0.060117
v 0.028123 -0.028564 -0.024502
v 0.021233 -0.031852 -0.072378
v 0.057734 -0.897053 0.040388
v 0.026850 -0.895835 0.038826
v 0.046167 -0.895880 0.025569
v 0.026850 -0.895835 0.038826
v 0.057734 -0.897053 0.040388
v 0.025845 -0.897217 0.051831
v 0.021233 -0.031852 -0.072378
v -0.025173 -0.024262 -0.108284
v 0.012016 -0.005552 -0.060117
v -0.036206 -0.026273 0.072837
v -0.065950 -0.022877 0.082539
v -0.040250 -0.041449 0.075387
v -0.007587 -0.036433 0.049760
v -0.036206 -0.026273 0.072837
v -0.017869 -0.052383 0.057949
v -0.017869 -0.052383 0.057949
v -0.036206 -0.026273 0.072837
v -0.040250 -0.041449 0.075387
v -0.040250 -0.041449 0.075387
v -0.056342 -0.078127 0.079637
v -0.017869 -0.052383 0.057949
v -0.043597 -0.087408 0.072385
v -0.017869 -0.052383 0.057949
v -0.056342 -0.078127 0.079637
v 0.024280 -0.217267 -0.076172
v -0.004468 -0.275068 -0.087482
v -0.007953 -0.208302 -0.087259
v -0.004468 -0.275068 -0.087482
v 0.024280 -0.217267 -0.076172
v 0.028926 -0.275270 -0.075041
v 0.008984 -0.005552 0.020676
v 0.024681 -0.038395 0.011655
v 0.020016 -0.005552 -0.012698
v 0.020016 -0.005552 -0.012698
v 0.024681 -0.038395 0.011655
v 0.028123 -0.028564 -0.024502
v 0.016791 -0.053461 0.030728
v -0.017869 -0.052383 0.057949
v 0.003651 -0.075240 0.050068
v -0.017869 -0.052383 0.057949
v 0.016791 -0.053461 0.030728
v -0.007587 -0.036433 0.049760
v -0.017507 -0.101148 0.062376
v -0.072856 -0.126357 0.073409
v -0.039250 -0.151664 0.075593
v -0.072856 -0.126357 0.073409
v -0.017507 -0.101148 0.062376
v -0.043597 -0.087408 0.072385
v -0.017869 -0.052383 0.057949
v -0.017507 -0.101148 0.062376
v 0.003651 -0.075240 0.050068
v -0.017507 -0.101148 0.062376
v -0.017869 -0.052383 0.057949
v -0.043597 -0.087408 0.072385
v -0.039250 -0.151664 0.075593
v -0.083879 -0.153151 0.054144
v -0.081174 -0.170704 0.057719
v 0.041356 -0.057174 -0.040857
v 0.042544 -0.093763 -0.050207
v 0.027755 -0.061073 -0.080932
v 0.027755 -0.061073 -0.080932
v 0.042544 -0.093763 -0.050207
v 0.031111 -0.102262 -0.082719
v 0.028123 -0.028564 -0.024502
v 0.041356 -0.057174 -0.040857
v 0.021233 -0.031852 -0.072378
v 0.021233 -0.031852 -0.072378
v 0.041356 -0.057174 -0.040857
v 0.027755 -0.061073 -0.080932
v 0.027755 -0.061073 -0.080932
v -0.025173 -0.024262 -0.108284
v 0.021233 -0.031852 -0.072378
v -0.025173 -0.024262 -0.108284
v 0.027755 -0.061073 -0.080932
v -0.002990 -0.055045 -0.119527
v 0.033756 -0.120329 0.030720
v 0.011833 -0.091743 0.047850
v 0.009939 -0.115018 0.054193
v 0.011833 -0.091743 0.047850
v 0.033756 -0.120329 0.030720
v 0.026741 -0.071827 0.030223
v 0.034191 -0.065042 0.001135
v 0.028123 -0.028564 -0.024502
v 0.024681 -0.038395 0.011655
v 0.028123 -0.028564 -0.024502
v 0.034191 -0.065042 0.001135
v 0.041356 -0.057174 -0.040857
v 0.026741 -0.071827 0.030223
v 0.003651 -0.075240 0.050068
v 0.011833 -0.091743 0.047850
v 0.003651 -0.075240 0.050068
v 0.026741 -0.071827 0.030223
v 0.016791 -0.053461 0.030728
v 0.009939 -0.115018 0.054193
v 0.005706 -0.184389 0.068815
v 0.033756 -0.120329 0.030720
v 0.040679 -0.203403 0.043086
v 0.033756 -0.120329 0.030720
v 0.005706 -0.184389 0.068815
v -0.002990 -0.055045 -0.119527
v -0.002138 -0.103464 -0.112939
v -0.045133 -0.059740 -0.132669
v 0.034191 -0.065042 0.001135
v 0.042544 -0.093763 -0.050207
v 0.041356 -0.057174 -0.040857
v 0.042544 -0.093763 -0.050207
v 0.034191 -0.065042 0.001135
v 0.050071 -0.128328 -0.013291
v -0.002990 -0.055045 -0.119527
v 0.027755 -0.061073 -0.080932
v -0.002138 -0.103464 -0.112939
v 0.027755 -0.061073 -0.080932
v 0.031111 -0.102262 -0.082719
v -0.002138 -0.103464 -0.112939
v 0.042544 -0.093763 -0.050207
v 0.048473 -0.134184 -0.053051
v 0.031111 -0.102262 -0.082719
v 0.031111 -0.102262 -0.082719
v 0.048473 -0.134184 -0.053051
v 0.031467 -0.140830 -0.079366
v 0.042544 -0.093763 -0.050207
v 0.050071 -0.128328 -0.013291
v 0.048473 -0.134184 -0.053051
v 0.031111 -0.102262 -0.082719
v 0.031467 -0.140830 -0.079366
v -0.002138 -0.103464 -0.112939
v -0.002138 -0.103464 -0.112939
v 0.031467 -0.140830 -0.079366
v -0.003870 -0.146119 -0.103637
v -0.002138 -0.103464 -0.112939
v -0.003870 -0.146119 -0.103637
v -0.045017 -0.107486 -0.126890
v 0.048473 -0.134184 -0.053051
v 0.052206 -0.218415 -0.040680
v 0.031467 -0.140830 -0.079366
v 0.031467 -0.140830 -0.079366
v 0.052206 -0.218415 -0.040680
v 0.024280 -0.217267 -0.076172
v -0.003870 -0.146119 -0.103637
v -0.007953 -0.208302 -0.087259
v -0.050889 -0.149438 -0.119156
v 0.031467 -0.140830 -0.079366
v 0.024280 -0.217267 -0.076172
v -0.003870 -0.146119 -0.103637
v -0.003870 -0.146119 -0.103637
v 0.024280 -0.217267 -0.076172
v -0.007953 -0.208302 -0.087259
v -0.080178 -0.270098 -0.018142
v -0.074445 -0.188668 -0.091269
v -0.060639 -0.274221 -0.084451
v 0.005706 -0.184389 0.068815
v 0.008933 -0.257581 0.074139
v 0.040679 -0.203403 0.043086
v 0.040679 -0.203403 0.043086
v 0.008933 -0.257581 0.074139
v 0.045203 -0.261462 0.045660
v 0.009939 -0.115018 0.054193
v 0.011833 -0.091743 0.047850
v -0.017507 -0.101148 0.062376
v 0.011833 -0.091743 0.047850
v 0.003651 -0.075240 0.050068
v -0.017507 -0.101148 0.062376
v -0.007953 -0.208302 -0.087259
v -0.060639 -0.274221 -0.084451
v -0.074445 -0.188668 -0.091269
v -0.060639 -0.274221 -0.084451
v -0.007953 -0.208302 -0.087259
v -0.004468 -0.275068 -0.087482
v -0.090758 -0.180946 -0.016553
v -0.070378 -0.267086 0.050370
v -0.081174 -0.170704 0.057719
v -0.070378 -0.267086 0.050370
v -0.090758 -0.180946 -0.016553
v -0.080178 -0.270098 -0.018142
v 0.052206 -0.218415 -0.040680
v 0.028926 -0.275270 -0.075041
v 0.024280 -0.217267 -0.076172
v 0.028926 -0.275270 -0.075041
v 0.052206 -0.218415 -0.040680
v 0.057538 -0.271891 -0.036549
v -0.081174 -0.170704 0.057719
v -0.037338 -0.260867 0.079551
v -0.039250 -0.151664 0.075593
v -0.037338 -0.260867 0.079551
v -0.081174 -0.170704 0.057719
v -0.070378 -0.267086 0.050370
v 0.028926 -0.275270 -0.075041
v 0.004939 -0.367408 -0.084024
v -0.004468 -0.275068 -0.087482
v 0.004939 -0.367408 -0.084024
v 0.028926 -0.275270 -0.075041
v 0.039989 -0.364928 -0.069936
v -0.070378 -0.267086 0.050370
v -0.026127 -0.364687 0.071751
v -0.037338 -0.260867 0.079551
v -0.026127 -0.364687 0.071751
v -0.070378 -0.267086 0.050370
v -0.054367 -0.368338 0.033944
v 0.066661 -0.266975 0.004862
v 0.068743 -0.360144 0.005739
v 0.057538 -0.271891 -0.036549
v 0.057538 -0.271891 -0.036549
v 0.068743 -0.360144 0.005739
v 0.062405 -0.361758 -0.033999
v -0.037338 -0.260867 0.079551
v 0.012558 -0.360829 0.067862
v 0.008933 -0.257581 0.074139
v 0.012558 -0.360829 0.067862
v -0.037338 -0.260867 0.079551
v -0.026127 -0.364687 0.071751
v 0.008933 -0.257581 0.074139
v 0.012558 -0.360829 0.067862
v 0.045203 -0.261462 0.045660
v 0.045203 -0.261462 0.045660
v 0.012558 -0.360829 0.067862
v 0.048814 -0.360456 0.045233
v -0.060639 -0.274221 -0.084451
v -0.064453 -0.369802 -0.025927
v -0.080178 -0.270098 -0.018142
v -0.064453 -0.369802 -0.025927
v -0.060639 -0.274221 -0.084451
v -0.045643 -0.370236 -0.084849
v -0.017507 -0.101148 0.062376
v -0.039250 -0.151664 0.075593
v 0.009939 -0.115018 0.054193
v 0.005706 -0.184389 0.068815
v 0.009939 -0.115018 0.054193
v -0.039250 -0.151664 0.075593
v 0.066431 -0.448418 0.005460
v 0.046849 -0.455848 0.035457
v 0.064066 -0.487727 0.006210
v 0.046849 -0.455848 0.035457
v 0.045518 -0.494647 0.035772
v 0.064066 -0.487727 0.006210
v 0.046849 -0.455848 0.035457
v 0.048814 -0.360456 0.045233
v 0.012558 -0.360829 0.067862
v 0.012558 -0.360829 0.067862
v 0.018863 -0.461013 0.056105
v 0.046849 -0.455848 0.035457
v 0.057268 -0.445692 -0.031867
v 0.042191 -0.480171 -0.067858
v 0.042279 -0.444707 -0.067794
v 0.042191 -0.480171 -0.067858
v 0.057268 -0.445692 -0.031867
v 0.055534 -0.483335 -0.033717
v 0.009069 -0.445719 -0.081514
v -0.033616 -0.479690 -0.083383
v -0.036487 -0.447088 -0.083547
v -0.033616 -0.479690 -0.083383
v 0.009069 -0.445719 -0.081514
v 0.010107 -0.479828 -0.081204
v -0.039250 -0.151664 0.075593
v -0.037338 -0.260867 0.079551
v 0.005706 -0.184389 0.068815
v 0.005706 -0.184389 0.068815
v -0.037338 -0.260867 0.079551
v 0.008933 -0.257581 0.074139
v -0.052716 -0.450607 -0.021961
v -0.036487 -0.447088 -0.083547
v -0.033616 -0.479690 -0.083383
v -0.052716 -0.450607 -0.021961
v -0.033616 -0.479690 -0.083383
v -0.048489 -0.485125 -0.018350
v -0.064453 -0.369802 -0.025927
v -0.043728 -0.448355 0.026774
v -0.054367 -0.368338 0.033944
v -0.043728 -0.448355 0.026774
v -0.064453 -0.369802 -0.025927
v -0.052716 -0.450607 -0.021961
v 0.042279 -0.444707 -0.067794
v 0.010107 -0.479828 -0.081204
v 0.009069 -0.445719 -0.081514
v 0.010107 -0.479828 -0.081204
v 0.042279 -0.444707 -0.067794
v 0.042191 -0.480171 -0.067858
v 0.045203 -0.261462 0.045660
v 0.048814 -0.360456 0.045233
v 0.066661 -0.266975 0.004862
v 0.066661 -0.266975 0.004862
v 0.048814 -0.360456 0.045233
v 0.068743 -0.360144 0.005739
v -0.004468 -0.275068 -0.087482
v -0.045643 -0.370236 -0.084849
v -0.060639 -0.274221 -0.084451
v -0.045643 -0.370236 -0.084849
v -0.004468 -0.275068 -0.087482
v 0.004939 -0.367408 -0.084024
v -0.054367 -0.368338 0.033944
v -0.012210 -0.458334 0.057248
v -0.026127 -0.364687 0.071751
v -0.012210 -0.458334 0.057248
v -0.054367 -0.368338 0.033944
v -0.043728 -0.448355 0.026774
v -0.031490 -0.005552 0.068676
v -0.062536 -0.005552 0.081096
v -0.036206 -0.026273 0.072837
v 0.008984 -0.005552 0.020676
v -0.031490 -0.005552 0.068676
v -0.007587 -0.036433 0.049760
v -0.007587 -0.036433 0.049760
v -0.031490 -0.005552 0.068676
v -0.036206 -0.026273 0.072837
v 0.024681 -0.038395 0.011655
v -0.007587 -0.036433 0.049760
v 0.016791 -0.053461 0.030728
v -0.007587 -0.036433 0.049760
v 0.024681 -0.038395 0.011655
v 0.008984 -0.005552 0.020676
v 0.033756 -0.120329 0.030720
v 0.034191 -0.065042 0.001135
v 0.026741 -0.071827 0.030223
v 0.034191 -0.065042 0.001135
v 0.033756 -0.120329 0.030720
v 0.050071 -0.128328 -0.013291
v 0.034191 -0.065042 0.001135
v 0.016791 -0.053461 0.030728
v 0.026741 -0.071827 0.030223
v 0.016791 -0.053461 0.030728
v 0.034191 -0.065042 0.001135
v 0.024681 -0.038395 0.011655
v 0.033756 -0.120329 0.030720
v 0.040679 -0.203403 0.043086
v 0.050071 -0.128328 -0.013291
v 0.050071 -0.128328 -0.013291
v 0.040679 -0.203403 0.043086
v 0.059636 -0.212887 -0.002966
v 0.040679 -0.203403 0.043086
v 0.045203 -0.261462 0.045660
v 0.059636 -0.212887 -0.002966
v 0.059636 -0.212887 -0.002966
v 0.045203 -0.261462 0.045660
v 0.066661 -0.266975 0.004862
v 0.018863 -0.461013 0.056105
v -0.005504 -0.500329 0.056035
v 0.022305 -0.500524 0.055241
v -0.005504 -0.500329 0.056035
v 0.018863 -0.461013 0.056105
v -0.012210 -0.458334 0.057248
v 0.012558 -0.360829 0.067862
v -0.012210 -0.458334 0.057248
v 0.018863 -0.461013 0.056105
v -0.012210 -0.458334 0.057248
v 0.012558 -0.360829 0.067862
v -0.026127 -0.364687 0.071751
v 0.039989 -0.364928 -0.069936
v 0.042279 -0.444707 -0.067794
v 0.004939 -0.367408 -0.084024
v 0.004939 -0.367408 -0.084024
v 0.042279 -0.444707 -0.067794
v 0.009069 -0.445719 -0.081514
v -0.012434 -0.529368 0.050850
v 0.022305 -0.500524 0.055241
v -0.005504 -0.500329 0.056035
v 0.022305 -0.500524 0.055241
v -0.012434 -0.529368 0.050850
v 0.021743 -0.539649 0.054003
v 0.022305 -0.500524 0.055241
v 0.048648 -0.531991 0.031383
v 0.045518 -0.494647 0.035772
v 0.048648 -0.531991 0.031383
v 0.022305 -0.500524 0.055241
v 0.021743 -0.539649 0.054003
v -0.012210 -0.458334 0.057248
v -0.043728 -0.448355 0.026774
v -0.040158 -0.482103 0.031308
v -0.040158 -0.482103 0.031308
v -0.005504 -0.500329 0.056035
v -0.012210 -0.458334 0.057248
v -0.014192 -0.572603 0.040340
v -0.014593 -0.620931 0.035361
v 0.020299 -0.576805 0.042736
v 0.020299 -0.576805 0.042736
v -0.014593 -0.620931 0.035361
v 0.020813 -0.621634 0.044263
v 0.055125 -0.555166 -0.032386
v 0.044666 -0.616235 -0.063896
v 0.043702 -0.552353 -0.066492
v 0.044666 -0.616235 -0.063896
v 0.055125 -0.555166 -0.032386
v 0.058009 -0.617181 -0.031609
v -0.037600 -0.559851 0.017212
v -0.038052 -0.619844 0.015403
v -0.014192 -0.572603 0.040340
v -0.014192 -0.572603 0.040340
v -0.038052 -0.619844 0.015403
v -0.014593 -0.620931 0.035361
v 0.060872 -0.560565 -0.001642
v 0.058009 -0.617181 -0.031609
v 0.055125 -0.555166 -0.032386
v 0.058009 -0.617181 -0.031609
v 0.060872 -0.560565 -0.001642
v 0.063999 -0.618829 -0.001763
v 0.012509 -0.552388 -0.082074
v 0.014188 -0.616806 -0.084455
v -0.029666 -0.555364 -0.082404
v -0.029666 -0.555364 -0.082404
v 0.014188 -0.616806 -0.084455
v -0.034304 -0.619302 -0.082466
v 0.020299 -0.576805 0.042736
v 0.051892 -0.619771 0.022322
v 0.051200 -0.566621 0.026338
v 0.051892 -0.619771 0.022322
v 0.020299 -0.576805 0.042736
v 0.020813 -0.621634 0.044263
v -0.029666 -0.555364 -0.082404
v -0.041506 -0.621587 -0.027211
v -0.038620 -0.555391 -0.018790
v -0.041506 -0.621587 -0.027211
v -0.029666 -0.555364 -0.082404
v -0.034304 -0.619302 -0.082466
v -0.038620 -0.555391 -0.018790
v -0.038052 -0.619844 0.015403
v -0.037600 -0.559851 0.017212
v -0.038052 -0.619844 0.015403
v -0.038620 -0.555391 -0.018790
v -0.041506 -0.621587 -0.027211
v -0.048489 -0.485125 -0.018350
v -0.039731 -0.524597 0.026777
v -0.040158 -0.482103 0.031308
v -0.039731 -0.524597 0.026777
v -0.048489 -0.485125 -0.018350
v -0.043145 -0.523171 -0.018588
v 0.043702 -0.552353 -0.066492
v 0.014188 -0.616806 -0.084455
v 0.012509 -0.552388 -0.082074
v 0.014188 -0.616806 -0.084455
v 0.043702 -0.552353 -0.066492
v 0.044666 -0.616235 -0.063896
v -0.033616 -0.479690 -0.083383
v -0.031113 -0.523807 -0.082763
v -0.048489 -0.485125 -0.018350
v -0.048489 -0.485125 -0.018350
v -0.031113 -0.523807 -0.082763
v -0.043145 -0.523171 -0.018588
v 0.021743 -0.539649 0.054003
v 0.051200 -0.566621 0.026338
v 0.048648 -0.531991 0.031383
v 0.051200 -0.566621 0.026338
v 0.021743 -0.539649 0.054003
v 0.020299 -0.576805 0.042736
v 0.010107 -0.479828 -0.081204
v -0.031113 -0.523807 -0.082763
v -0.033616 -0.479690 -0.083383
v -0.031113 -0.523807 -0.082763
v 0.010107 -0.479828 -0.081204
v 0.011697 -0.523861 -0.081780
v 0.050071 -0.128328 -0.013291
v 0.059636 -0.212887 -0.002966
v 0.048473 -0.134184 -0.053051
v 0.048473 -0.134184 -0.053051
v 0.059636 -0.212887 -0.002966
v 0.052206 -0.218415 -0.040680
v -0.039731 -0.524597 0.026777
v -0.037600 -0.559851 0.017212
v -0.012434 -0.529368 0.050850
v -0.014192 -0.572603 0.040340
v -0.012434 -0.529368 0.050850
v -0.037600 -0.559851 0.017212
v 0.055534 -0.483335 -0.033717
v 0.043203 -0.524669 -0.066925
v 0.042191 -0.480171 -0.067858
v 0.043203 -0.524669 -0.066925
v 0.055534 -0.483335 -0.033717
v 0.054521 -0.525960 -0.032270
v -0.012434 -0.529368 0.050850
v -0.014192 -0.572603 0.040340
v 0.021743 -0.539649 0.054003
v 0.021743 -0.539649 0.054003
v -0.014192 -0.572603 0.040340
v 0.020299 -0.576805 0.042736
v -0.010397 -0.895879 -0.036408
v 0.017094 -0.897504 -0.060823
v 0.014852 -0.895745 -0.043135
v 0.017094 -0.897504 -0.060823
v -0.010397 -0.895879 -0.036408
v -0.021735 -0.897092 -0.058694
v 0.042191 -0.480171 -0.067858
v 0.011697 -0.523861 -0.081780
v 0.010107 -0.479828 -0.081204
v 0.011697 -0.523861 -0.081780
v 0.042191 -0.480171 -0.067858
v 0.043203 -0.524669 -0.066925
v 0.067197 -0.896436 0.014887
v 0.034269 -0.896785 -0.009077
v 0.062881 -0.896461 -0.018203
v 0.034269 -0.896785 -0.009077
v 0.067197 -0.896436 0.014887
v 0.046167 -0.895880 0.025569
v 0.046167 -0.895880 0.025569
v 0.067197 -0.896436 0.014887
v 0.057734 -0.897053 0.040388
v 0.005857 -0.895959 0.030574
v -0.026644 -0.896109 0.016616
v -0.002181 -0.896269 0.006996
v -0.026644 -0.896109 0.016616
v 0.005857 -0.895959 0.030574
v -0.004145 -0.896879 0.041492
v 0.058009 -0.617181 -0.031609
v 0.053632 -0.888935 -0.052416
v 0.044666 -0.616235 -0.063896
v 0.053632 -0.888935 -0.052416
v 0.058009 -0.617181 -0.031609
v 0.069450 -0.889173 -0.022483
v 0.014188 -0.616806 -0.084455
v 0.018501 -0.888937 -0.073235
v -0.034304 -0.619302 -0.082466
v -0.034304 -0.619302 -0.082466
v 0.018501 -0.888937 -0.073235
v -0.027933 -0.888937 -0.070711
v -0.041506 -0.621587 -0.027211
v -0.033922 -0.888919 0.018962
v -0.038052 -0.619844 0.015403
v -0.033922 -0.888919 0.018962
v -0.041506 -0.621587 -0.027211
v -0.037332 -0.888947 -0.026750
v 0.018501 -0.888937 -0.073235
v 0.014188 -0.616806 -0.084455
v 0.044666 -0.616235 -0.063896
v 0.044666 -0.616235 -0.063896
v 0.053632 -0.888935 -0.052416
v 0.018501 -0.888937 -0.073235
v -0.026644 -0.896109 0.016616
v -0.008907 -0.896289 -0.012579
v -0.002181 -0.896269 0.006996
v -0.026644 -0.896109 0.016616
v -0.029419 -0.896219 -0.022738
v -0.008907 -0.896289 -0.012579
v 0.017094 -0.897504 -0.060823
v 0.044252 -0.896194 -0.024964
v 0.014852 -0.895745 -0.043135
v 0.044252 -0.896194 -0.024964
v 0.017094 -0.897504 -0.060823
v 0.061795 -0.895988 -0.034476
v 0.062881 -0.896461 -0.018203
v 0.044252 -0.896194 -0.024964
v 0.061795 -0.895988 -0.034476
v 0.044252 -0.896194 -0.024964
v 0.062881 -0.896461 -0.018203
v 0.034269 -0.896785 -0.009077
v 0.020813 -0.621634 0.044263
v -0.009221 -0.888933 0.046184
v 0.025180 -0.888942 0.057945
v -0.009221 -0.888933 0.046184
v 0.020813 -0.621634 0.044263
v -0.014593 -0.620931 0.035361
v 0.077042 -0.888929 0.017340
v 0.063999 -0.618829 -0.001763
v 0.051892 -0.619771 0.022322
v 0.051892 -0.619771 0.022322
v 0.063902 -0.888934 0.047668
v 0.077042 -0.888929 0.017340
v -0.041506 -0.621587 -0.027211
v -0.027933 -0.888937 -0.070711
v -0.037332 -0.888947 -0.026750
v -0.027933 -0.888937 -0.070711
v -0.041506 -0.621587 -0.027211
v -0.034304 -0.619302 -0.082466
v 0.005857 -0.895959 0.030574
v 0.025845 -0.897217 0.051831
v -0.004145 -0.896879 0.041492
v 0.025845 -0.897217 0.051831
v 0.005857 -0.895959 0.030574
v 0.026850 -0.895835 0.038826
v 0.020813 -0.621634 0.044263
v 0.025180 -0.888942 0.057945
v 0.051892 -0.619771 0.022322
v 0.025180 -0.888942 0.057945
v 0.063902 -0.888934 0.047668
v 0.051892 -0.619771 0.022322
v -0.014593 -0.620931 0.035361
v -0.033922 -0.888919 0.018962
v -0.009221 -0.888933 0.046184
v -0.033922 -0.888919 0.018962
v -0.014593 -0.620931 0.035361
v -0.038052 -0.619844 0.015403
v -0.080178 -0.270098 -0.018142
v -0.054367 -0.368338 0.033944
v -0.070378 -0.267086 0.050370
v -0.054367 -0.368338 0.033944
v -0.080178 -0.270098 -0.018142
v -0.064453 -0.369802 -0.025927
v -0.037332 -0.888947 -0.026750
v -0.027933 -0.888937 -0.070711
v -0.021735 -0.897092 -0.058694
v -0.037332 -0.888947 -0.026750
v -0.021735 -0.897092 -0.058694
v -0.029419 -0.896219 -0.022738
v -0.021735 -0.897092 -0.058694
v 0.018501 -0.888937 -0.073235
v 0.017094 -0.897504 -0.060823
v 0.018501 -0.888937 -0.073235
v -0.021735 -0.897092 -0.058694
v -0.027933 -0.888937 -0.070711
v 0.057734 -0.897053 0.040388
v 0.067197 -0.896436 0.014887
v 0.077042 -0.888929 0.017340
v 0.057734 -0.897053 0.040388
v 0.077042 -0.888929 0.017340
v 0.063902 -0.888934 0.047668
v 0.025180 -0.888942 0.057945
v 0.057734 -0.897053 0.040388
v 0.063902 -0.888934 0.047668
v 0.057734 -0.897053 0.040388
v 0.025180 -0.888942 0.057945
v 0.025845 -0.897217 0.051831
v 0.025180 -0.888942 0.057945
v -0.009221 -0.888933 0.046184
v -0.004145 -0.896879 0.041492
v 0.025180 -0.888942 0.057945
v -0.004145 -0.896879 0.041492
v 0.025845 -0.897217 0.051831
v 0.053632 -0.888935 -0.052416
v 0.069450 -0.889173 -0.022483
v 0.061795 -0.895988 -0.034476
v 0.062881 -0.896461 -0.018203
v 0.061795 -0.895988 -0.034476
v 0.069450 -0.889173 -0.022483
v -0.033922 -0.888919 0.018962
v -0.029419 -0.896219 -0.022738
v -0.026644 -0.896109 0.016616
v -0.033922 -0.888919 0.018962
v -0.037332 -0.888947 -0.026750
v -0.029419 -0.896219 -0.022738
v -0.009221 -0.888933 0.046184
v -0.033922 -0.888919 0.018962
v -0.026644 -0.896109 0.016616
v -0.026644 -0.896109 0.016616
v -0.004145 -0.896879 0.041492
v -0.009221 -0.888933 0.046184
v 0.017094 -0.897504 -0.060823
v 0.053632 -0.888935 -0.052416
v 0.061795 -0.895988 -0.034476
v 0.053632 -0.888935 -0.052416
v 0.017094 -0.897504 -0.060823
v 0.018501 -0.888937 -0.073235
v -0.029419 -0.896219 -0.022738
v -0.010397 -0.895879 -0.036408
v -0.008907 -0.896289 -0.012579
v -0.010397 -0.895879 -0.036408
v -0.029419 -0.896219 -0.022738
v -0.021735 -0.897092 -0.058694
v -0.010397 -0.895879 -0.036408
v 0.014852 -0.895745 -0.043135
v 0.016414 -0.896070 -0.025172
v 0.026850 -0.895835 0.038826
v 0.005857 -0.895959 0.030574
v 0.016414 -0.896070 -0.025172
v -0.002181 -0.896269 0.006996
v -0.008907 -0.896289 -0.012579
v 0.016414 -0.896070 -0.025172
v 0.046167 -0.895880 0.025569
v 0.026850 -0.895835 0.038826
v 0.016414 -0.896070 -0.025172
v -0.008907 -0.896289 -0.012579
v -0.010397 -0.895879 -0.036408
v 0.016414 -0.896070 -0.025172
v 0.014852 -0.895745 -0.043135
v 0.044252 -0.896194 -0.024964
v 0.016414 -0.896070 -0.025172
v 0.034269 -0.896785 -0.009077
v 0.046167 -0.895880 0.025569
v 0.016414 -0.896070 -0.025172
v 0.005857 -0.895959 0.030574
v -0.002181 -0.896269 0.006996
v 0.016414 -0.896070 -0.025172
v 0.044252 -0.896194 -0.024964
v 0.034269 -0.896785 -0.009077
v 0.016414 -0.896070 -0.025172
v 0.020016 -0.005552 -0.012698
v 0.003194 -0.003703 -0.054793
v 0.010065 -0.003703 -0.012127
v 0.003194 -0.003703 -0.054793
v 0.020016 -0.005552 -0.012698
v 0.012016 -0.005552 -0.060117
v -0.041685 -0.005552 -0.096885
v 0.003194 -0.003703 -0.054793
v 0.012016 -0.005552 -0.060117
v -0.034171 -0.003703 0.061089
v 0.008984 -0.005552 0.020676
v 0.000590 -0.003703 0.017901
v 0.008984 -0.005552 0.020676
v -0.034171 -0.003703 0.061089
v -0.031490 -0.005552 0.068676
v 0.010065 -0.003703 -0.012127
v 0.008984 -0.005552 0.020676
v 0.020016 -0.005552 -0.012698
v 0.008984 -0.005552 0.020676
v 0.010065 -0.003703 -0.012127
v 0.000590 -0.003703 0.017901
v -0.060835 -0.003703 0.072265
v -0.031490 -0.005552 0.068676
v -0.034171 -0.003703 0.061089
v -0.034171 -0.003703 0.061089
v 0.000590 -0.003703 0.017901
v -0.019104 0.000000 0.015154
v -0.016942 0.000000 -0.045192
v 0.010065 -0.003703 -0.012127
v 0.003194 -0.003703 -0.054793
v -0.011238 0.000000 -0.009774
v 0.000590 -0.003703 0.017901
v 0.010065 -0.003703 -0.012127
v 0.054521 -0.525960 -0.032270
v 0.043702 -0.552353 -0.066492
v 0.043203 -0.524669 -0.066925
v 0.043702 -0.552353 -0.066492
v 0.054521 -0.525960 -0.032270
v 0.055125 -0.555166 -0.032386
v 0.011697 -0.523861 -0.081780
v -0.029666 -0.555364 -0.082404
v -0.031113 -0.523807 -0.082763
v -0.029666 -0.555364 -0.082404
v 0.011697 -0.523861 -0.081780
v 0.012509 -0.552388 -0.082074
v 0.059624 -0.528162 -0.002730
v 0.055125 -0.555166 -0.032386
v 0.054521 -0.525960 -0.032270
v 0.055125 -0.555166 -0.032386
v 0.059624 -0.528162 -0.002730
v 0.060872 -0.560565 -0.001642
v 0.043203 -0.524669 -0.066925
v 0.012509 -0.552388 -0.082074
v 0.011697 -0.523861 -0.081780
v 0.012509 -0.552388 -0.082074
v 0.043203 -0.524669 -0.066925
v 0.043702 -0.552353 -0.066492
v 0.064066 -0.487727 0.006210
v 0.054521 -0.525960 -0.032270
v 0.055534 -0.483335 -0.033717
v 0.054521 -0.525960 -0.032270
v 0.064066 -0.487727 0.006210
v 0.059624 -0.528162 -0.002730
v 0.052206 -0.218415 -0.040680
v 0.066661 -0.266975 0.004862
v 0.057538 -0.271891 -0.036549
v 0.066661 -0.266975 0.004862
v 0.052206 -0.218415 -0.040680
v 0.059636 -0.212887 -0.002966
v 0.068743 -0.360144 0.005739
v 0.057268 -0.445692 -0.031867
v 0.062405 -0.361758 -0.033999
v 0.057268 -0.445692 -0.031867
v 0.068743 -0.360144 0.005739
v 0.066431 -0.448418 0.005460
v 0.028926 -0.275270 -0.075041
v 0.062405 -0.361758 -0.033999
v 0.039989 -0.364928 -0.069936
v 0.062405 -0.361758 -0.033999
v 0.028926 -0.275270 -0.075041
v 0.057538 -0.271891 -0.036549
v -0.031113 -0.523807 -0.082763
v -0.038620 -0.555391 -0.018790
v -0.043145 -0.523171 -0.018588
v -0.038620 -0.555391 -0.018790
v -0.031113 -0.523807 -0.082763
v -0.029666 -0.555364 -0.082404
v 0.066431 -0.448418 0.005460
v 0.055534 -0.483335 -0.033717
v 0.057268 -0.445692 -0.031867
v 0.055534 -0.483335 -0.033717
v 0.066431 -0.448418 0.005460
v 0.064066 -0.487727 0.006210
v -0.043145 -0.523171 -0.018588
v -0.037600 -0.559851 0.017212
v -0.039731 -0.524597 0.026777
v -0.037600 -0.559851 0.017212
v -0.043145 -0.523171 -0.018588
v -0.038620 -0.555391 -0.018790
v -0.005504 -0.500329 0.056035
v -0.040158 -0.482103 0.031308
v -0.039731 -0.524597 0.026777
v -0.005504 -0.500329 0.056035
v -0.039731 -0.524597 0.026777
v -0.012434 -0.529368 0.050850
v 0.046849 -0.455848 0.035457
v 0.018863 -0.461013 0.056105
v 0.045518 -0.494647 0.035772
v 0.018863 -0.461013 0.056105
v 0.022305 -0.500524 0.055241
v 0.045518 -0.494647 0.035772
v -0.043728 -0.448355 0.026774
v -0.048489 -0.485125 -0.018350
v -0.040158 -0.482103 0.031308
v -0.048489 -0.485125 -0.018350
v -0.043728 -0.448355 0.026774
v -0.052716 -0.450607 -0.021961
v -0.045643 -0.370236 -0.084849
v -0.036487 -0.447088 -0.083547
v -0.064453 -0.369802 -0.025927
v -0.064453 -0.369802 -0.025927
v -0.036487 -0.447088 -0.083547
v -0.052716 -0.450607 -0.021961
v 0.004939 -0.367408 -0.084024
v -0.036487 -0.447088 -0.083547
v -0.045643 -0.370236 -0.084849
v -0.036487 -0.447088 -0.083547
v 0.004939 -0.367408 -0.084024
v 0.009069 -0.445719 -0.081514
v 0.062405 -0.361758 -0.033999
v 0.057268 -0.445692 -0.031867
v 0.039989 -0.364928 -0.069936
v 0.039989 -0.364928 -0.069936
v 0.057268 -0.445692 -0.031867
v 0.042279 -0.444707 -0.067794
v 0.066431 -0.448418 0.005460
v 0.068743 -0.360144 0.005739
v 0.048814 -0.360456 0.045233
v 0.048814 -0.360456 0.045233
v 0.046849 -0.455848 0.035457
v 0.066431 -0.448418 0.005460
v 0.059624 -0.528162 -0.002730
v 0.045518 -0.494647 0.035772
v 0.048648 -0.531991 0.031383
v 0.045518 -0.494647 0.035772
v 0.059624 -0.528162 -0.002730
v 0.064066 -0.487727 0.006210
v 0.051200 -0.566621 0.026338
v 0.063999 -0.618829 -0.001763
v 0.060872 -0.560565 -0.001642
v 0.063999 -0.618829 -0.001763
v 0.051200 -0.566621 0.026338
v 0.051892 -0.619771 0.022322
v 0.062881 -0.896461 -0.018203
v 0.077042 -0.888929 0.017340
v 0.067197 -0.896436 0.014887
v 0.069450 -0.889173 -0.022483
v 0.077042 -0.888929 0.017340
v 0.062881 -0.896461 -0.018203
v 0.048648 -0.531991 0.031383
v 0.060872 -0.560565 -0.001642
v 0.059624 -0.528162 -0.002730
v 0.060872 -0.560565 -0.001642
v 0.048648 -0.531991 0.031383
v 0.051200 -0.566621 0.026338
v 0.069450 -0.889173 -0.022483
v 0.058009 -0.617181 -0.031609
v 0.063999 -0.618829 -0.001763
v 0.063999 -0.618829 -0.001763
v 0.077042 -0.888929 0.017340
v 0.069450 -0.889173 -0.022483
v -0.042970 -0.016080 -0.011547
v -0.104012 -0.013097 -0.060109
v -0.035760 -0.016066 -0.057303
v -0.007430 -0.016663 -0.034799
v -0.042970 -0.016080 -0.011547
v -0.035760 -0.016066 -0.057303
v -0.042970 -0.016080 -0.011547
v -0.007430 -0.016663 -0.034799
v -0.016547 -0.016932 -0.007447
v -0.016547 -0.016932 -0.007447
v -0.002526 -0.018039 -0.005346
v -0.009288 -0.019419 0.015383
v -0.024369 -0.017162 0.016017
v -0.016547 -0.016932 -0.007447
v -0.009288 -0.019419 0.015383
v -0.024369 -0.017162 0.016017
v -0.042970 -0.016080 -0.011547
v -0.016547 -0.016932 -0.007447
v -0.002526 -0.018039 -0.005346
v -0.016547 -0.016932 -0.007447
v -0.007430 -0.016663 -0.034799
v -0.002526 -0.018039 -0.005346
v 0.012746 -0.021537 0.021870
v -0.009288 -0.019419 0.015383
v -0.035760 -0.016066 -0.057303
v 0.015777 -0.017043 -0.059957
v -0.007430 -0.016663 -0.034799
v -0.007430 -0.016663 -0.034799
v 0.023773 -0.019287 -0.011931
v -0.002526 -0.018039 -0.005346
v -0.002339 -0.923674 0.001327
v -0.004269 -0.920889 -0.021782
v -0.008654 -0.963858 -0.024150
v -0.002339 -0.923674 0.001327
v -0.008654 -0.963858 -0.024150
v -0.006375 -0.969733 0.003142
v 0.024157 -0.955237 0.030950
v 0.044022 -0.958048 0.027056
v 0.040332 -0.918135 0.021575
v 0.023512 -0.916801 0.024871
v 0.024157 -0.955237 0.030950
v 0.040332 -0.918135 0.021575
v 0.024157 -0.955237 0.030950
v 0.005546 -0.918795 0.020804
v 0.002938 -0.959442 0.026145
v 0.005546 -0.918795 0.020804
v 0.024157 -0.955237 0.030950
v 0.023512 -0.916801 0.024871
v 0.044831 -0.957859 -0.027068
v 0.043920 -0.920535 -0.004679
v 0.048259 -0.963111 -0.003951
v 0.043920 -0.920535 -0.004679
v 0.044831 -0.957859 -0.027068
v 0.041017 -0.918045 -0.024253
v 0.034267 -0.947153 -0.037234
v 0.041017 -0.918045 -0.024253
v 0.044831 -0.957859 -0.027068
v 0.041017 -0.918045 -0.024253
v 0.034267 -0.947153 -0.037234
v 0.032073 -0.912969 -0.032860
v 0.016491 -0.942267 -0.045027
v -0.000422 -0.949874 -0.036880
v 0.002701 -0.914259 -0.032560
v 0.017022 -0.910653 -0.039459
v 0.016491 -0.942267 -0.045027
v 0.002701 -0.914259 -0.032560
v 0.016491 -0.942267 -0.045027
v 0.032073 -0.912969 -0.032860
v 0.034267 -0.947153 -0.037234
v 0.032073 -0.912969 -0.032860
v 0.016491 -0.942267 -0.045027
v 0.017022 -0.910653 -0.039459
v 0.002938 -0.959442 0.026145
v -0.002339 -0.923674 0.001327
v -0.006375 -0.969733 0.003142
v -0.002339 -0.923674 0.001327
v 0.002938 -0.959442 0.026145
v 0.005546 -0.918795 0.020804
v -0.004269 -0.920889 -0.021782
v -0.000422 -0.949874 -0.036880
v -0.008654 -0.963858 -0.024150
v 0.002701 -0.914259 -0.032560
v -0.000422 -0.949874 -0.036880
v -0.004269 -0.920889 -0.021782
v 0.043920 -0.920535 -0.004679
v 0.044022 -0.958048 0.027056
v 0.048259 -0.963111 -0.003951
v 0.044022 -0.958048 0.027056
v 0.043920 -0.920535 -0.004679
v 0.040332 -0.918135 0.021575
v 0.036103 -0.945660 -0.040749
v 0.016032 -0.940144 -0.049549
v 0.016491 -0.942267 -0.045027
v 0.016491 -0.942267 -0.045027
v 0.034267 -0.947153 -0.037234
v 0.036103 -0.945660 -0.040749
v 0.051818 -0.883465 -0.003354
v 0.047049 -0.880097 0.031552
v 0.040332 -0.918135 0.021575
v 0.051818 -0.883465 -0.003354
v 0.040332 -0.918135 0.021575
v 0.043920 -0.920535 -0.004679
v 0.002701 -0.914259 -0.032560
v -0.004269 -0.920889 -0.021782
v -0.012250 -0.883962 -0.026093
v -0.002983 -0.874659 -0.040423
v 0.002701 -0.914259 -0.032560
v -0.012250 -0.883962 -0.026093
v 0.005546 -0.918795 0.020804
v -0.009685 -0.887870 0.004631
v -0.002339 -0.923674 0.001327
v -0.009685 -0.887870 0.004631
v 0.005546 -0.918795 0.020804
v 0.000799 -0.881024 0.030527
v 0.017022 -0.910653 -0.039459
v 0.036067 -0.872849 -0.040821
v 0.032073 -0.912969 -0.032860
v 0.036067 -0.872849 -0.040821
v 0.017022 -0.910653 -0.039459
v 0.016056 -0.869599 -0.049594
v -0.002983 -0.874659 -0.040423
v 0.017022 -0.910653 -0.039459
v 0.002701 -0.914259 -0.032560
v 0.016056 -0.869599 -0.049594
v 0.017022 -0.910653 -0.039459
v -0.002983 -0.874659 -0.040423
v 0.024157 -0.955237 0.030950
v 0.000728 -0.959536 0.030813
v 0.024687 -0.954787 0.036238
v 0.000728 -0.959536 0.030813
v 0.024157 -0.955237 0.030950
v 0.002938 -0.959442 0.026145
v 0.032073 -0.912969 -0.032860
v 0.047959 -0.879971 -0.029377
v 0.041017 -0.918045 -0.024253
v 0.047959 -0.879971 -0.029377
v 0.032073 -0.912969 -0.032860
v 0.036067 -0.872849 -0.040821
v 0.041017 -0.918045 -0.024253
v 0.051818 -0.883465 -0.003354
v 0.043920 -0.920535 -0.004679
v 0.051818 -0.883465 -0.003354
v 0.041017 -0.918045 -0.024253
v 0.047959 -0.879971 -0.029377
v 0.023512 -0.916801 0.024871
v 0.000799 -0.881024 0.030527
v 0.005546 -0.918795 0.020804
v 0.000799 -0.881024 0.030527
v 0.023512 -0.916801 0.024871
v 0.024686 -0.878226 0.035935
v 0.048031 -0.957748 -0.029271
v 0.036103 -0.945660 -0.040749
v 0.034267 -0.947153 -0.037234
v 0.034267 -0.947153 -0.037234
v 0.044831 -0.957859 -0.027068
v 0.048031 -0.957748 -0.029271
v 0.040332 -0.918135 0.021575
v 0.024686 -0.878226 0.035935
v 0.023512 -0.916801 0.024871
v 0.024686 -0.878226 0.035935
v 0.040332 -0.918135 0.021575
v 0.047049 -0.880097 0.031552
v -0.009786 -0.971155 0.004840
v -0.008654 -0.963858 -0.024150
v -0.012360 -0.964522 -0.025977
v -0.008654 -0.963858 -0.024150
v -0.009786 -0.971155 0.004840
v -0.006375 -0.969733 0.003142
v -0.009685 -0.887870 0.004631
v -0.012250 -0.883962 -0.026093
v -0.004269 -0.920889 -0.021782
v -0.009685 -0.887870 0.004631
v -0.004269 -0.920889 -0.021782
v -0.002339 -0.923674 0.001327
v 0.024687 -0.954787 0.036238
v 0.047117 -0.957962 0.031841
v 0.044022 -0.958048 0.027056
v 0.044022 -0.958048 0.027056
v 0.024157 -0.955237 0.030950
v 0.024687 -0.954787 0.036238
v 0.044022 -0.958048 0.027056
v 0.051901 -0.963679 -0.003169
v 0.048259 -0.963111 -0.003951
v 0.051901 -0.963679 -0.003169
v 0.044022 -0.958048 0.027056
v 0.047117 -0.957962 0.031841
v -0.009786 -0.971155 0.004840
v 0.000728 -0.959536 0.030813
v 0.002938 -0.959442 0.026145
v -0.009786 -0.971155 0.004840
v 0.002938 -0.959442 0.026145
v -0.006375 -0.969733 0.003142
v -0.012360 -0.964522 -0.025977
v -0.000422 -0.949874 -0.036880
v -0.003065 -0.948732 -0.040350
v -0.000422 -0.949874 -0.036880
v -0.012360 -0.964522 -0.025977
v -0.008654 -0.963858 -0.024150
v 0.044831 -0.957859 -0.027068
v 0.051901 -0.963679 -0.003169
v 0.048031 -0.957748 -0.029271
v 0.051901 -0.963679 -0.003169
v 0.044831 -0.957859 -0.027068
v 0.048259 -0.963111 -0.003951
v 0.016491 -0.942267 -0.045027
v -0.003065 -0.948732 -0.040350
v -0.000422 -0.949874 -0.036880
v -0.003065 -0.948732 -0.040350
v 0.016491 -0.942267 -0.045027
v 0.016032 -0.940144 -0.049549
v 0.057522 -0.954997 -0.002559
v 0.052974 -0.948029 -0.033227
v 0.048031 -0.957748 -0.029271
v 0.057522 -0.954997 -0.002559
v 0.048031 -0.957748 -0.029271
v 0.051901 -0.963679 -0.003169
v 0.016032 -0.940144 -0.049549
v -0.007060 -0.937436 -0.046244
v -0.003065 -0.948732 -0.040350
v -0.007060 -0.937436 -0.046244
v 0.016032 -0.940144 -0.049549
v 0.015378 -0.927345 -0.057052
v 0.025547 -0.944550 0.043741
v 0.047117 -0.957962 0.031841
v 0.024687 -0.954787 0.036238
v 0.047117 -0.957962 0.031841
v 0.025547 -0.944550 0.043741
v 0.052784 -0.945877 0.043649
v -0.012360 -0.964522 -0.025977
v -0.014957 -0.963782 0.006851
v -0.009786 -0.971155 0.004840
v -0.014957 -0.963782 0.006851
v -0.012360 -0.964522 -0.025977
v -0.017981 -0.955988 -0.029357
v -0.014957 -0.963782 0.006851
v -0.002603 -0.950129 0.037368
v 0.000728 -0.959536 0.030813
v 0.000728 -0.959536 0.030813
v -0.009786 -0.971155 0.004840
v -0.014957 -0.963782 0.006851
v 0.038960 -0.933826 -0.046713
v 0.016032 -0.940144 -0.049549
v 0.036103 -0.945660 -0.040749
v 0.038960 -0.933826 -0.046713
v 0.015378 -0.927345 -0.057052
v 0.016032 -0.940144 -0.049549
v -0.002603 -0.950129 0.037368
v 0.025547 -0.944550 0.043741
v 0.024687 -0.954787 0.036238
v -0.002603 -0.950129 0.037368
v 0.024687 -0.954787 0.036238
v 0.000728 -0.959536 0.030813
v -0.017981 -0.955988 -0.029357
v -0.003065 -0.948732 -0.040350
v -0.007060 -0.937436 -0.046244
v -0.003065 -0.948732 -0.040350
v -0.017981 -0.955988 -0.029357
v -0.012360 -0.964522 -0.025977
v 0.047117 -0.957962 0.031841
v 0.057522 -0.954997 -0.002559
v 0.051901 -0.963679 -0.003169
v 0.057522 -0.954997 -0.002559
v 0.047117 -0.957962 0.031841
v 0.052784 -0.945877 0.043649
v 0.052974 -0.948029 -0.033227
v 0.038960 -0.933826 -0.046713
v 0.036103 -0.945660 -0.040749
v 0.036103 -0.945660 -0.040749
v 0.048031 -0.957748 -0.029271
v 0.052974 -0.948029 -0.033227
v 0.025547 -0.944550 0.043741
v 0.048723 -0.930401 0.036605
v 0.052784 -0.945877 0.043649
v 0.048723 -0.930401 0.036605
v 0.025547 -0.944550 0.043741
v 0.024328 -0.926830 0.037450
v -0.000815 -0.936467 0.031579
v 0.025547 -0.944550 0.043741
v -0.002603 -0.950129 0.037368
v -0.000815 -0.936467 0.031579
v 0.024328 -0.926830 0.037450
v 0.025547 -0.944550 0.043741
v -0.020088 -0.966511 0.008853
v -0.002603 -0.950129 0.037368
v -0.014957 -0.963782 0.006851
v -0.020088 -0.966511 0.008853
v -0.005908 -0.950842 0.043879
v -0.002603 -0.950129 0.037368
v 0.041795 -0.932130 -0.052624
v 0.014729 -0.924691 -0.064491
v 0.015378 -0.927345 -0.057052
v 0.015378 -0.927345 -0.057052
v 0.038960 -0.933826 -0.046713
v 0.041795 -0.932130 -0.052624
v 0.024328 -0.926830 0.037450
v -0.003856 -0.935161 0.037234
v 0.025001 -0.924100 0.043973
v -0.003856 -0.935161 0.037234
v 0.024328 -0.926830 0.037450
v -0.000815 -0.936467 0.031579
v 0.052784 -0.945877 0.043649
v 0.063099 -0.956429 -0.001947
v 0.057522 -0.954997 -0.002559
v 0.063099 -0.956429 -0.001947
v 0.052784 -0.945877 0.043649
v 0.057661 -0.945961 0.051087
v -0.023558 -0.957566 -0.032703
v -0.007060 -0.937436 -0.046244
v -0.011024 -0.936273 -0.052086
v -0.007060 -0.937436 -0.046244
v -0.023558 -0.957566 -0.032703
v -0.017981 -0.955988 -0.029357
v 0.057880 -0.948431 -0.037146
v 0.041795 -0.932130 -0.052624
v 0.038960 -0.933826 -0.046713
v 0.038960 -0.933826 -0.046713
v 0.052974 -0.948029 -0.033227
v 0.057880 -0.948431 -0.037146
v 0.025001 -0.924100 0.043973
v 0.053001 -0.928199 0.043003
v 0.048723 -0.930401 0.036605
v 0.048723 -0.930401 0.036605
v 0.024328 -0.926830 0.037450
v 0.025001 -0.924100 0.043973
v 0.053001 -0.928199 0.043003
v 0.057661 -0.945961 0.051087
v 0.052784 -0.945877 0.043649
v 0.052784 -0.945877 0.043649
v 0.048723 -0.930401 0.036605
v 0.053001 -0.928199 0.043003
v -0.003856 -0.935161 0.037234
v -0.002603 -0.950129 0.037368
v -0.005908 -0.950842 0.043879
v -0.002603 -0.950129 0.037368
v -0.003856 -0.935161 0.037234
v -0.000815 -0.936467 0.031579
v -0.020088 -0.966511 0.008853
v -0.017981 -0.955988 -0.029357
v -0.023558 -0.957566 -0.032703
v -0.017981 -0.955988 -0.029357
v -0.020088 -0.966511 0.008853
v -0.014957 -0.963782 0.006851
v 0.052974 -0.948029 -0.033227
v 0.063099 -0.956429 -0.001947
v 0.057880 -0.948431 -0.037146
v 0.063099 -0.956429 -0.001947
v 0.052974 -0.948029 -0.033227
v 0.057522 -0.954997 -0.002559
v 0.015378 -0.927345 -0.057052
v -0.011024 -0.936273 -0.052086
v -0.007060 -0.937436 -0.046244
v -0.011024 -0.936273 -0.052086
v 0.015378 -0.927345 -0.057052
v 0.014729 -0.924691 -0.064491
v 0.053001 -0.928199 0.043003
v 0.023862 -0.941460 0.058419
v 0.057661 -0.945961 0.051087
v 0.023862 -0.941460 0.058419
v 0.053001 -0.928199 0.043003
v 0.025001 -0.924100 0.043973
v 0.025001 -0.924100 0.043973
v -0.003856 -0.935161 0.037234
v 0.023862 -0.941460 0.058419
v -0.005908 -0.950842 0.043879
v 0.023862 -0.941460 0.058419
v -0.003856 -0.935161 0.037234
v -0.023558 -0.957566 -0.032703
v -0.010951 -0.984791 -0.055003
v -0.027202 -0.986912 -0.033831
v -0.023558 -0.957566 -0.032703
v -0.011024 -0.936273 -0.052086
v -0.010951 -0.984791 -0.055003
v 0.057880 -0.948431 -0.037146
v 0.065982 -0.980046 -0.005123
v 0.063618 -0.982837 -0.039753
v 0.057880 -0.948431 -0.037146
v 0.063099 -0.956429 -0.001947
v 0.065982 -0.980046 -0.005123
v 0.014264 -0.983328 -0.070883
v 0.041795 -0.932130 -0.052624
v 0.045176 -0.984292 -0.057196
v 0.041795 -0.932130 -0.052624
v 0.014264 -0.983328 -0.070883
v 0.014729 -0.924691 -0.064491
v -0.020088 -0.966511 0.008853
v -0.027202 -0.986912 -0.033831
v -0.024356 -0.984834 0.006704
v -0.020088 -0.966511 0.008853
v -0.023558 -0.957566 -0.032703
v -0.027202 -0.986912 -0.033831
v -0.016271 -0.988332 0.038951
v -0.020088 -0.966511 0.008853
v -0.024356 -0.984834 0.006704
v -0.020088 -0.966511 0.008853
v -0.016271 -0.988332 0.038951
v -0.005908 -0.950842 0.043879
v 0.057880 -0.948431 -0.037146
v 0.045176 -0.984292 -0.057196
v 0.041795 -0.932130 -0.052624
v 0.045176 -0.984292 -0.057196
v 0.057880 -0.948431 -0.037146
v 0.063618 -0.982837 -0.039753
v -0.011024 -0.936273 -0.052086
v 0.014264 -0.983328 -0.070883
v -0.010951 -0.984791 -0.055003
v 0.014729 -0.924691 -0.064491
v 0.014264 -0.983328 -0.070883
v -0.011024 -0.936273 -0.052086
v -0.004062 -1.039363 -0.013086
v 0.022938 -1.039404 0.019378
v -0.001565 -1.039363 0.024903
v 0.022938 -1.039404 0.019378
v -0.004062 -1.039363 -0.013086
v 0.019986 -1.039803 -0.021748
v 0.025106 -1.039380 0.052217
v -0.001565 -1.039363 0.024903
v 0.022938 -1.039404 0.019378
v 0.025106 -1.039380 0.052217
v 0.000997 -1.039363 0.063814
v -0.001565 -1.039363 0.024903
v 0.030510 -0.979878 0.143983
v 0.011571 -0.989394 0.200625
v 0.038169 -0.986131 0.200476
v 0.011571 -0.989394 0.200625
v 0.030510 -0.979878 0.143983
v 0.004706 -0.982940 0.149289
v 0.029903 -1.038884 0.115991
v 0.000997 -1.039363 0.063814
v 0.025106 -1.039380 0.052217
v 0.005874 -1.038881 0.127783
v 0.000997 -1.039363 0.063814
v 0.029903 -1.038884 0.115991
v 0.064769 -1.036843 0.206470
v 0.041578 -1.017350 0.216798
v 0.041747 -1.037053 0.214516
v 0.041578 -1.017350 0.216798
v 0.064769 -1.036843 0.206470
v 0.066210 -1.017340 0.208074
v 0.041578 -1.017350 0.216798
v 0.011571 -0.989394 0.200625
v 0.007088 -1.017362 0.212375
v 0.011571 -0.989394 0.200625
v 0.041578 -1.017350 0.216798
v 0.038169 -0.986131 0.200476
v 0.027108 -0.961784 0.094646
v 0.004706 -0.982940 0.149289
v 0.030510 -0.979878 0.143983
v -0.000242 -0.967695 0.093261
v 0.004706 -0.982940 0.149289
v 0.027108 -0.961784 0.094646
v -0.000242 -0.967695 0.093261
v 0.023862 -0.941460 0.058419
v -0.005908 -0.950842 0.043879
v 0.023862 -0.941460 0.058419
v -0.000242 -0.967695 0.093261
v 0.027108 -0.961784 0.094646
v 0.056222 -0.981606 0.137252
v 0.027108 -0.961784 0.094646
v 0.030510 -0.979878 0.143983
v 0.027108 -0.961784 0.094646
v 0.056222 -0.981606 0.137252
v 0.052848 -0.967585 0.090245
v 0.029903 -1.038884 0.115991
v 0.064769 -1.036843 0.206470
v 0.041747 -1.037053 0.214516
v 0.064769 -1.036843 0.206470
v 0.029903 -1.038884 0.115991
v 0.055861 -1.038881 0.117285
v 0.045637 -1.039363 -0.014613
v 0.022938 -1.039404 0.019378
v 0.019986 -1.039803 -0.021748
v 0.022938 -1.039404 0.019378
v 0.045637 -1.039363 -0.014613
v 0.048042 -1.039363 0.022253
v 0.052848 -0.967585 0.090245
v 0.023862 -0.941460 0.058419
v 0.027108 -0.961784 0.094646
v 0.023862 -0.941460 0.058419
v 0.052848 -0.967585 0.090245
v 0.057661 -0.945961 0.051087
v 0.019986 -1.039803 -0.021748
v 0.014434 -1.037767 -0.069531
v 0.044735 -1.037923 -0.054714
v 0.019986 -1.039803 -0.021748
v 0.044735 -1.037923 -0.054714
v 0.045637 -1.039363 -0.014613
v 0.005874 -1.038881 0.127783
v 0.041747 -1.037053 0.214516
v 0.014252 -1.037331 0.211816
v 0.041747 -1.037053 0.214516
v 0.005874 -1.038881 0.127783
v 0.029903 -1.038884 0.115991
v -0.015065 -1.018797 0.191012
v 0.007088 -1.017362 0.212375
v 0.011571 -0.989394 0.200625
v -0.009495 -1.000600 0.182316
v -0.015065 -1.018797 0.191012
v 0.011571 -0.989394 0.200625
v 0.041578 -1.017350 0.216798
v 0.066210 -1.017340 0.208074
v 0.061492 -0.988307 0.186004
v 0.061492 -0.988307 0.186004
v 0.038169 -0.986131 0.200476
v 0.041578 -1.017350 0.216798
v 0.087544 -1.018456 0.164629
v 0.061492 -0.988307 0.186004
v 0.066210 -1.017340 0.208074
v 0.061492 -0.988307 0.186004
v 0.087544 -1.018456 0.164629
v 0.077048 -1.001049 0.156017
v 0.014252 -1.037331 0.211816
v 0.041578 -1.017350 0.216798
v 0.007088 -1.017362 0.212375
v 0.041578 -1.017350 0.216798
v 0.014252 -1.037331 0.211816
v 0.041747 -1.037053 0.214516
v 0.064769 -1.036843 0.206470
v 0.087544 -1.018456 0.164629
v 0.066210 -1.017340 0.208074
v 0.087544 -1.018456 0.164629
v 0.064769 -1.036843 0.206470
v 0.084525 -1.037298 0.164589
v -0.012265 -1.037169 0.191218
v 0.014252 -1.037331 0.211816
v 0.007088 -1.017362 0.212375
v 0.007088 -1.017362 0.212375
v -0.015065 -1.018797 0.191012
v -0.012265 -1.037169 0.191218
v -0.010287 -1.037595 -0.052547
v -0.004062 -1.039363 -0.013086
v -0.025649 -1.037788 -0.033673
v -0.023974 -1.038047 0.005309
v -0.025649 -1.037788 -0.033673
v -0.004062 -1.039363 -0.013086
v -0.004062 -1.039363 -0.013086
v -0.001565 -1.039363 0.024903
v -0.023974 -1.038047 0.005309
v -0.018906 -1.038168 0.036418
v -0.023974 -1.038047 0.005309
v -0.001565 -1.039363 0.024903
v -0.001565 -1.039363 0.024903
v 0.000997 -1.039363 0.063814
v -0.018906 -1.038168 0.036418
v -0.018439 -1.038107 0.077038
v -0.018906 -1.038168 0.036418
v 0.000997 -1.039363 0.063814
v 0.000997 -1.039363 0.063814
v 0.005874 -1.038881 0.127783
v -0.018439 -1.038107 0.077038
v -0.016802 -1.037535 0.146406
v -0.018439 -1.038107 0.077038
v 0.005874 -1.038881 0.127783
v 0.005874 -1.038881 0.127783
v -0.012265 -1.037169 0.191218
v -0.016802 -1.037535 0.146406
v -0.012265 -1.037169 0.191218
v 0.005874 -1.038881 0.127783
v 0.014252 -1.037331 0.211816
v -0.022791 -1.017402 0.036726
v -0.024356 -0.984834 0.006704
v -0.027623 -1.017424 0.005651
v -0.024356 -0.984834 0.006704
v -0.022791 -1.017402 0.036726
v -0.016271 -0.988332 0.038951
v 0.063618 -0.982837 -0.039753
v 0.068173 -1.017429 -0.008624
v 0.063604 -1.017465 -0.039837
v 0.063618 -0.982837 -0.039753
v 0.065982 -0.980046 -0.005123
v 0.068173 -1.017429 -0.008624
v -0.018906 -1.038168 0.036418
v -0.027623 -1.017424 0.005651
v -0.023974 -1.038047 0.005309
v -0.027623 -1.017424 0.005651
v -0.018906 -1.038168 0.036418
v -0.022791 -1.017402 0.036726
v -0.011093 -1.017634 -0.054957
v -0.027202 -0.986912 -0.033831
v -0.010951 -0.984791 -0.055003
v -0.027202 -0.986912 -0.033831
v -0.011093 -1.017634 -0.054957
v -0.028860 -1.017447 -0.033764
v -0.010287 -1.037595 -0.052547
v -0.028860 -1.017447 -0.033764
v -0.011093 -1.017634 -0.054957
v -0.028860 -1.017447 -0.033764
v -0.010287 -1.037595 -0.052547
v -0.025649 -1.037788 -0.033673
v -0.023974 -1.038047 0.005309
v -0.028860 -1.017447 -0.033764
v -0.025649 -1.037788 -0.033673
v -0.028860 -1.017447 -0.033764
v -0.023974 -1.038047 0.005309
v -0.027623 -1.017424 0.005651
v -0.018439 -1.038107 0.077038
v -0.022791 -1.017402 0.036726
v -0.018906 -1.038168 0.036418
v -0.022791 -1.017402 0.036726
v -0.018439 -1.038107 0.077038
v -0.022270 -1.017415 0.077169
v -0.016802 -1.037535 0.146406
v -0.022270 -1.017415 0.077169
v -0.018439 -1.038107 0.077038
v -0.022270 -1.017415 0.077169
v -0.016802 -1.037535 0.146406
v -0.020565 -1.017387 0.146655
v -0.016802 -1.037535 0.146406
v -0.015065 -1.018797 0.191012
v -0.020565 -1.017387 0.146655
v -0.015065 -1.018797 0.191012
v -0.016802 -1.037535 0.146406
v -0.012265 -1.037169 0.191218
v -0.009495 -1.000600 0.182316
v 0.011571 -0.989394 0.200625
v 0.004706 -0.982940 0.149289
v -0.018366 -0.995144 0.146773
v -0.009495 -1.000600 0.182316
v 0.004706 -0.982940 0.149289
v -0.018366 -0.995144 0.146773
v 0.004706 -0.982940 0.149289
v -0.000242 -0.967695 0.093261
v -0.020006 -0.992965 0.082656
v -0.018366 -0.995144 0.146773
v -0.000242 -0.967695 0.093261
v -0.020006 -0.992965 0.082656
v -0.005908 -0.950842 0.043879
v -0.016271 -0.988332 0.038951
v -0.005908 -0.950842 0.043879
v -0.020006 -0.992965 0.082656
v -0.000242 -0.967695 0.093261
v 0.045176 -0.984292 -0.057196
v 0.063604 -1.017465 -0.039837
v 0.045215 -1.017409 -0.056963
v 0.063618 -0.982837 -0.039753
v 0.063604 -1.017465 -0.039837
v 0.045176 -0.984292 -0.057196
v -0.009495 -1.000600 0.182316
v -0.020565 -1.017387 0.146655
v -0.015065 -1.018797 0.191012
v -0.020565 -1.017387 0.146655
v -0.009495 -1.000600 0.182316
v -0.018366 -0.995144 0.146773
v -0.020565 -1.017387 0.146655
v -0.020006 -0.992965 0.082656
v -0.022270 -1.017415 0.077169
v -0.020006 -0.992965 0.082656
v -0.020565 -1.017387 0.146655
v -0.018366 -0.995144 0.146773
v -0.022270 -1.017415 0.077169
v -0.016271 -0.988332 0.038951
v -0.022791 -1.017402 0.036726
v -0.016271 -0.988332 0.038951
v -0.022270 -1.017415 0.077169
v -0.020006 -0.992965 0.082656
v -0.027623 -1.017424 0.005651
v -0.027202 -0.986912 -0.033831
v -0.028860 -1.017447 -0.033764
v -0.027202 -0.986912 -0.033831
v -0.027623 -1.017424 0.005651
v -0.024356 -0.984834 0.006704
v 0.048042 -1.039363 0.022253
v 0.045637 -1.039363 -0.014613
v 0.064506 -1.038087 -0.008434
v 0.064506 -1.038087 -0.008434
v 0.068836 -1.038077 0.026369
v 0.048042 -1.039363 0.022253
v 0.065982 -0.980046 -0.005123
v 0.072631 -1.017375 0.026184
v 0.068173 -1.017429 -0.008624
v 0.065982 -0.980046 -0.005123
v 0.062525 -0.976627 0.031883
v 0.072631 -1.017375 0.026184
v 0.063099 -0.956429 -0.001947
v 0.062525 -0.976627 0.031883
v 0.065982 -0.980046 -0.005123
v 0.063099 -0.956429 -0.001947
v 0.057661 -0.945961 0.051087
v 0.062525 -0.976627 0.031883
v 0.064506 -1.038087 -0.008434
v 0.072631 -1.017375 0.026184
v 0.068836 -1.038077 0.026369
v 0.072631 -1.017375 0.026184
v 0.064506 -1.038087 -0.008434
v 0.068173 -1.017429 -0.008624
v 0.045215 -1.017409 -0.056963
v 0.060424 -1.037805 -0.039316
v 0.044735 -1.037923 -0.054714
v 0.063604 -1.017465 -0.039837
v 0.060424 -1.037805 -0.039316
v 0.045215 -1.017409 -0.056963
v 0.060424 -1.037805 -0.039316
v 0.068173 -1.017429 -0.008624
v 0.064506 -1.038087 -0.008434
v 0.068173 -1.017429 -0.008624
v 0.060424 -1.037805 -0.039316
v 0.063604 -1.017465 -0.039837
v 0.068836 -1.038077 0.026369
v 0.075548 -1.017339 0.070933
v 0.071711 -1.038138 0.071191
v 0.075548 -1.017339 0.070933
v 0.068836 -1.038077 0.026369
v 0.072631 -1.017375 0.026184
v 0.071711 -1.038138 0.071191
v 0.082348 -1.017619 0.129786
v 0.078411 -1.037598 0.130010
v 0.082348 -1.017619 0.129786
v 0.071711 -1.038138 0.071191
v 0.075548 -1.017339 0.070933
v 0.078411 -1.037598 0.130010
v 0.087544 -1.018456 0.164629
v 0.084525 -1.037298 0.164589
v 0.087544 -1.018456 0.164629
v 0.078411 -1.037598 0.130010
v 0.082348 -1.017619 0.129786
v 0.056222 -0.981606 0.137252
v 0.077048 -1.001049 0.156017
v 0.074216 -0.995724 0.130746
v 0.056222 -0.981606 0.137252
v 0.061492 -0.988307 0.186004
v 0.077048 -1.001049 0.156017
v 0.074216 -0.995724 0.130746
v 0.067422 -0.986026 0.080450
v 0.052848 -0.967585 0.090245
v 0.052848 -0.967585 0.090245
v 0.056222 -0.981606 0.137252
v 0.074216 -0.995724 0.130746
v 0.067422 -0.986026 0.080450
v 0.062525 -0.976627 0.031883
v 0.057661 -0.945961 0.051087
v 0.057661 -0.945961 0.051087
v 0.052848 -0.967585 0.090245
v 0.067422 -0.986026 0.080450
v 0.082348 -1.017619 0.129786
v 0.077048 -1.001049 0.156017
v 0.087544 -1.018456 0.164629
v 0.077048 -1.001049 0.156017
v 0.082348 -1.017619 0.129786
v 0.074216 -0.995724 0.130746
v 0.082348 -1.017619 0.129786
v 0.075548 -1.017339 0.070933
v 0.067422 -0.986026 0.080450
v 0.067422 -0.986026 0.080450
v 0.074216 -0.995724 0.130746
v 0.082348 -1.017619 0.129786
v 0.062525 -0.976627 0.031883
v 0.067422 -0.986026 0.080450
v 0.075548 -1.017339 0.070933
v 0.062525 -0.976627 0.031883
v 0.075548 -1.017339 0.070933
v 0.072631 -1.017375 0.026184
v 0.050599 -1.039363 0.061482
v 0.048042 -1.039363 0.022253
v 0.068836 -1.038077 0.026369
v 0.068836 -1.038077 0.026369
v 0.071711 -1.038138 0.071191
v 0.050599 -1.039363 0.061482
v 0.055861 -1.038881 0.117285
v 0.050599 -1.039363 0.061482
v 0.071711 -1.038138 0.071191
v 0.071711 -1.038138 0.071191
v 0.078411 -1.037598 0.130010
v 0.055861 -1.038881 0.117285
v 0.084525 -1.037298 0.164589
v 0.055861 -1.038881 0.117285
v 0.078411 -1.037598 0.130010
v 0.055861 -1.038881 0.117285
v 0.084525 -1.037298 0.164589
v 0.064769 -1.036843 0.206470
v 0.045637 -1.039363 -0.014613
v 0.044735 -1.037923 -0.054714
v 0.060424 -1.037805 -0.039316
v 0.064506 -1.038087 -0.008434
v 0.045637 -1.039363 -0.014613
v 0.060424 -1.037805 -0.039316
v -0.010287 -1.037595 -0.052547
v 0.019986 -1.039803 -0.021748
v -0.004062 -1.039363 -0.013086
v 0.019986 -1.039803 -0.021748
v -0.010287 -1.037595 -0.052547
v 0.014434 -1.037767 -0.069531
v 0.050599 -1.039363 0.061482
v 0.029903 -1.038884 0.115991
v 0.025106 -1.039380 0.052217
v 0.029903 -1.038884 0.115991
v 0.050599 -1.039363 0.061482
v 0.055861 -1.038881 0.117285
v 0.030510 -0.979878 0.143983
v 0.038169 -0.986131 0.200476
v 0.061492 -0.988307 0.186004
v 0.030510 -0.979878 0.143983
v 0.061492 -0.988307 0.186004
v 0.056222 -0.981606 0.137252
v -0.010951 -0.984791 -0.055003
v 0.014297 -1.017221 -0.070669
v -0.011093 -1.017634 -0.054957
v 0.014264 -0.983328 -0.070883
v 0.014297 -1.017221 -0.070669
v -0.010951 -0.984791 -0.055003
v 0.014297 -1.017221 -0.070669
v 0.045176 -0.984292 -0.057196
v 0.045215 -1.017409 -0.056963
v 0.045176 -0.984292 -0.057196
v 0.014297 -1.017221 -0.070669
v 0.014264 -0.983328 -0.070883
v 0.048042 -1.039363 0.022253
v 0.025106 -1.039380 0.052217
v 0.022938 -1.039404 0.019378
v 0.025106 -1.039380 0.052217
v 0.048042 -1.039363 0.022253
v 0.050599 -1.039363 0.061482
v 0.014297 -1.017221 -0.070669
v 0.044735 -1.037923 -0.054714
v 0.014434 -1.037767 -0.069531
v 0.044735 -1.037923 -0.054714
v 0.014297 -1.017221 -0.070669
v 0.045215 -1.017409 -0.056963
v -0.010287 -1.037595 -0.052547
v 0.014297 -1.017221 -0.070669
v 0.014434 -1.037767 -0.069531
v 0.014297 -1.017221 -0.070669
v -0.010287 -1.037595 -0.052547
v -0.011093 -1.017634 -0.054957
vn 0.905926 0.393987 -0.155150
vn 0.905926 0.393987 -0.155150
vn 0.905926 0.393987 -0.155150
vn 0.905926 0.393987 -0.155150
vn 0.905926 0.393987 -0.155150
vn 0.905926 0.393987 -0.155150
vn -0.035353 -0.996319 -0.078092
vn -0.035353 -0.996319 -0.078092
vn -0.035353 -0.996319 -0.078092
vn -0.035353 -0.996319 -0.078092
vn -0.035353 -0.996319 -0.078092
vn -0.035353 -0.996319 -0.078092
vn 0.495737 0.608897 -0.619265
vn 0.495737 0.608897 -0.619265
vn 0.495737 0.608897 -0.619265
vn 0.303311 0.053322 0.951399
vn 0.303311 0.053322 0.951399
vn 0.303311 0.053322 0.951399
vn 0.618508 -0.013614 0.785661
vn 0.618508 -0.013614 0.785661
vn 0.618508 -0.013614 0.785661
vn 0.618508 -0.013614 0.785661
vn 0.618508 -0.013614 0.785661
vn 0.618508 -0.013614 0.785661
vn 0.535807 -0.093819 0.839112
vn 0.535807 -0.093819 0.839112
vn 0.535807 -0.093819 0.839112
vn 0.535807 -0.093819 0.839112
vn 0.535807 -0.093819 0.839112
vn 0.535807 -0.093819 0.839112
vn 0.339322 0.015260 -0.940547
vn 0.339322 0.015260 -0.940547
vn 0.339322 0.015260 -0.940547
vn 0.339322 0.015260 -0.940547
vn 0.339322 0.015260 -0.940547
vn 0.339322 0.015260 -0.940547
vn 0.922664 0.305519 0.235264
vn 0.922664 0.305519 0.235264
vn 0.922664 0.305519 0.235264
vn 0.922664 0.305519 0.235264
vn 0.922664 0.305519 0.235264
vn 0.922664 0.305519 0.235264
vn 0.610734 0.182979 0.770404
vn 0.610734 0.182979 0.770404
vn 0.610734 0.182979 0.770404
vn 0.610734 0.182979 0.770404
vn 0.610734 0.182979 0.770404
vn 0.610734 0.182979 0.770404
vn 0.168550 0.060515 0.983834
vn 0.168550 0.060515 0.983834
vn 0.168550 0.060515 0.983834
vn 0.168550 0.060515 0.983834
vn 0.168550 0.060515 0.983834
vn 0.168550 0.060515 0.983834
vn 0.407429 0.085575 0.909219
vn 0.407429 0.085575 0.909219
vn 0.407429 0.085575 0.909219
vn 0.407429 0.085575 0.909219
vn 0.407429 0.085575 0.909219
vn 0.407429 0.085575 0.909219
vn -0.414891 -0.233326 0.879446
vn -0.414891 -0.233326 0.879446
vn -0.414891 -0.233326 0.879446
vn 0.934730 0.103289 -0.340018
vn 0.934730 0.103289 -0.340018
vn 0.934730 0.103289 -0.340018
vn 0.934730 0.103289 -0.340018
vn 0.934730 0.103289 -0.340018
vn 0.934730 0.103289 -0.340018
vn 0.882862 0.404420 -0.238744
vn 0.882862 0.404420 -0.238744
vn 0.882862 0.404420 -0.238744
vn 0.882862 0.404420 -0.238744
vn 0.882862 0.404420 -0.238744
vn 0.882862 0.404420 -0.238744
vn 0.645800 0.499466 -0.577474
vn 0.645800 0.499466 -0.577474
vn 0.645800 0.499466 -0.577474
vn 0.645800 0.499466 -0.577474
vn 0.645800 0.499466 -0.577474
vn 0.645800 0.499466 -0.577474
vn 0.701718 0.117032 0.702777
vn 0.701718 0.117032 0.702777
vn 0.701718 0.117032 0.702777
vn 0.701718 0.117032 0.702777
vn 0.701718 0.117032 0.702777
vn 0.701718 0.117032 0.702777
vn 0.936823 0.291617 0.193191
vn 0.936823 0.291617 0.193191
vn 0.936823 0.291617 0.193191
vn 0.936823 0.291617 0.193191
vn 0.936823 0.291617 0.193191
vn 0.936823 0.291617 0.193191
vn 0.607694 0.257335 0.751323
vn 0.607694 0.257335 0.751323
vn 0.607694 0.257335 0.751323
vn 0.607694 0.257335 0.751323
vn 0.607694 0.257335 0.751323
vn 0.607694 0.257335 0.751323
vn 0.669051 0.140994 0.729720
vn 0.669051 0.140994 0.729720
vn 0.669051 0.140994 0.729720
vn 0.669051 0.140994 0.729720
vn 0.669051 0.140994 0.729720
vn 0.669051 0.140994 0.729720
vn 0.312473 -0.118073 -0.942560
vn 0.312473 -0.118073 -0.942560
vn 0.312473 -0.118073 -0.942560
vn 0.985696 0.150280 0.076290
vn 0.985696 0.150280 0.076290
vn 0.985696 0.150280 0.076290
vn 0.985696 0.150280 0.076290
vn 0.985696 0.150280 0.076290
vn 0.985696 0.150280 0.076290
vn 0.732216 -0.002107 -0.681069
vn 0.732216 -0.002107 -0.681069
vn 0.732216 -0.002107 -0.681069
vn 0.732216 -0.002107 -0.681069
vn 0.732216 -0.002107 -0.681069
vn 0.732216 -0.002107 -0.681069
vn 0.891247 0.068034 -0.448386
vn 0.891247 0.068034 -0.448386
vn 0.891247 0.068034 -0.448386
vn 0.891247 0.068034 -0.448386
vn 0.891247 0.068034 -0.448386
vn 0.891247 0.068034 -0.448386
vn 0.986900 0.149108 -0.061610
vn 0.986900 0.149108 -0.061610
vn 0.986900 0.149108 -0.061610
vn 0.624281 -0.130571 -0.770211
vn 0.624281 -0.130571 -0.770211
vn 0.624281 -0.130571 -0.770211
vn 0.624281 -0.130571 -0.770211
vn 0.624281 -0.130571 -0.770211
vn 0.624281 -0.130571 -0.770211
vn 0.320034 -0.214562 -0.922790
vn 0.320034 -0.214562 -0.922790
vn 0.320034 -0.214562 -0.922790
vn 0.809759 -0.073799 -0.582103
vn 0.809759 -0.073799 -0.582103
vn 0.809759 -0.073799 -0.582103
vn 0.809759 -0.073799 -0.582103
vn 0.809759 -0.073799 -0.582103
vn 0.809759 -0.073799 -0.582103
vn 0.094943 -0.419855 -0.902612
vn 0.094943 -0.419855 -0.902612
vn 0.094943 -0.419855 -0.902612
vn 0.450741 -0.160620 -0.878085
vn 0.450741 -0.160620 -0.878085
vn 0.450741 -0.160620 -0.878085
vn 0.450741 -0.160620 -0.878085
vn 0.450741 -0.160620 -0.878085
vn 0.450741 -0.160620 -0.878085
vn -0.962219 -0.141280 -0.232754
vn -0.962219 -0.141280 -0.232754
vn -0.962219 -0.141280 -0.232754
vn 0.620290 0.083560 0.779909
vn 0.620290 0.083560 0.779909
vn 0.620290 0.083560 0.779909
vn 0.620290 0.083560 0.779909
vn 0.620290 0.083560 0.779909
vn 0.620290 0.083560 0.779909
vn 0.397452 0.156579 0.904165
vn 0.397452 0.156579 0.904165
vn 0.397452 0.156579 0.904165
vn 0.397452 0.156579 0.904165
vn 0.397452 0.156579 0.904165
vn 0.397452 0.156579 0.904165
vn 0.000763 -0.043172 -0.999067
vn 0.000763 -0.043172 -0.999067
vn 0.000763 -0.043172 -0.999067
vn 0.000763 -0.043172 -0.999067
vn 0.000763 -0.043172 -0.999067
vn 0.000763 -0.043172 -0.999067
vn -0.982188 -0.120128 0.144488
vn -0.982188 -0.120128 0.144488
vn -0.982188 -0.120128 0.144488
vn -0.982188 -0.120128 0.144488
vn -0.982188 -0.120128 0.144488
vn -0.982188 -0.120128 0.144488
vn 0.793231 0.042324 -0.607448
vn 0.793231 0.042324 -0.607448
vn 0.793231 0.042324 -0.607448
vn 0.793231 0.042324 -0.607448
vn 0.793231 0.042324 -0.607448
vn 0.793231 0.042324 -0.607448
vn -0.519869 -0.046204 0.852996
vn -0.519869 -0.046204 0.852996
vn -0.519869 -0.046204 0.852996
vn -0.519869 -0.046204 0.852996
vn -0.519869 -0.046204 0.852996
vn -0.519869 -0.046204 0.852996
vn 0.361486 -0.003206 -0.932372
vn 0.361486 -0.003206 -0.932372
vn 0.361486 -0.003206 -0.932372
vn 0.361486 -0.003206 -0.932372
vn 0.361486 -0.003206 -0.932372
vn 0.361486 -0.003206 -0.932372
vn -0.713510 -0.174870 0.678472
vn -0.713510 -0.174870 0.678472
vn -0.713510 -0.174870 0.678472
vn -0.713510 -0.174870 0.678472
vn -0.713510 -0.174870 0.678472
vn -0.713510 -0.174870 0.678472
vn 0.981269 0.033699 -0.189670
vn 0.981269 0.033699 -0.189670
vn 0.981269 0.033699 -0.189670
vn 0.981269 0.033699 -0.189670
vn 0.981269 0.033699 -0.189670
vn 0.981269 0.033699 -0.189670
vn 0.113566 -0.059293 0.991760
vn 0.113566 -0.059293 0.991760
vn 0.113566 -0.059293 0.991760
vn 0.113566 -0.059293 0.991760
vn 0.113566 -0.059293 0.991760
vn 0.113566 -0.059293 0.991760
vn 0.575804 -0.006500 0.817562
vn 0.575804 -0.006500 0.817562
vn 0.575804 -0.006500 0.817562
vn 0.575804 -0.006500 0.817562
vn 0.575804 -0.006500 0.817562
vn 0.575804 -0.006500 0.817562
vn -0.948548 -0.136949 -0.285484
vn -0.948548 -0.136949 -0.285484
vn -0.948548 -0.136949 -0.285484
vn -0.948548 -0.136949 -0.285484
vn -0.948548 -0.136949 -0.285484
vn -0.948548 -0.136949 -0.285484
vn 0.294671 0.155119 0.942925
vn 0.294671 0.155119 0.942925
vn 0.294671 0.155119 0.942925
vn 0.294671 0.155119 0.942925
vn 0.294671 0.155119 0.942925
vn 0.294671 0.155119 0.942925
vn 0.845298 -0.032731 0.533292
vn 0.845298 -0.032731 0.533292
vn 0.845298 -0.032731 0.533292
vn 0.845298 -0.032731 0.533292
vn 0.845298 -0.032731 0.533292
vn 0.845298 -0.032731 0.533292
vn 0.561617 -0.078223 0.823691
vn 0.561617 -0.078223 0.823691
vn 0.561617 -0.078223 0.823691
vn 0.561617 -0.078223 0.823691
vn 0.561617 -0.078223 0.823691
vn 0.561617 -0.078223 0.823691
vn 0.926729 -0.013260 -0.375497
vn 0.926729 -0.013260 -0.375497
vn 0.926729 -0.013260 -0.375497
vn 0.926729 -0.013260 -0.375497
vn 0.926729 -0.013260 -0.375497
vn 0.926729 -0.013260 -0.375497
vn 0.047185 -0.004342 -0.998877
vn 0.047185 -0.004342 -0.998877
vn 0.047185 -0.004342 -0.998877
vn 0.047185 -0.004342 -0.998877
vn 0.047185 -0.004342 -0.998877
vn 0.047185 -0.004342 -0.998877
vn 0.149489 0.054454 0.987263
vn 0.149489 0.054454 0.987263
vn 0.149489 0.054454 0.987263
vn 0.149489 0.054454 0.987263
vn 0.149489 0.054454 0.987263
vn 0.149489 0.054454 0.987263
vn -0.962702 -0.115549 -0.244649
vn -0.962702 -0.115549 -0.244649
vn -0.962702 -0.115549 -0.244649
vn -0.962702 -0.115549 -0.244649
vn -0.962702 -0.115549 -0.244649
vn -0.962702 -0.115549 -0.244649
vn -0.974530 -0.139091 0.175909
vn -0.974530 -0.139091 0.175909
vn -0.974530 -0.139091 0.175909
vn -0.974530 -0.139091 0.175909
vn -0.974530 -0.139091 0.175909
vn -0.974530 -0.139091 0.175909
vn 0.382913 0.001961 -0.923782
vn 0.382913 0.001961 -0.923782
vn 0.382913 0.001961 -0.923782
vn 0.382913 0.001961 -0.923782
vn 0.382913 0.001961 -0.923782
vn 0.382913 0.001961 -0.923782
vn 0.889254 0.027414 0.456592
vn 0.889254 0.027414 0.456592
vn 0.889254 0.027414 0.456592
vn 0.889254 0.027414 0.456592
vn 0.889254 0.027414 0.456592
vn 0.889254 0.027414 0.456592
vn -0.020299 -0.018865 -0.999616
vn -0.020299 -0.018865 -0.999616
vn -0.020299 -0.018865 -0.999616
vn -0.020299 -0.018865 -0.999616
vn -0.020299 -0.018865 -0.999616
vn -0.020299 -0.018865 -0.999616
vn -0.747925 -0.185296 0.637396
vn -0.747925 -0.185296 0.637396
vn -0.747925 -0.185296 0.637396
vn -0.747925 -0.185296 0.637396
vn -0.747925 -0.185296 0.637396
vn -0.747925 -0.185296 0.637396
vn 0.344454 0.064359 0.936594
vn 0.344454 0.064359 0.936594
vn 0.344454 0.064359 0.936594
vn 0.719879 0.140903 0.679647
vn 0.719879 0.140903 0.679647
vn 0.719879 0.140903 0.679647
vn 0.719879 0.140903 0.679647
vn 0.719879 0.140903 0.679647
vn 0.719879 0.140903 0.679647
vn 0.745027 0.251070 0.617980
vn 0.745027 0.251070 0.617980
vn 0.745027 0.251070 0.617980
vn 0.745027 0.251070 0.617980
vn 0.745027 0.251070 0.617980
vn 0.745027 0.251070 0.617980
vn 0.940295 0.154806 0.303117
vn 0.940295 0.154806 0.303117
vn 0.940295 0.154806 0.303117
vn 0.940295 0.154806 0.303117
vn 0.940295 0.154806 0.303117
vn 0.940295 0.154806 0.303117
vn 0.871634 0.277944 0.403735
vn 0.871634 0.277944 0.403735
vn 0.871634 0.277944 0.403735
vn 0.871634 0.277944 0.403735
vn 0.871634 0.277944 0.403735
vn 0.871634 0.277944 0.403735
vn 0.931079 0.137327 0.337983
vn 0.931079 0.137327 0.337983
vn 0.931079 0.137327 0.337983
vn 0.931079 0.137327 0.337983
vn 0.931079 0.137327 0.337983
vn 0.931079 0.137327 0.337983
vn 0.907316 0.130511 0.399680
vn 0.907316 0.130511 0.399680
vn 0.907316 0.130511 0.399680
vn 0.907316 0.130511 0.399680
vn 0.907316 0.130511 0.399680
vn 0.907316 0.130511 0.399680
vn 0.031814 -0.021504 0.999262
vn 0.031814 -0.021504 0.999262
vn 0.031814 -0.021504 0.999262
vn 0.031814 -0.021504 0.999262
vn 0.031814 -0.021504 0.999262
vn 0.031814 -0.021504 0.999262
vn 0.073498 -0.126349 0.989259
vn 0.073498 -0.126349 0.989259
vn 0.073498 -0.126349 0.989259
vn 0.073498 -0.126349 0.989259
vn 0.073498 -0.126349 0.989259
vn 0.073498 -0.126349 0.989259
vn 0.377775 -0.011903 -0.925821
vn 0.377775 -0.011903 -0.925821
vn 0.377775 -0.011903 -0.925821
vn 0.377775 -0.011903 -0.925821
vn 0.377775 -0.011903 -0.925821
vn 0.377775 -0.011903 -0.925821
vn -0.052727 -0.087943 0.994729
vn -0.052727 -0.087943 0.994729
vn -0.052727 -0.087943 0.994729
vn -0.052727 -0.087943 0.994729
vn -0.052727 -0.087943 0.994729
vn -0.052727 -0.087943 0.994729
vn 0.648131 -0.034215 0.760760
vn 0.648131 -0.034215 0.760760
vn 0.648131 -0.034215 0.760760
vn 0.648131 -0.034215 0.760760
vn 0.648131 -0.034215 0.760760
vn 0.648131 -0.034215 0.760760
vn -0.653448 -0.055553 0.754930
vn -0.653448 -0.055553 0.754930
vn -0.653448 -0.055553 0.754930
vn -0.653448 -0.055553 0.754930
vn -0.653448 -0.055553 0.754930
vn -0.653448 -0.055553 0.754930
vn -0.161962 -0.036739 0.986113
vn -0.161962 -0.036739 0.986113
vn -0.161962 -0.036739 0.986113
vn -0.161962 -0.036739 0.986113
vn -0.161962 -0.036739 0.986113
vn -0.161962 -0.036739 0.986113
vn 0.937120 0.019307 -0.348473
vn 0.937120 0.019307 -0.348473
vn 0.937120 0.019307 -0.348473
vn 0.937120 0.019307 -0.348473
vn 0.937120 0.019307 -0.348473
vn 0.937120 0.019307 -0.348473
vn -0.682669 -0.040347 0.729613
vn -0.682669 -0.040347 0.729613
vn -0.682669 -0.040347 0.729613
vn -0.682669 -0.040347 0.729613
vn -0.682669 -0.040347 0.729613
vn -0.682669 -0.040347 0.729613
vn 0.981645 0.048053 -0.184565
vn 0.981645 0.048053 -0.184565
vn 0.981645 0.048053 -0.184565
vn 0.981645 0.048053 -0.184565
vn 0.981645 0.048053 -0.184565
vn 0.981645 0.048053 -0.184565
vn -0.019464 0.019471 -0.999621
vn -0.019464 0.019471 -0.999621
vn -0.019464 0.019471 -0.999621
vn -0.019464 0.019471 -0.999621
vn -0.019464 0.019471 -0.999621
vn -0.019464 0.019471 -0.999621
vn 0.528122 -0.015071 0.849035
vn 0.528122 -0.015071 0.849035
vn 0.528122 -0.015071 0.849035
vn 0.528122 -0.015071 0.849035
vn 0.528122 -0.015071 0.849035
vn 0.528122 -0.015071 0.849035
vn -0.988909 0.065854 -0.133121
vn -0.988909 0.065854 -0.133121
vn -0.988909 0.065854 -0.133121
vn -0.988909 0.065854 -0.133121
vn -0.988909 0.065854 -0.133121
vn -0.988909 0.065854 -0.133121
vn -0.998107 0.021739 0.057539
vn -0.998107 0.021739 0.057539
vn -0.998107 0.021739 0.057539
vn -0.998107 0.021739 0.057539
vn -0.998107 0.021739 0.057539
vn -0.998107 0.021739 0.057539
vn -0.989246 -0.078208 0.123592
vn -0.989246 -0.078208 0.123592
vn -0.989246 -0.078208 0.123592
vn -0.989246 -0.078208 0.123592
vn -0.989246 -0.078208 0.123592
vn -0.989246 -0.078208 0.123592
vn 0.505523 0.008973 -0.862767
vn 0.505523 0.008973 -0.862767
vn 0.505523 0.008973 -0.862767
vn 0.505523 0.008973 -0.862767
vn 0.505523 0.008973 -0.862767
vn 0.505523 0.008973 -0.862767
vn -0.973964 -0.093983 -0.206304
vn -0.973964 -0.093983 -0.206304
vn -0.973964 -0.093983 -0.206304
vn -0.973964 -0.093983 -0.206304
vn -0.973964 -0.093983 -0.206304
vn -0.973964 -0.093983 -0.206304
vn 0.586916 -0.170785 0.791430
vn 0.586916 -0.170785 0.791430
vn 0.586916 -0.170785 0.791430
vn 0.586916 -0.170785 0.791430
vn 0.586916 -0.170785 0.791430
vn 0.586916 -0.170785 0.791430
vn 0.036520 0.001197 -0.999332
vn 0.036520 0.001197 -0.999332
vn 0.036520 0.001197 -0.999332
vn 0.036520 0.001197 -0.999332
vn 0.036520 0.001197 -0.999332
vn 0.036520 0.001197 -0.999332
vn 0.990336 0.061292 -0.124407
vn 0.990336 0.061292 -0.124407
vn 0.990336 0.061292 -0.124407
vn 0.990336 0.061292 -0.124407
vn 0.990336 0.061292 -0.124407
vn 0.990336 0.061292 -0.124407
vn -0.702813 -0.179398 0.688382
vn -0.702813 -0.179398 0.688382
vn -0.702813 -0.179398 0.688382
vn -0.702813 -0.179398 0.688382
vn -0.702813 -0.179398 0.688382
vn -0.702813 -0.179398 0.688382
vn 0.941119 -0.009248 -0.337949
vn 0.941119 -0.009248 -0.337949
vn 0.941119 -0.009248 -0.337949
vn 0.941119 -0.009248 -0.337949
vn 0.941119 -0.009248 -0.337949
vn 0.941119 -0.009248 -0.337949
vn -0.131075 -0.254338 0.958192
vn -0.131075 -0.254338 0.958192
vn -0.131075 -0.254338 0.958192
vn -0.131075 -0.254338 0.958192
vn -0.131075 -0.254338 0.958192
vn -0.131075 -0.254338 0.958192
vn 0.005745 -0.997328 0.072825
vn 0.005745 -0.997328 0.072825
vn 0.005745 -0.997328 0.072825
vn 0.005745 -0.997328 0.072825
vn 0.005745 -0.997328 0.072825
vn 0.005745 -0.997328 0.072825
vn 0.405508 0.008237 -0.914055
vn 0.405508 0.008237 -0.914055
vn 0.405508 0.008237 -0.914055
vn 0.405508 0.008237 -0.914055
vn 0.405508 0.008237 -0.914055
vn 0.405508 0.008237 -0.914055
vn -0.008524 -0.999959 0.002961
vn -0.008524 -0.999959 0.002961
vn -0.008524 -0.999959 0.002961
vn -0.008524 -0.999959 0.002961
vn -0.008524 -0.999959 0.002961
vn -0.008524 -0.999959 0.002961
vn -0.008524 -0.999959 0.002961
vn -0.008524 -0.999959 0.002961
vn -0.008524 -0.999959 0.002961
vn 0.011942 -0.999784 -0.016998
vn 0.011942 -0.999784 -0.016998
vn 0.011942 -0.999784 -0.016998
vn 0.011942 -0.999784 -0.016998
vn 0.011942 -0.999784 -0.016998
vn 0.011942 -0.999784 -0.016998
vn 0.905471 0.017882 -0.424031
vn 0.905471 0.017882 -0.424031
vn 0.905471 0.017882 -0.424031
vn 0.905471 0.017882 -0.424031
vn 0.905471 0.017882 -0.424031
vn 0.905471 0.017882 -0.424031
vn -0.046312 -0.043237 -0.997991
vn -0.046312 -0.043237 -0.997991
vn -0.046312 -0.043237 -0.997991
vn -0.046312 -0.043237 -0.997991
vn -0.046312 -0.043237 -0.997991
vn -0.046312 -0.043237 -0.997991
vn -0.996861 -0.014848 0.077769
vn -0.996861 -0.014848 0.077769
vn -0.996861 -0.014848 0.077769
vn -0.996861 -0.014848 0.077769
vn -0.996861 -0.014848 0.077769
vn -0.996861 -0.014848 0.077769
vn 0.533457 -0.022229 -0.845535
vn 0.533457 -0.022229 -0.845535
vn 0.533457 -0.022229 -0.845535
vn 0.533457 -0.022229 -0.845535
vn 0.533457 -0.022229 -0.845535
vn 0.533457 -0.022229 -0.845535
vn -0.005157 -0.999982 0.003028
vn -0.005157 -0.999982 0.003028
vn -0.005157 -0.999982 0.003028
vn -0.005157 -0.999982 0.003028
vn -0.005157 -0.999982 0.003028
vn -0.005157 -0.999982 0.003028
vn -0.013833 -0.998802 0.046946
vn -0.013833 -0.998802 0.046946
vn -0.013833 -0.998802 0.046946
vn -0.013833 -0.998802 0.046946
vn -0.013833 -0.998802 0.046946
vn -0.013833 -0.998802 0.046946
vn -0.002109 -0.999431 -0.033659
vn -0.002109 -0.999431 -0.033659
vn -0.002109 -0.999431 -0.033659
vn -0.002109 -0.999431 -0.033659
vn -0.002109 -0.999431 -0.033659
vn -0.002109 -0.999431 -0.033659
vn -0.283246 0.038713 0.958266
vn -0.283246 0.038713 0.958266
vn -0.283246 0.038713 0.958266
vn -0.283246 0.038713 0.958266
vn -0.283246 0.038713 0.958266
vn -0.283246 0.038713 0.958266
vn 0.903930 0.076677 0.420751
vn 0.903930 0.076677 0.420751
vn 0.903930 0.076677 0.420751
vn 0.903930 0.076677 0.420751
vn 0.903930 0.076677 0.420751
vn 0.903930 0.076677 0.420751
vn -0.985937 -0.023126 -0.165512
vn -0.985937 -0.023126 -0.165512
vn -0.985937 -0.023126 -0.165512
vn -0.985937 -0.023126 -0.165512
vn -0.985937 -0.023126 -0.165512
vn -0.985937 -0.023126 -0.165512
vn 0.026369 -0.996135 -0.083780
vn 0.026369 -0.996135 -0.083780
vn 0.026369 -0.996135 -0.083780
vn 0.026369 -0.996135 -0.083780
vn 0.026369 -0.996135 -0.083780
vn 0.026369 -0.996135 -0.083780
vn 0.416034 0.078608 0.905945
vn 0.416034 0.078608 0.905945
vn 0.416034 0.078608 0.905945
vn 0.416034 0.078608 0.905945
vn 0.416034 0.078608 0.905945
vn 0.416034 0.078608 0.905945
vn -0.699713 0.006749 0.714392
vn -0.699713 0.006749 0.714392
vn -0.699713 0.006749 0.714392
vn -0.699713 0.006749 0.714392
vn -0.699713 0.006749 0.714392
vn -0.699713 0.006749 0.714392
vn -0.972483 -0.172452 0.156647
vn -0.972483 -0.172452 0.156647
vn -0.972483 -0.172452 0.156647
vn -0.972483 -0.172452 0.156647
vn -0.972483 -0.172452 0.156647
vn -0.972483 -0.172452 0.156647
vn -0.658732 -0.740561 -0.132821
vn -0.658732 -0.740561 -0.132821
vn -0.658732 -0.740561 -0.132821
vn -0.658732 -0.740561 -0.132821
vn -0.658732 -0.740561 -0.132821
vn -0.658732 -0.740561 -0.132821
vn -0.034561 -0.827847 -0.559889
vn -0.034561 -0.827847 -0.559889
vn -0.034561 -0.827847 -0.559889
vn -0.034561 -0.827847 -0.559889
vn -0.034561 -0.827847 -0.559889
vn -0.034561 -0.827847 -0.559889
vn 0.601809 -0.763239 0.235143
vn 0.601809 -0.763239 0.235143
vn 0.601809 -0.763239 0.235143
vn 0.601809 -0.763239 0.235143
vn 0.601809 -0.763239 0.235143
vn 0.601809 -0.763239 0.235143
vn 0.222202 -0.660523 0.717172
vn 0.222202 -0.660523 0.717172
vn 0.222202 -0.660523 0.717172
vn 0.222202 -0.660523 0.717172
vn 0.222202 -0.660523 0.717172
vn 0.222202 -0.660523 0.717172
vn -0.263158 -0.597657 0.757334
vn -0.263158 -0.597657 0.757334
vn -0.263158 -0.597657 0.757334
vn -0.263158 -0.597657 0.757334
vn -0.263158 -0.597657 0.757334
vn -0.263158 -0.597657 0.757334
vn 0.858413 -0.400734 -0.320217
vn 0.858413 -0.400734 -0.320217
vn 0.858413 -0.400734 -0.320217
vn 0.858413 -0.400734 -0.320217
vn 0.858413 -0.400734 -0.320217
vn 0.858413 -0.400734 -0.320217
vn -0.691567 -0.720478 0.051446
vn -0.691567 -0.720478 0.051446
vn -0.691567 -0.720478 0.051446
vn -0.691567 -0.720478 0.051446
vn -0.691567 -0.720478 0.051446
vn -0.691567 -0.720478 0.051446
vn -0.550683 -0.676670 0.488738
vn -0.550683 -0.676670 0.488738
vn -0.550683 -0.676670 0.488738
vn -0.550683 -0.676670 0.488738
vn -0.550683 -0.676670 0.488738
vn -0.550683 -0.676670 0.488738
vn 0.304215 -0.817773 -0.488570
vn 0.304215 -0.817773 -0.488570
vn 0.304215 -0.817773 -0.488570
vn 0.304215 -0.817773 -0.488570
vn 0.304215 -0.817773 -0.488570
vn 0.304215 -0.817773 -0.488570
vn 0.025299 -0.999626 0.010353
vn 0.025299 -0.999626 0.010353
vn 0.025299 -0.999626 0.010353
vn 0.025299 -0.999626 0.010353
vn 0.025299 -0.999626 0.010353
vn 0.025299 -0.999626 0.010353
vn 0.000483 -0.999835 -0.018174
vn 0.000483 -0.999835 -0.018174
vn 0.000483 -0.999835 -0.018174
vn 0.004757 -0.999984 0.002908
vn 0.004757 -0.999984 0.002908
vn 0.004757 -0.999984 0.002908
vn 0.007813 -0.999968 -0.001669
vn 0.007813 -0.999968 -0.001669
vn 0.007813 -0.999968 -0.001669
vn 0.000167 -0.999993 0.003657
vn 0.000167 -0.999993 0.003657
vn 0.000167 -0.999993 0.003657
vn 0.000081 -0.999852 -0.017214
vn 0.000081 -0.999852 -0.017214
vn 0.000081 -0.999852 -0.017214
vn -0.004316 -0.999833 -0.017757
vn -0.004316 -0.999833 -0.017757
vn -0.004316 -0.999833 -0.017757
vn -0.091535 -0.994146 0.057407
vn -0.091535 -0.994146 0.057407
vn -0.091535 -0.994146 0.057407
vn 0.021075 -0.999760 0.005998
vn 0.021075 -0.999760 0.005998
vn 0.021075 -0.999760 0.005998
vn -0.004149 -0.999201 -0.039763
vn -0.004149 -0.999201 -0.039763
vn -0.004149 -0.999201 -0.039763
vn 0.184006 0.982456 -0.030374
vn 0.184006 0.982456 -0.030374
vn 0.184006 0.982456 -0.030374
vn 0.184006 0.982456 -0.030374
vn 0.184006 0.982456 -0.030374
vn 0.184006 0.982456 -0.030374
vn 0.089581 0.986255 -0.138837
vn 0.089581 0.986255 -0.138837
vn 0.089581 0.986255 -0.138837
vn 0.183073 0.971427 0.151041
vn 0.183073 0.971427 0.151041
vn 0.183073 0.971427 0.151041
vn 0.183073 0.971427 0.151041
vn 0.183073 0.971427 0.151041
vn 0.183073 0.971427 0.151041
vn 0.190137 0.979829 0.061499
vn 0.190137 0.979829 0.061499
vn 0.190137 0.979829 0.061499
vn 0.190137 0.979829 0.061499
vn 0.190137 0.979829 0.061499
vn 0.190137 0.979829 0.061499
vn 0.087467 0.972925 0.213932
vn 0.087467 0.972925 0.213932
vn 0.087467 0.972925 0.213932
vn 0.165214 0.977252 0.132976
vn 0.165214 0.977252 0.132976
vn 0.165214 0.977252 0.132976
vn 0.168293 0.985364 -0.027102
vn 0.168293 0.985364 -0.027102
vn 0.168293 0.985364 -0.027102
vn 0.176983 0.982628 0.055846
vn 0.176983 0.982628 0.055846
vn 0.176983 0.982628 0.055846
vn 0.949586 0.016674 -0.313064
vn 0.949586 0.016674 -0.313064
vn 0.949586 0.016674 -0.313064
vn 0.949586 0.016674 -0.313064
vn 0.949586 0.016674 -0.313064
vn 0.949586 0.016674 -0.313064
vn 0.015468 -0.000491 -0.999880
vn 0.015468 -0.000491 -0.999880
vn 0.015468 -0.000491 -0.999880
vn 0.015468 -0.000491 -0.999880
vn 0.015468 -0.000491 -0.999880
vn 0.015468 -0.000491 -0.999880
vn 0.984417 0.026849 -0.173790
vn 0.984417 0.026849 -0.173790
vn 0.984417 0.026849 -0.173790
vn 0.984417 0.026849 -0.173790
vn 0.984417 0.026849 -0.173790
vn 0.984417 0.026849 -0.173790
vn 0.436775 0.007955 -0.899535
vn 0.436775 0.007955 -0.899535
vn 0.436775 0.007955 -0.899535
vn 0.436775 0.007955 -0.899535
vn 0.436775 0.007955 -0.899535
vn 0.436775 0.007955 -0.899535
vn 0.979364 -0.046576 -0.196666
vn 0.979364 -0.046576 -0.196666
vn 0.979364 -0.046576 -0.196666
vn 0.979364 -0.046576 -0.196666
vn 0.979364 -0.046576 -0.196666
vn 0.979364 -0.046576 -0.196666
vn 0.972640 0.087830 -0.215074
vn 0.972640 0.087830 -0.215074
vn 0.972640 0.087830 -0.215074
vn 0.972640 0.087830 -0.215074
vn 0.972640 0.087830 -0.215074
vn 0.972640 0.087830 -0.215074
vn 0.979268 -0.044484 -0.197623
vn 0.979268 -0.044484 -0.197623
vn 0.979268 -0.044484 -0.197623
vn 0.979268 -0.044484 -0.197623
vn 0.979268 -0.044484 -0.197623
vn 0.979268 -0.044484 -0.197623
vn 0.821795 0.048713 -0.567697
vn 0.821795 0.048713 -0.567697
vn 0.821795 0.048713 -0.567697
vn 0.821795 0.048713 -0.567697
vn 0.821795 0.048713 -0.567697
vn 0.821795 0.048713 -0.567697
vn -0.982630 -0.092415 -0.160929
vn -0.982630 -0.092415 -0.160929
vn -0.982630 -0.092415 -0.160929
vn -0.982630 -0.092415 -0.160929
vn -0.982630 -0.092415 -0.160929
vn -0.982630 -0.092415 -0.160929
vn 0.972621 -0.048558 -0.227266
vn 0.972621 -0.048558 -0.227266
vn 0.972621 -0.048558 -0.227266
vn 0.972621 -0.048558 -0.227266
vn 0.972621 -0.048558 -0.227266
vn 0.972621 -0.048558 -0.227266
vn -0.993410 -0.104735 0.046554
vn -0.993410 -0.104735 0.046554
vn -0.993410 -0.104735 0.046554
vn -0.993410 -0.104735 0.046554
vn -0.993410 -0.104735 0.046554
vn -0.993410 -0.104735 0.046554
vn -0.629057 -0.048202 0.775863
vn -0.629057 -0.048202 0.775863
vn -0.629057 -0.048202 0.775863
vn -0.629057 -0.048202 0.775863
vn -0.629057 -0.048202 0.775863
vn -0.629057 -0.048202 0.775863
vn 0.615264 0.011057 0.788244
vn 0.615264 0.011057 0.788244
vn 0.615264 0.011057 0.788244
vn 0.615264 0.011057 0.788244
vn 0.615264 0.011057 0.788244
vn 0.615264 0.011057 0.788244
vn -0.979953 -0.090762 0.177352
vn -0.979953 -0.090762 0.177352
vn -0.979953 -0.090762 0.177352
vn -0.979953 -0.090762 0.177352
vn -0.979953 -0.090762 0.177352
vn -0.979953 -0.090762 0.177352
vn -0.950468 -0.135310 -0.279825
vn -0.950468 -0.135310 -0.279825
vn -0.950468 -0.135310 -0.279825
vn -0.950468 -0.135310 -0.279825
vn -0.950468 -0.135310 -0.279825
vn -0.950468 -0.135310 -0.279825
vn 0.030670 -0.021922 -0.999289
vn 0.030670 -0.021922 -0.999289
vn 0.030670 -0.021922 -0.999289
vn 0.030670 -0.021922 -0.999289
vn 0.030670 -0.021922 -0.999289
vn 0.030670 -0.021922 -0.999289
vn 0.887046 -0.027457 -0.460863
vn 0.887046 -0.027457 -0.460863
vn 0.887046 -0.027457 -0.460863
vn 0.887046 -0.027457 -0.460863
vn 0.887046 -0.027457 -0.460863
vn 0.887046 -0.027457 -0.460863
vn 0.870591 -0.047085 0.489749
vn 0.870591 -0.047085 0.489749
vn 0.870591 -0.047085 0.489749
vn 0.870591 -0.047085 0.489749
vn 0.870591 -0.047085 0.489749
vn 0.870591 -0.047085 0.489749
vn 0.909337 -0.085128 0.407259
vn 0.909337 -0.085128 0.407259
vn 0.909337 -0.085128 0.407259
vn 0.909337 -0.085128 0.407259
vn 0.909337 -0.085128 0.407259
vn 0.909337 -0.085128 0.407259
vn 0.921577 0.017191 0.387816
vn 0.921577 0.017191 0.387816
vn 0.921577 0.017191 0.387816
vn 0.921577 0.017191 0.387816
vn 0.921577 0.017191 0.387816
vn 0.921577 0.017191 0.387816
vn 0.659327 -0.744498 -0.104932
vn 0.659327 -0.744498 -0.104932
vn 0.659327 -0.744498 -0.104932
vn 0.659327 -0.744498 -0.104932
vn 0.659327 -0.744498 -0.104932
vn 0.659327 -0.744498 -0.104932
vn 0.946670 0.034746 0.320324
vn 0.946670 0.034746 0.320324
vn 0.946670 0.034746 0.320324
vn 0.946670 0.034746 0.320324
vn 0.946670 0.034746 0.320324
vn 0.946670 0.034746 0.320324
vn 0.981070 0.034388 -0.190574
vn 0.981070 0.034388 -0.190574
vn 0.981070 0.034388 -0.190574
vn 0.981070 0.034388 -0.190574
vn 0.981070 0.034388 -0.190574
vn 0.981070 0.034388 -0.190574
vn -0.040347 -0.999129 -0.010661
vn -0.040347 -0.999129 -0.010661
vn -0.040347 -0.999129 -0.010661
vn -0.022165 -0.999716 -0.008812
vn -0.022165 -0.999716 -0.008812
vn -0.022165 -0.999716 -0.008812
vn -0.022165 -0.999716 -0.008812
vn -0.022165 -0.999716 -0.008812
vn -0.022165 -0.999716 -0.008812
vn -0.110893 -0.991169 -0.072710
vn -0.110893 -0.991169 -0.072710
vn -0.110893 -0.991169 -0.072710
vn -0.110893 -0.991169 -0.072710
vn -0.110893 -0.991169 -0.072710
vn -0.110893 -0.991169 -0.072710
vn -0.037982 -0.999186 -0.013605
vn -0.037982 -0.999186 -0.013605
vn -0.037982 -0.999186 -0.013605
vn -0.073566 -0.996700 -0.034314
vn -0.073566 -0.996700 -0.034314
vn -0.073566 -0.996700 -0.034314
vn -0.069385 -0.993632 -0.088773
vn -0.069385 -0.993632 -0.088773
vn -0.069385 -0.993632 -0.088773
vn -0.019085 -0.999815 -0.002485
vn -0.019085 -0.999815 -0.002485
vn -0.019085 -0.999815 -0.002485
vn -0.056657 -0.997701 -0.037174
vn -0.056657 -0.997701 -0.037174
vn -0.056657 -0.997701 -0.037174
vn -0.990749 0.093098 0.098734
vn -0.990749 0.093098 0.098734
vn -0.990749 0.093098 0.098734
vn -0.990749 0.093098 0.098734
vn -0.990749 0.093098 0.098734
vn -0.990749 0.093098 0.098734
vn 0.206767 0.153995 0.966195
vn 0.206767 0.153995 0.966195
vn 0.206767 0.153995 0.966195
vn 0.206767 0.153995 0.966195
vn 0.206767 0.153995 0.966195
vn 0.206767 0.153995 0.966195
vn -0.240202 0.144582 0.959895
vn -0.240202 0.144582 0.959895
vn -0.240202 0.144582 0.959895
vn -0.240202 0.144582 0.959895
vn -0.240202 0.144582 0.959895
vn -0.240202 0.144582 0.959895
vn 0.986629 0.100880 -0.128011
vn 0.986629 0.100880 -0.128011
vn 0.986629 0.100880 -0.128011
vn 0.986629 0.100880 -0.128011
vn 0.986629 0.100880 -0.128011
vn 0.986629 0.100880 -0.128011
vn 0.738405 0.124350 -0.662793
vn 0.738405 0.124350 -0.662793
vn 0.738405 0.124350 -0.662793
vn 0.738405 0.124350 -0.662793
vn 0.738405 0.124350 -0.662793
vn 0.738405 0.124350 -0.662793
vn -0.472983 0.153315 -0.867630
vn -0.472983 0.153315 -0.867630
vn -0.472983 0.153315 -0.867630
vn -0.472983 0.153315 -0.867630
vn -0.472983 0.153315 -0.867630
vn -0.472983 0.153315 -0.867630
vn 0.423894 0.145791 -0.893901
vn 0.423894 0.145791 -0.893901
vn 0.423894 0.145791 -0.893901
vn 0.423894 0.145791 -0.893901
vn 0.423894 0.145791 -0.893901
vn 0.423894 0.145791 -0.893901
vn -0.934186 0.099857 0.342528
vn -0.934186 0.099857 0.342528
vn -0.934186 0.099857 0.342528
vn -0.934186 0.099857 0.342528
vn -0.934186 0.099857 0.342528
vn -0.934186 0.099857 0.342528
vn -0.879085 0.123179 -0.460475
vn -0.879085 0.123179 -0.460475
vn -0.879085 0.123179 -0.460475
vn -0.879085 0.123179 -0.460475
vn -0.879085 0.123179 -0.460475
vn -0.879085 0.123179 -0.460475
vn 0.987043 0.105197 0.121158
vn 0.987043 0.105197 0.121158
vn 0.987043 0.105197 0.121158
vn 0.987043 0.105197 0.121158
vn 0.987043 0.105197 0.121158
vn 0.987043 0.105197 0.121158
vn 0.065331 0.905737 0.418774
vn 0.065331 0.905737 0.418774
vn 0.065331 0.905737 0.418774
vn 0.065331 0.905737 0.418774
vn 0.065331 0.905737 0.418774
vn 0.065331 0.905737 0.418774
vn 0.965677 -0.210752 0.151828
vn 0.965677 -0.210752 0.151828
vn 0.965677 -0.210752 0.151828
vn 0.965677 -0.210752 0.151828
vn 0.965677 -0.210752 0.151828
vn 0.965677 -0.210752 0.151828
vn -0.742767 -0.232517 -0.627880
vn -0.742767 -0.232517 -0.627880
vn -0.742767 -0.232517 -0.627880
vn -0.742767 -0.232517 -0.627880
vn -0.742767 -0.232517 -0.627880
vn -0.742767 -0.232517 -0.627880
vn -0.883568 -0.218557 0.414174
vn -0.883568 -0.218557 0.414174
vn -0.883568 -0.218557 0.414174
vn -0.883568 -0.218557 0.414174
vn -0.883568 -0.218557 0.414174
vn -0.883568 -0.218557 0.414174
vn 0.363169 -0.215627 -0.906429
vn 0.363169 -0.215627 -0.906429
vn 0.363169 -0.215627 -0.906429
vn 0.363169 -0.215627 -0.906429
vn 0.363169 -0.215627 -0.906429
vn 0.363169 -0.215627 -0.906429
vn -0.372793 -0.231268 -0.898632
vn -0.372793 -0.231268 -0.898632
vn -0.372793 -0.231268 -0.898632
vn -0.372793 -0.231268 -0.898632
vn -0.372793 -0.231268 -0.898632
vn -0.372793 -0.231268 -0.898632
vn -0.179736 0.981541 -0.065367
vn -0.179736 0.981541 -0.065367
vn -0.179736 0.981541 -0.065367
vn -0.179736 0.981541 -0.065367
vn -0.179736 0.981541 -0.065367
vn -0.179736 0.981541 -0.065367
vn 0.609856 -0.213039 -0.763341
vn 0.609856 -0.213039 -0.763341
vn 0.609856 -0.213039 -0.763341
vn 0.609856 -0.213039 -0.763341
vn 0.609856 -0.213039 -0.763341
vn 0.609856 -0.213039 -0.763341
vn 0.965231 -0.199183 -0.169279
vn 0.965231 -0.199183 -0.169279
vn 0.965231 -0.199183 -0.169279
vn 0.965231 -0.199183 -0.169279
vn 0.965231 -0.199183 -0.169279
vn 0.965231 -0.199183 -0.169279
vn -0.183756 -0.266230 0.946232
vn -0.183756 -0.266230 0.946232
vn -0.183756 -0.266230 0.946232
vn -0.183756 -0.266230 0.946232
vn -0.183756 -0.266230 0.946232
vn -0.183756 -0.266230 0.946232
vn 0.321739 0.799345 0.507476
vn 0.321739 0.799345 0.507476
vn 0.321739 0.799345 0.507476
vn 0.321739 0.799345 0.507476
vn 0.321739 0.799345 0.507476
vn 0.321739 0.799345 0.507476
vn 0.162967 -0.276862 0.946990
vn 0.162967 -0.276862 0.946990
vn 0.162967 -0.276862 0.946990
vn 0.162967 -0.276862 0.946990
vn 0.162967 -0.276862 0.946990
vn 0.162967 -0.276862 0.946990
vn -0.277834 0.934083 0.224272
vn -0.277834 0.934083 0.224272
vn -0.277834 0.934083 0.224272
vn -0.277834 0.934083 0.224272
vn -0.277834 0.934083 0.224272
vn -0.277834 0.934083 0.224272
vn -0.977124 -0.205138 0.056092
vn -0.977124 -0.205138 0.056092
vn -0.977124 -0.205138 0.056092
vn -0.977124 -0.205138 0.056092
vn -0.977124 -0.205138 0.056092
vn -0.977124 -0.205138 0.056092
vn 0.121016 0.987990 -0.096072
vn 0.121016 0.987990 -0.096072
vn 0.121016 0.987990 -0.096072
vn 0.121016 0.987990 -0.096072
vn 0.121016 0.987990 -0.096072
vn 0.121016 0.987990 -0.096072
vn 0.180662 0.974319 -0.134402
vn 0.180662 0.974319 -0.134402
vn 0.180662 0.974319 -0.134402
vn 0.180662 0.974319 -0.134402
vn 0.180662 0.974319 -0.134402
vn 0.180662 0.974319 -0.134402
vn -0.460328 0.864804 -0.200531
vn -0.460328 0.864804 -0.200531
vn -0.460328 0.864804 -0.200531
vn -0.460328 0.864804 -0.200531
vn -0.460328 0.864804 -0.200531
vn -0.460328 0.864804 -0.200531
vn -0.401259 0.734450 0.547334
vn -0.401259 0.734450 0.547334
vn -0.401259 0.734450 0.547334
vn -0.401259 0.734450 0.547334
vn -0.401259 0.734450 0.547334
vn -0.401259 0.734450 0.547334
vn 0.107548 0.972815 0.205094
vn 0.107548 0.972815 0.205094
vn 0.107548 0.972815 0.205094
vn 0.107548 0.972815 0.205094
vn 0.107548 0.972815 0.205094
vn 0.107548 0.972815 0.205094
vn -0.187831 0.881539 0.433138
vn -0.187831 0.881539 0.433138
vn -0.187831 0.881539 0.433138
vn -0.187831 0.881539 0.433138
vn -0.187831 0.881539 0.433138
vn -0.187831 0.881539 0.433138
vn -0.822637 0.515806 0.239192
vn -0.822637 0.515806 0.239192
vn -0.822637 0.515806 0.239192
vn -0.822637 0.515806 0.239192
vn -0.822637 0.515806 0.239192
vn -0.822637 0.515806 0.239192
vn 0.179993 0.504333 0.844542
vn 0.179993 0.504333 0.844542
vn 0.179993 0.504333 0.844542
vn 0.179993 0.504333 0.844542
vn 0.179993 0.504333 0.844542
vn 0.179993 0.504333 0.844542
vn -0.008809 0.655690 -0.754979
vn -0.008809 0.655690 -0.754979
vn -0.008809 0.655690 -0.754979
vn -0.008809 0.655690 -0.754979
vn -0.008809 0.655690 -0.754979
vn -0.008809 0.655690 -0.754979
vn 0.824303 0.563709 0.052506
vn 0.824303 0.563709 0.052506
vn 0.824303 0.563709 0.052506
vn 0.824303 0.563709 0.052506
vn 0.824303 0.563709 0.052506
vn 0.824303 0.563709 0.052506
vn 0.629400 0.581835 -0.515096
vn 0.629400 0.581835 -0.515096
vn 0.629400 0.581835 -0.515096
vn 0.629400 0.581835 -0.515096
vn 0.629400 0.581835 -0.515096
vn 0.629400 0.581835 -0.515096
vn -0.237173 0.482285 0.843298
vn -0.237173 0.482285 0.843298
vn -0.237173 0.482285 0.843298
vn -0.237173 0.482285 0.843298
vn -0.237173 0.482285 0.843298
vn -0.237173 0.482285 0.843298
vn 0.066618 0.586221 -0.807408
vn 0.066618 0.586221 -0.807408
vn 0.066618 0.586221 -0.807408
vn 0.066618 0.586221 -0.807408
vn 0.066618 0.586221 -0.807408
vn 0.066618 0.586221 -0.807408
vn 0.324356 0.525218 0.786727
vn 0.324356 0.525218 0.786727
vn 0.324356 0.525218 0.786727
vn 0.324356 0.525218 0.786727
vn 0.324356 0.525218 0.786727
vn 0.324356 0.525218 0.786727
vn -0.807500 0.556249 -0.196290
vn -0.807500 0.556249 -0.196290
vn -0.807500 0.556249 -0.196290
vn -0.807500 0.556249 -0.196290
vn -0.807500 0.556249 -0.196290
vn -0.807500 0.556249 -0.196290
vn -0.298036 0.486022 0.821558
vn -0.298036 0.486022 0.821558
vn -0.298036 0.486022 0.821558
vn -0.298036 0.486022 0.821558
vn -0.298036 0.486022 0.821558
vn -0.298036 0.486022 0.821558
vn -0.052769 -0.379451 -0.923706
vn -0.052769 -0.379451 -0.923706
vn -0.052769 -0.379451 -0.923706
vn -0.052769 -0.379451 -0.923706
vn -0.052769 -0.379451 -0.923706
vn -0.052769 -0.379451 -0.923706
vn 0.303029 -0.347133 -0.887509
vn 0.303029 -0.347133 -0.887509
vn 0.303029 -0.347133 -0.887509
vn 0.303029 -0.347133 -0.887509
vn 0.303029 -0.347133 -0.887509
vn 0.303029 -0.347133 -0.887509
vn -0.513432 0.841411 -0.168566
vn -0.513432 0.841411 -0.168566
vn -0.513432 0.841411 -0.168566
vn -0.513432 0.841411 -0.168566
vn -0.513432 0.841411 -0.168566
vn -0.513432 0.841411 -0.168566
vn 0.115606 0.938702 0.324768
vn 0.115606 0.938702 0.324768
vn 0.115606 0.938702 0.324768
vn 0.115606 0.938702 0.324768
vn 0.115606 0.938702 0.324768
vn 0.115606 0.938702 0.324768
vn -0.263178 0.899340 -0.349177
vn -0.263178 0.899340 -0.349177
vn -0.263178 0.899340 -0.349177
vn -0.263178 0.899340 -0.349177
vn -0.263178 0.899340 -0.349177
vn -0.263178 0.899340 -0.349177
vn 0.261942 0.951567 -0.160957
vn 0.261942 0.951567 -0.160957
vn 0.261942 0.951567 -0.160957
vn 0.261942 0.951567 -0.160957
vn 0.261942 0.951567 -0.160957
vn 0.261942 0.951567 -0.160957
vn -0.492980 0.726282 0.479046
vn -0.492980 0.726282 0.479046
vn -0.492980 0.726282 0.479046
vn -0.492980 0.726282 0.479046
vn -0.492980 0.726282 0.479046
vn -0.492980 0.726282 0.479046
vn 0.407304 0.807337 0.426977
vn 0.407304 0.807337 0.426977
vn 0.407304 0.807337 0.426977
vn 0.407304 0.807337 0.426977
vn 0.407304 0.807337 0.426977
vn 0.407304 0.807337 0.426977
vn 0.119793 0.911381 -0.393745
vn 0.119793 0.911381 -0.393745
vn 0.119793 0.911381 -0.393745
vn 0.119793 0.911381 -0.393745
vn 0.119793 0.911381 -0.393745
vn 0.119793 0.911381 -0.393745
vn 0.835731 -0.030283 -0.548303
vn 0.835731 -0.030283 -0.548303
vn 0.835731 -0.030283 -0.548303
vn 0.835731 -0.030283 -0.548303
vn 0.835731 -0.030283 -0.548303
vn 0.835731 -0.030283 -0.548303
vn -0.885455 -0.078229 -0.458094
vn -0.885455 -0.078229 -0.458094
vn -0.885455 -0.078229 -0.458094
vn -0.885455 -0.078229 -0.458094
vn -0.885455 -0.078229 -0.458094
vn -0.885455 -0.078229 -0.458094
vn -0.387837 0.893893 0.224807
vn -0.387837 0.893893 0.224807
vn -0.387837 0.893893 0.224807
vn -0.387837 0.893893 0.224807
vn -0.387837 0.893893 0.224807
vn -0.387837 0.893893 0.224807
vn 0.225417 0.956737 0.183963
vn 0.225417 0.956737 0.183963
vn 0.225417 0.956737 0.183963
vn 0.225417 0.956737 0.183963
vn 0.225417 0.956737 0.183963
vn 0.225417 0.956737 0.183963
vn -0.241912 0.907021 0.344661
vn -0.241912 0.907021 0.344661
vn -0.241912 0.907021 0.344661
vn -0.241912 0.907021 0.344661
vn -0.241912 0.907021 0.344661
vn -0.241912 0.907021 0.344661
vn 0.185624 0.543694 0.818499
vn 0.185624 0.543694 0.818499
vn 0.185624 0.543694 0.818499
vn 0.185624 0.543694 0.818499
vn 0.185624 0.543694 0.818499
vn 0.185624 0.543694 0.818499
vn -0.445167 0.511962 0.734657
vn -0.445167 0.511962 0.734657
vn -0.445167 0.511962 0.734657
vn -0.445167 0.511962 0.734657
vn -0.445167 0.511962 0.734657
vn -0.445167 0.511962 0.734657
vn -0.831439 0.066789 -0.551587
vn -0.831439 0.066789 -0.551587
vn -0.831439 0.066789 -0.551587
vn -0.831439 0.066789 -0.551587
vn -0.831439 0.066789 -0.551587
vn -0.831439 0.066789 -0.551587
vn 0.983231 0.155557 -0.095179
vn 0.983231 0.155557 -0.095179
vn 0.983231 0.155557 -0.095179
vn 0.983231 0.155557 -0.095179
vn 0.983231 0.155557 -0.095179
vn 0.983231 0.155557 -0.095179
vn 0.413415 0.100431 -0.904987
vn 0.413415 0.100431 -0.904987
vn 0.413415 0.100431 -0.904987
vn 0.413415 0.100431 -0.904987
vn 0.413415 0.100431 -0.904987
vn 0.413415 0.100431 -0.904987
vn -0.983572 0.157148 0.088823
vn -0.983572 0.157148 0.088823
vn -0.983572 0.157148 0.088823
vn -0.983572 0.157148 0.088823
vn -0.983572 0.157148 0.088823
vn -0.983572 0.157148 0.088823
vn -0.938650 0.211518 0.272390
vn -0.938650 0.211518 0.272390
vn -0.938650 0.211518 0.272390
vn -0.938650 0.211518 0.272390
vn -0.938650 0.211518 0.272390
vn -0.938650 0.211518 0.272390
vn 0.713215 0.132210 -0.688364
vn 0.713215 0.132210 -0.688364
vn 0.713215 0.132210 -0.688364
vn 0.713215 0.132210 -0.688364
vn 0.713215 0.132210 -0.688364
vn 0.713215 0.132210 -0.688364
vn -0.498763 0.076823 -0.863327
vn -0.498763 0.076823 -0.863327
vn -0.498763 0.076823 -0.863327
vn -0.498763 0.076823 -0.863327
vn -0.498763 0.076823 -0.863327
vn -0.498763 0.076823 -0.863327
vn -0.008255 -0.999950 0.005603
vn -0.008255 -0.999950 0.005603
vn -0.008255 -0.999950 0.005603
vn -0.008255 -0.999950 0.005603
vn -0.008255 -0.999950 0.005603
vn -0.008255 -0.999950 0.005603
vn -0.001029 -0.999999 0.000411
vn -0.001029 -0.999999 0.000411
vn -0.001029 -0.999999 0.000411
vn -0.001029 -0.999999 0.000411
vn -0.001029 -0.999999 0.000411
vn -0.001029 -0.999999 0.000411
vn -0.105425 0.985844 0.130371
vn -0.105425 0.985844 0.130371
vn -0.105425 0.985844 0.130371
vn -0.105425 0.985844 0.130371
vn -0.105425 0.985844 0.130371
vn -0.105425 0.985844 0.130371
vn 0.003207 -0.999967 0.007419
vn 0.003207 -0.999967 0.007419
vn 0.003207 -0.999967 0.007419
vn 0.003207 -0.999967 0.007419
vn 0.003207 -0.999967 0.007419
vn 0.003207 -0.999967 0.007419
vn 0.330597 -0.103703 0.938057
vn 0.330597 -0.103703 0.938057
vn 0.330597 -0.103703 0.938057
vn 0.330597 -0.103703 0.938057
vn 0.330597 -0.103703 0.938057
vn 0.330597 -0.103703 0.938057
vn -0.085901 0.428214 0.899585
vn -0.085901 0.428214 0.899585
vn -0.085901 0.428214 0.899585
vn -0.085901 0.428214 0.899585
vn -0.085901 0.428214 0.899585
vn -0.085901 0.428214 0.899585
vn -0.136153 0.941378 0.308657
vn -0.136153 0.941378 0.308657
vn -0.136153 0.941378 0.308657
vn -0.136153 0.941378 0.308657
vn -0.136153 0.941378 0.308657
vn -0.136153 0.941378 0.308657
vn -0.340027 0.849143 0.404150
vn -0.340027 0.849143 0.404150
vn -0.340027 0.849143 0.404150
vn -0.340027 0.849143 0.404150
vn -0.340027 0.849143 0.404150
vn -0.340027 0.849143 0.404150
vn 0.200865 0.933498 0.297043
vn 0.200865 0.933498 0.297043
vn 0.200865 0.933498 0.297043
vn 0.200865 0.933498 0.297043
vn 0.200865 0.933498 0.297043
vn 0.200865 0.933498 0.297043
vn 0.007072 -0.999779 0.019822
vn 0.007072 -0.999779 0.019822
vn 0.007072 -0.999779 0.019822
vn 0.007072 -0.999779 0.019822
vn 0.007072 -0.999779 0.019822
vn 0.007072 -0.999779 0.019822
vn 0.008571 -0.999953 0.004518
vn 0.008571 -0.999953 0.004518
vn 0.008571 -0.999953 0.004518
vn 0.008571 -0.999953 0.004518
vn 0.008571 -0.999953 0.004518
vn 0.008571 -0.999953 0.004518
vn 0.240175 0.846117 0.475817
vn 0.240175 0.846117 0.475817
vn 0.240175 0.846117 0.475817
vn 0.240175 0.846117 0.475817
vn 0.240175 0.846117 0.475817
vn 0.240175 0.846117 0.475817
vn 0.021174 -0.998932 -0.041072
vn 0.021174 -0.998932 -0.041072
vn 0.021174 -0.998932 -0.041072
vn 0.021174 -0.998932 -0.041072
vn 0.021174 -0.998932 -0.041072
vn 0.021174 -0.998932 -0.041072
vn 0.008449 -0.999810 0.017577
vn 0.008449 -0.999810 0.017577
vn 0.008449 -0.999810 0.017577
vn 0.008449 -0.999810 0.017577
vn 0.008449 -0.999810 0.017577
vn 0.008449 -0.999810 0.017577
vn -0.677975 0.416034 0.606025
vn -0.677975 0.416034 0.606025
vn -0.677975 0.416034 0.606025
vn -0.677975 0.416034 0.606025
vn -0.677975 0.416034 0.606025
vn -0.677975 0.416034 0.606025
vn 0.388070 0.531907 0.752646
vn 0.388070 0.531907 0.752646
vn 0.388070 0.531907 0.752646
vn 0.388070 0.531907 0.752646
vn 0.388070 0.531907 0.752646
vn 0.388070 0.531907 0.752646
vn 0.817237 0.479224 0.320105
vn 0.817237 0.479224 0.320105
vn 0.817237 0.479224 0.320105
vn 0.817237 0.479224 0.320105
vn 0.817237 0.479224 0.320105
vn 0.817237 0.479224 0.320105
vn -0.113264 -0.091768 0.989318
vn -0.113264 -0.091768 0.989318
vn -0.113264 -0.091768 0.989318
vn -0.113264 -0.091768 0.989318
vn -0.113264 -0.091768 0.989318
vn -0.113264 -0.091768 0.989318
vn 0.893304 -0.122458 0.432448
vn 0.893304 -0.122458 0.432448
vn 0.893304 -0.122458 0.432448
vn 0.893304 -0.122458 0.432448
vn 0.893304 -0.122458 0.432448
vn 0.893304 -0.122458 0.432448
vn -0.640488 -0.173318 0.748155
vn -0.640488 -0.173318 0.748155
vn -0.640488 -0.173318 0.748155
vn -0.640488 -0.173318 0.748155
vn -0.640488 -0.173318 0.748155
vn -0.640488 -0.173318 0.748155
vn -0.053388 -0.998365 -0.020422
vn -0.053388 -0.998365 -0.020422
vn -0.053388 -0.998365 -0.020422
vn -0.053388 -0.998365 -0.020422
vn -0.053388 -0.998365 -0.020422
vn -0.053388 -0.998365 -0.020422
vn -0.063156 -0.997990 0.005164
vn -0.063156 -0.997990 0.005164
vn -0.063156 -0.997990 0.005164
vn -0.063156 -0.997990 0.005164
vn -0.063156 -0.997990 0.005164
vn -0.063156 -0.997990 0.005164
vn -0.064366 -0.997921 0.003209
vn -0.064366 -0.997921 0.003209
vn -0.064366 -0.997921 0.003209
vn -0.064366 -0.997921 0.003209
vn -0.064366 -0.997921 0.003209
vn -0.064366 -0.997921 0.003209
vn -0.053732 -0.998500 0.010528
vn -0.053732 -0.998500 0.010528
vn -0.053732 -0.998500 0.010528
vn -0.053732 -0.998500 0.010528
vn -0.053732 -0.998500 0.010528
vn -0.053732 -0.998500 0.010528
vn -0.031361 -0.999346 0.017998
vn -0.031361 -0.999346 0.017998
vn -0.031361 -0.999346 0.017998
vn -0.031361 -0.999346 0.017998
vn -0.031361 -0.999346 0.017998
vn -0.031361 -0.999346 0.017998
vn -0.968221 0.142766 0.205345
vn -0.968221 0.142766 0.205345
vn -0.968221 0.142766 0.205345
vn -0.968221 0.142766 0.205345
vn -0.968221 0.142766 0.205345
vn -0.968221 0.142766 0.205345
vn 0.993722 0.035340 -0.106152
vn 0.993722 0.035340 -0.106152
vn 0.993722 0.035340 -0.106152
vn 0.993722 0.035340 -0.106152
vn 0.993722 0.035340 -0.106152
vn 0.993722 0.035340 -0.106152
vn -0.971609 -0.179278 0.154387
vn -0.971609 -0.179278 0.154387
vn -0.971609 -0.179278 0.154387
vn -0.971609 -0.179278 0.154387
vn -0.971609 -0.179278 0.154387
vn -0.971609 -0.179278 0.154387
vn -0.780037 0.021037 -0.625379
vn -0.780037 0.021037 -0.625379
vn -0.780037 0.021037 -0.625379
vn -0.780037 0.021037 -0.625379
vn -0.780037 0.021037 -0.625379
vn -0.780037 0.021037 -0.625379
vn -0.765501 -0.115575 -0.632970
vn -0.765501 -0.115575 -0.632970
vn -0.765501 -0.115575 -0.632970
vn -0.765501 -0.115575 -0.632970
vn -0.765501 -0.115575 -0.632970
vn -0.765501 -0.115575 -0.632970
vn -0.985589 -0.165258 0.036120
vn -0.985589 -0.165258 0.036120
vn -0.985589 -0.165258 0.036120
vn -0.985589 -0.165258 0.036120
vn -0.985589 -0.165258 0.036120
vn -0.985589 -0.165258 0.036120
vn -0.983022 -0.183087 0.012094
vn -0.983022 -0.183087 0.012094
vn -0.983022 -0.183087 0.012094
vn -0.983022 -0.183087 0.012094
vn -0.983022 -0.183087 0.012094
vn -0.983022 -0.183087 0.012094
vn -0.982811 -0.182988 0.024446
vn -0.982811 -0.182988 0.024446
vn -0.982811 -0.182988 0.024446
vn -0.982811 -0.182988 0.024446
vn -0.982811 -0.182988 0.024446
vn -0.982811 -0.182988 0.024446
vn -0.979972 -0.167081 0.108345
vn -0.979972 -0.167081 0.108345
vn -0.979972 -0.167081 0.108345
vn -0.979972 -0.167081 0.108345
vn -0.979972 -0.167081 0.108345
vn -0.979972 -0.167081 0.108345
vn -0.533339 0.819684 0.208968
vn -0.533339 0.819684 0.208968
vn -0.533339 0.819684 0.208968
vn -0.533339 0.819684 0.208968
vn -0.533339 0.819684 0.208968
vn -0.533339 0.819684 0.208968
vn -0.676031 0.723074 0.141934
vn -0.676031 0.723074 0.141934
vn -0.676031 0.723074 0.141934
vn -0.676031 0.723074 0.141934
vn -0.676031 0.723074 0.141934
vn -0.676031 0.723074 0.141934
vn -0.906365 0.407166 0.112778
vn -0.906365 0.407166 0.112778
vn -0.906365 0.407166 0.112778
vn -0.906365 0.407166 0.112778
vn -0.906365 0.407166 0.112778
vn -0.906365 0.407166 0.112778
vn 0.684385 -0.001351 -0.729119
vn 0.684385 -0.001351 -0.729119
vn 0.684385 -0.001351 -0.729119
vn 0.684385 -0.001351 -0.729119
vn 0.684385 -0.001351 -0.729119
vn 0.684385 -0.001351 -0.729119
vn -0.955629 0.224138 0.191142
vn -0.955629 0.224138 0.191142
vn -0.955629 0.224138 0.191142
vn -0.955629 0.224138 0.191142
vn -0.955629 0.224138 0.191142
vn -0.955629 0.224138 0.191142
vn -0.995411 0.091975 0.026408
vn -0.995411 0.091975 0.026408
vn -0.995411 0.091975 0.026408
vn -0.995411 0.091975 0.026408
vn -0.995411 0.091975 0.026408
vn -0.995411 0.091975 0.026408
vn -0.985730 0.165901 -0.028500
vn -0.985730 0.165901 -0.028500
vn -0.985730 0.165901 -0.028500
vn -0.985730 0.165901 -0.028500
vn -0.985730 0.165901 -0.028500
vn -0.985730 0.165901 -0.028500
vn -0.995840 0.076923 0.048835
vn -0.995840 0.076923 0.048835
vn -0.995840 0.076923 0.048835
vn -0.995840 0.076923 0.048835
vn -0.995840 0.076923 0.048835
vn -0.995840 0.076923 0.048835
vn 0.066037 -0.997799 -0.006067
vn 0.066037 -0.997799 -0.006067
vn 0.066037 -0.997799 -0.006067
vn 0.066037 -0.997799 -0.006067
vn 0.066037 -0.997799 -0.006067
vn 0.066037 -0.997799 -0.006067
vn 0.987221 0.157913 -0.021405
vn 0.987221 0.157913 -0.021405
vn 0.987221 0.157913 -0.021405
vn 0.987221 0.157913 -0.021405
vn 0.987221 0.157913 -0.021405
vn 0.987221 0.157913 -0.021405
vn 0.990837 0.107898 0.081243
vn 0.990837 0.107898 0.081243
vn 0.990837 0.107898 0.081243
vn 0.990837 0.107898 0.081243
vn 0.990837 0.107898 0.081243
vn 0.990837 0.107898 0.081243
vn 0.976430 -0.177281 -0.123110
vn 0.976430 -0.177281 -0.123110
vn 0.976430 -0.177281 -0.123110
vn 0.976430 -0.177281 -0.123110
vn 0.976430 -0.177281 -0.123110
vn 0.976430 -0.177281 -0.123110
vn 0.686302 -0.110222 -0.718916
vn 0.686302 -0.110222 -0.718916
vn 0.686302 -0.110222 -0.718916
vn 0.686302 -0.110222 -0.718916
vn 0.686302 -0.110222 -0.718916
vn 0.686302 -0.110222 -0.718916
vn 0.976688 -0.165486 -0.136730
vn 0.976688 -0.165486 -0.136730
vn 0.976688 -0.165486 -0.136730
vn 0.976688 -0.165486 -0.136730
vn 0.976688 -0.165486 -0.136730
vn 0.976688 -0.165486 -0.136730
vn 0.981405 -0.181140 -0.063506
vn 0.981405 -0.181140 -0.063506
vn 0.981405 -0.181140 -0.063506
vn 0.981405 -0.181140 -0.063506
vn 0.981405 -0.181140 -0.063506
vn 0.981405 -0.181140 -0.063506
vn 0.975939 -0.187349 -0.111550
vn 0.975939 -0.187349 -0.111550
vn 0.975939 -0.187349 -0.111550
vn 0.975939 -0.187349 -0.111550
vn 0.975939 -0.187349 -0.111550
vn 0.975939 -0.187349 -0.111550
vn 0.971570 -0.174832 -0.159644
vn 0.971570 -0.174832 -0.159644
vn 0.971570 -0.174832 -0.159644
vn 0.971570 -0.174832 -0.159644
vn 0.971570 -0.174832 -0.159644
vn 0.971570 -0.174832 -0.159644
vn 0.656972 0.752235 0.050300
vn 0.656972 0.752235 0.050300
vn 0.656972 0.752235 0.050300
vn 0.656972 0.752235 0.050300
vn 0.656972 0.752235 0.050300
vn 0.656972 0.752235 0.050300
vn 0.726350 0.681381 0.090200
vn 0.726350 0.681381 0.090200
vn 0.726350 0.681381 0.090200
vn 0.726350 0.681381 0.090200
vn 0.726350 0.681381 0.090200
vn 0.726350 0.681381 0.090200
vn 0.944594 0.309744 0.108629
vn 0.944594 0.309744 0.108629
vn 0.944594 0.309744 0.108629
vn 0.944594 0.309744 0.108629
vn 0.944594 0.309744 0.108629
vn 0.944594 0.309744 0.108629
vn 0.906671 0.414452 -0.078594
vn 0.906671 0.414452 -0.078594
vn 0.906671 0.414452 -0.078594
vn 0.906671 0.414452 -0.078594
vn 0.906671 0.414452 -0.078594
vn 0.906671 0.414452 -0.078594
vn 0.947392 0.307187 -0.089914
vn 0.947392 0.307187 -0.089914
vn 0.947392 0.307187 -0.089914
vn 0.947392 0.307187 -0.089914
vn 0.947392 0.307187 -0.089914
vn 0.947392 0.307187 -0.089914
vn 0.965146 0.255836 -0.055146
vn 0.965146 0.255836 -0.055146
vn 0.965146 0.255836 -0.055146
vn 0.965146 0.255836 -0.055146
vn 0.965146 0.255836 -0.055146
vn 0.965146 0.255836 -0.055146
vn 0.061365 -0.998104 -0.004691
vn 0.061365 -0.998104 -0.004691
vn 0.061365 -0.998104 -0.004691
vn 0.061365 -0.998104 -0.004691
vn 0.061365 -0.998104 -0.004691
vn 0.061365 -0.998104 -0.004691
vn 0.055765 -0.998439 0.003093
vn 0.055765 -0.998439 0.003093
vn 0.055765 -0.998439 0.003093
vn 0.055765 -0.998439 0.003093
vn 0.055765 -0.998439 0.003093
vn 0.055765 -0.998439 0.003093
vn 0.030048 -0.999433 0.015226
vn 0.030048 -0.999433 0.015226
vn 0.030048 -0.999433 0.015226
vn 0.030048 -0.999433 0.015226
vn 0.030048 -0.999433 0.015226
vn 0.030048 -0.999433 0.015226
vn 0.057912 -0.997921 -0.028287
vn 0.057912 -0.997921 -0.028287
vn 0.057912 -0.997921 -0.028287
vn 0.057912 -0.997921 -0.028287
vn 0.057912 -0.997921 -0.028287
vn 0.057912 -0.997921 -0.028287
vn -0.033064 -0.998689 -0.039084
vn -0.033064 -0.998689 -0.039084
vn -0.033064 -0.998689 -0.039084
vn -0.033064 -0.998689 -0.039084
vn -0.033064 -0.998689 -0.039084
vn -0.033064 -0.998689 -0.039084
vn -0.001330 -0.999965 0.008297
vn -0.001330 -0.999965 0.008297
vn -0.001330 -0.999965 0.008297
vn -0.001330 -0.999965 0.008297
vn -0.001330 -0.999965 0.008297
vn -0.001330 -0.999965 0.008297
vn 0.124435 0.986535 0.106137
vn 0.124435 0.986535 0.106137
vn 0.124435 0.986535 0.106137
vn 0.124435 0.986535 0.106137
vn 0.124435 0.986535 0.106137
vn 0.124435 0.986535 0.106137
vn -0.529478 -0.002431 -0.848320
vn -0.529478 -0.002431 -0.848320
vn -0.529478 -0.002431 -0.848320
vn -0.529478 -0.002431 -0.848320
vn -0.529478 -0.002431 -0.848320
vn -0.529478 -0.002431 -0.848320
vn 0.404967 -0.005666 -0.914314
vn 0.404967 -0.005666 -0.914314
vn 0.404967 -0.005666 -0.914314
vn 0.404967 -0.005666 -0.914314
vn 0.404967 -0.005666 -0.914314
vn 0.404967 -0.005666 -0.914314
vn 0.001063 -0.999999 0.000272
vn 0.001063 -0.999999 0.000272
vn 0.001063 -0.999999 0.000272
vn 0.001063 -0.999999 0.000272
vn 0.001063 -0.999999 0.000272
vn 0.001063 -0.999999 0.000272
vn 0.420681 -0.078070 -0.903843
vn 0.420681 -0.078070 -0.903843
vn 0.420681 -0.078070 -0.903843
vn 0.420681 -0.078070 -0.903843
vn 0.420681 -0.078070 -0.903843
vn 0.420681 -0.078070 -0.903843
vn -0.544131 -0.085775 -0.834604
vn -0.544131 -0.085775 -0.834604
vn -0.544131 -0.085775 -0.834604
vn -0.544131 -0.085775 -0.834604
vn -0.544131 -0.085775 -0.834604
vn -0.544131 -0.085775 -0.834604
vt 0.000000 1.000000
vt 0.000000 1.000000
vt 0.000000 1.000000
vt 0.000000 1.000000
vt 0.000000 1.000000
vt 0.000000 1.000000
vt 0.000000 1.000000
vt 0.000000 1.000000
vt 0.000000 1.000000
vt 0.000000 1.000000
vt 0.000000 1.000000
vt 0.000000 1.000000
vt 0.000000 1.000000
vt 0.000000 1.000000
vt 0.000000 1.000000
vt 0.000000 1.000000
vt 0.000000 1.000000
vt 0.000000 1.000000
vt 0.000000 1.000000
vt 0.000000 1.000000
vt 0.000000 1.000000
vt 0.000000 1.000000
vt 0.000000 1.000000
vt 0.000000 1.000000
vt 0.000000 1.000000
vt 0.000000 1.000000
vt 0.000000 1.000000
vt 0.000000 1.000000
vt 0.000000 1.000000
vt 0.000000 1.000000
vt 0.000000 1.000000
vt 0.000000 1.000000
vt 0.000000 1.000000
vt 0.000000 1.000000
vt 0.000000 1.000000
vt 0.000000 1.000000
vt 0.000000 1.000000
vt 0.000000 1.000000
vt 0.000000 1.000000
vt 0.000000 1.000000
vt 0.000000 1.000000
vt 0.000000 1.000000
vt 0.000000 1.000000
vt 0.000000 1.000000
vt 0.000000 1.000000
vt 0.000000 1.000000
vt 0.000000 1.000000
vt 0.000000 1.000000
vt 0.000000 1.000000
vt 0.000000 1.000000
vt 0.000000 1.000000
vt 0.000000 1.000000
vt 0.000000 1.000000
vt 0.000000 1.000000
vt 0.000000 1.000000
vt 0.000000 1.000000
vt 0.000000 1.000000
vt 0.000000 1.000000
vt 0.000000 1.000000
vt 0.000000 1.000000
vt 0.000000 1.000000
vt 0.000000 1.000000
vt 0.000000 1.000000
vt 0.000000 1.000000
vt 0.000000 1.000000
vt 0.000000 1.000000
vt 0.000000 1.000000
vt 0.000000 1.000000
vt 0.000000 1.000000
vt 0.000000 1.000000
vt 0.000000 1.000000
vt 0.000000 1.000000
vt 0.000000 1.000000
vt 0.000000 1.000000
vt 0.000000 1.000000
vt 0.000000 1.000000
vt 0.000000 1.000000
vt 0.000000 1.000000
vt 0.000000 1.000000
vt 0.000000 1.000000
vt 0.000000 1.000000
vt 0.000000 1.000000
vt 0.000000 1.000000
vt 0.000000 1.000000
vt 0.000000 1.000000
vt 0.000000 1.000000
vt 0.000000 1.000000
vt 0.000000 1.000000
vt 0.000000 1.000000
vt 0.000000 1.000000
vt 0.000000 1.000000
vt 0.000000 1.000000
vt 0.000000 1.000000
vt 0.000000 1.000000
vt 0.000000 1.000000
vt 0.000000 1.000000
vt 0.000000 1.000000
vt 0.000000 1.000000
vt 0.000000 1.000000
vt 0.000000 1.000000
vt 0.000000 1.000000
vt 0.000000 1.000000
vt 0.000000 1.000000
vt 0.000000 1.000000
vt 0.000000 1.000000
vt 0.000000 1.000000
vt 0.000000 1.000000
vt 0.000000 1.000000
vt 0.000000 1.000000
vt 0.000000 1.000000
vt 0.000000 1.000000
vt 0.000000 1.000000
vt 0.000000 1.000000
vt 0.000000 1.000000
vt 0.000000 1.000000
vt 0.000000 1.000000
vt 0.000000 1.000000
vt 0.000000 1.000000
vt 0.000000 1.000000
vt 0.000000 1.000000
vt 0.000000 1.000000
vt 0.000000 1.000000
vt 0.000000 1.000000
vt 0.000000 1.000000
vt 0.000000 1.000000
vt 0.000000 1.000000
vt 0.000000 1.000000
vt 0.000000 1.000000
vt 0.000000 1.000000
vt 0.000000 1.000000
vt 0.000000 1.000000
vt 0.000000 1.000000
vt 0.000000 1.000000
vt 0.000000 1.000000
vt 0.000000 1.000000
vt 0.000000 1.000000
vt 0.000000 1.000000
vt 0.000000 1.000000
vt 0.000000 1.000000
vt 0.000000 1.000000
vt 0.000000 1.000000
vt 0.000000 1.000000
vt 0.000000 1.000000
vt 0.000000 1.000000
vt 0.000000 1.000000
vt 0.000000 1.000000
vt 0.000000 1.000000
vt 0.000000 1.000000
vt 0.000000 1.000000
vt 0.000000 1.000000
vt 0.000000 1.000000
vt 0.000000 1.000000
vt 0.000000 1.000000
vt 0.000000 1.000000
vt 0.000000 1.000000
vt 0.000000 1.000000
vt 0.000000 1.000000
vt 0.000000 1.000000
vt 0.000000 1.000000
vt 0.000000 1.000000
vt 0.000000 1.000000
vt 0.000000 1.000000
vt 0.000000 1.000000
vt 0.000000 1.000000
vt 0.000000 1.000000
vt 0.000000 1.000000
vt 0.000000 1.000000
vt 0.000000 1.000000
vt 0.000000 1.000000
vt 0.000000 1.000000
vt 0.000000 1.000000
vt 0.000000 1.000000
vt 0.000000 1.000000
vt 0.000000 1.000000
vt 0.000000 1.000000
vt 0.000000 1.000000
vt 0.000000 1.000000
vt 0.000000 1.000000
vt 0.000000 1.000000
vt 0.000000 1.000000
vt 0.000000 1.000000
vt 0.000000 1.000000
vt 0.000000 1.000000
vt 0.000000 1.000000
vt 0.000000 1.000000
vt 0.000000 1.000000
vt 0.000000 1.000000
vt 0.000000 1.000000
vt 0.000000 1.000000
vt 0.000000 1.000000
vt 0.000000 1.000000
vt 0.000000 1.000000
vt 0.000000 1.000000
vt 0.000000 1.000000
vt 0.000000 1.000000
vt 0.000000 1.000000
vt 0.000000 1.000000
vt 0.000000 1.000000
vt 0.000000 1.000000
vt 0.000000 1.000000
vt 0.000000 1.000000
vt 0.000000 1.000000
vt 0.000000 1.000000
vt 0.000000 1.000000
vt 0.000000 1.000000
vt 0.000000 1.000000
vt 0.000000 1.000000
vt 0.000000 1.000000
vt 0.000000 1.000000
vt 0.000000 1.000000
vt 0.000000 1.000000
vt 0.000000 1.000000
vt 0.000000 1.000000
vt 0.000000 1.000000
vt 0.000000 1.000000
vt 0.000000 1.000000
vt 0.000000 1.000000
vt 0.000000 1.000000
vt 0.000000 1.000000
vt 0.000000 1.000000
vt 0.000000 1.000000
vt 0.000000 1.000000
vt 0.000000 1.000000
vt 0.000000 1.000000
vt 0.000000 1.000000
vt 0.000000 1.000000
vt 0.000000 1.000000
vt 0.000000 1.000000
vt 0.000000 1.000000
vt 0.000000 1.000000
vt 0.000000 1.000000
vt 0.000000 1.000000
vt 0.000000 1.000000
vt 0.000000 1.000000
vt 0.000000 1.000000
vt 0.000000 1.000000
vt 0.000000 1.000000
vt 0.000000 1.000000
vt 0.000000 1.000000
vt 0.000000 1.000000
vt 0.000000 1.000000
vt 0.000000 1.000000
vt 0.000000 1.000000
vt 0.000000 1.000000
vt 0.000000 1.000000
vt 0.000000 1.000000
vt 0.000000 1.000000
vt 0.000000 1.000000
vt 0.000000 1.000000
vt 0.000000 1.000000
vt 0.000000 1.000000
vt 0.000000 1.000000
vt 0.000000 1.000000
vt 0.000000 1.000000
vt 0.000000 1.000000
vt 0.000000 1.000000
vt 0.000000 1.000000
vt 0.000000 1.000000
vt 0.000000 1.000000
vt 0.000000 1.000000
vt 0.000000 1.000000
vt 0.000000 1.000000
vt 0.000000 1.000000
vt 0.000000 1.000000
vt 0.000000 1.000000
vt 0.000000 1.000000
vt 0.000000 1.000000
vt 0.000000 1.000000
vt 0.000000 1.000000
vt 0.000000 1.000000
vt 0.000000 1.000000
vt 0.000000 1.000000
vt 0.000000 1.000000
vt 0.000000 1.000000
vt 0.000000 1.000000
vt 0.000000 1.000000
vt 0.000000 1.000000
vt 0.000000 1.000000
vt 0.000000 1.000000
vt 0.000000 1.000000
vt 0.000000 1.000000
vt 0.000000 1.000000
vt 0.000000 1.000000
vt 0.000000 1.000000
vt 0.000000 1.000000
vt 0.000000 1.000000
vt 0.000000 1.000000
vt 0.000000 1.000000
vt 0.000000 1.000000
vt 0.000000 1.000000
vt 0.000000 1.000000
vt 0.000000 1.000000
vt 0.000000 1.000000
vt 0.000000 1.000000
vt 0.000000 1.000000
vt 0.000000 1.000000
vt 0.000000 1.000000
vt 0.000000 1.000000
vt 0.000000 1.000000
vt 0.000000 1.000000
vt 0.000000 1.000000
vt 0.000000 1.000000
vt 0.000000 1.000000
vt 0.000000 1.000000
vt 0.000000 1.000000
vt 0.000000 1.000000
vt 0.000000 1.000000
vt 0.000000 1.000000
vt 0.000000 1.000000
vt 0.000000 1.000000
vt 0.000000 1.000000
vt 0.000000 1.000000
vt 0.000000 1.000000
vt 0.000000 1.000000
vt 0.000000 1.000000
vt 0.000000 1.000000
vt 0.000000 1.000000
vt 0.000000 1.000000
vt 0.000000 1.000000
vt 0.000000 1.000000
vt 0.000000 1.000000
vt 0.000000 1.000000
vt 0.000000 1.000000
vt 0.000000 1.000000
vt 0.000000 1.000000
vt 0.000000 1.000000
vt 0.000000 1.000000
vt 0.000000 1.000000
vt 0.000000 1.000000
vt 0.000000 1.000000
vt 0.000000 1.000000
vt 0.000000 1.000000
vt 0.000000 1.000000
vt 0.000000 1.000000
vt 0.000000 1.000000
vt 0.000000 1.000000
vt 0.000000 1.000000
vt 0.000000 1.000000
vt 0.000000 1.000000
vt 0.000000 1.000000
vt 0.000000 1.000000
vt 0.000000 1.000000
vt 0.000000 1.000000
vt 0.000000 1.000000
vt 0.000000 1.000000
vt 0.000000 1.000000
vt 0.000000 1.000000
vt 0.000000 1.000000
vt 0.000000 1.000000
vt 0.000000 1.000000
vt 0.000000 1.000000
vt 0.000000 1.000000
vt 0.000000 1.000000
vt 0.000000 1.000000
vt 0.000000 1.000000
vt 0.000000 1.000000
vt 0.000000 1.000000
vt 0.000000 1.000000
vt 0.000000 1.000000
vt 0.000000 1.000000
vt 0.000000 1.000000
vt 0.000000 1.000000
vt 0.000000 1.000000
vt 0.000000 1.000000
vt 0.000000 1.000000
vt 0.000000 1.000000
vt 0.000000 1.000000
vt 0.000000 1.000000
vt 0.000000 1.000000
vt 0.000000 1.000000
vt 0.000000 1.000000
vt 0.000000 1.000000
vt 0.000000 1.000000
vt 0.000000 1.000000
vt 0.000000 1.000000
vt 0.000000 1.000000
vt 0.000000 1.000000
vt 0.000000 1.000000
vt 0.000000 1.000000
vt 0.000000 1.000000
vt 0.000000 1.000000
vt 0.000000 1.000000
vt 0.000000 1.000000
vt 0.000000 1.000000
vt 0.000000 1.000000
vt 0.000000 1.000000
vt 0.000000 1.000000
vt 0.000000 1.000000
vt 0.000000 1.000000
vt 0.000000 1.000000
vt 0.000000 1.000000
vt 0.000000 1.000000
vt 0.000000 1.000000
vt 0.000000 1.000000
vt 0.000000 1.000000
vt 0.000000 1.000000
vt 0.000000 1.000000
vt 0.000000 1.000000
vt 0.000000 1.000000
vt 0.000000 1.000000
vt 0.000000 1.000000
vt 0.000000 1.000000
vt 0.000000 1.000000
vt 0.000000 1.000000
vt 0.000000 1.000000
vt 0.000000 1.000000
vt 0.000000 1.000000
vt 0.000000 1.000000
vt 0.000000 1.000000
vt 0.000000 1.000000
vt 0.000000 1.000000
vt 0.000000 1.000000
vt 0.000000 1.000000
vt 0.000000 1.000000
vt 0.000000 1.000000
vt 0.000000 1.000000
vt 0.000000 1.000000
vt 0.000000 1.000000
vt 0.000000 1.000000
vt 0.000000 1.000000
vt 0.000000 1.000000
vt 0.000000 1.000000
vt 0.000000 1.000000
vt 0.000000 1.000000
vt 0.000000 1.000000
vt 0.000000 1.000000
vt 0.000000 1.000000
vt 0.000000 1.000000
vt 0.000000 1.000000
vt 0.000000 1.000000
vt 0.000000 1.000000
vt 0.000000 1.000000
vt 0.000000 1.000000
vt 0.000000 1.000000
vt 0.000000 1.000000
vt 0.000000 1.000000
vt 0.000000 1.000000
vt 0.000000 1.000000
vt 0.000000 1.000000
vt 0.000000 1.000000
vt 0.000000 1.000000
vt 0.000000 1.000000
vt 0.000000 1.000000
vt 0.000000 1.000000
vt 0.000000 1.000000
vt 0.000000 1.000000
vt 0.000000 1.000000
vt 0.000000 1.000000
vt 0.000000 1.000000
vt 0.000000 1.000000
vt 0.000000 1.000000
vt 0.000000 1.000000
vt 0.000000 1.000000
vt 0.000000 1.000000
vt 0.000000 1.000000
vt 0.000000 1.000000
vt 0.000000 1.000000
vt 0.000000 1.000000
vt 0.000000 1.000000
vt 0.000000 1.000000
vt 0.000000 1.000000
vt 0.000000 1.000000
vt 0.000000 1.000000
vt 0.000000 1.000000
vt 0.000000 1.000000
vt 0.000000 1.000000
vt 0.000000 1.000000
vt 0.000000 1.000000
vt 0.000000 1.000000
vt 0.000000 1.000000
vt 0.000000 1.000000
vt 0.000000 1.000000
vt 0.000000 1.000000
vt 0.000000 1.000000
vt 0.000000 1.000000
vt 0.000000 1.000000
vt 0.000000 1.000000
vt 0.000000 1.000000
vt 0.000000 1.000000
vt 0.000000 1.000000
vt 0.000000 1.000000
vt 0.000000 1.000000
vt 0.000000 1.000000
vt 0.000000 1.000000
vt 0.000000 1.000000
vt 0.000000 1.000000
vt 0.000000 1.000000
vt 0.000000 1.000000
vt 0.000000 1.000000
vt 0.000000 1.000000
vt 0.000000 1.000000
vt 0.000000 1.000000
vt 0.000000 1.000000
vt 0.000000 1.000000
vt 0.000000 1.000000
vt 0.000000 1.000000
vt 0.000000 1.000000
vt 0.000000 1.000000
vt 0.000000 1.000000
vt 0.000000 1.000000
vt 0.000000 1.000000
vt 0.000000 1.000000
vt 0.000000 1.000000
vt 0.000000 1.000000
vt 0.000000 1.000000
vt 0.000000 1.000000
vt 0.000000 1.000000
vt 0.000000 1.000000
vt 0.000000 1.000000
vt 0.000000 1.000000
vt 0.000000 1.000000
vt 0.000000 1.000000
vt 0.000000 1.000000
vt 0.000000 1.000000
vt 0.000000 1.000000
vt 0.000000 1.000000
vt 0.000000 1.000000
vt 0.000000 1.000000
vt 0.000000 1.000000
vt 0.000000 1.000000
vt 0.000000 1.000000
vt 0.000000 1.000000
vt 0.000000 1.000000
vt 0.000000 1.000000
vt 0.000000 1.000000
vt 0.000000 1.000000
vt 0.000000 1.000000
vt 0.000000 1.000000
vt 0.000000 1.000000
vt 0.000000 1.000000
vt 0.000000 1.000000
vt 0.000000 1.000000
vt 0.000000 1.000000
vt 0.000000 1.000000
vt 0.000000 1.000000
vt 0.000000 1.000000
vt 0.000000 1.000000
vt 0.000000 1.000000
vt 0.000000 1.000000
vt 0.000000 1.000000
vt 0.000000 1.000000
vt 0.000000 1.000000
vt 0.000000 1.000000
vt 0.000000 1.000000
vt 0.000000 1.000000
vt 0.000000 1.000000
vt 0.000000 1.000000
vt 0.000000 1.000000
vt 0.000000 1.000000
vt 0.000000 1.000000
vt 0.000000 1.000000
vt 0.000000 1.000000
vt 0.000000 1.000000
vt 0.000000 1.000000
vt 0.000000 1.000000
vt 0.000000 1.000000
vt 0.000000 1.000000
vt 0.000000 1.000000
vt 0.000000 1.000000
vt 0.000000 1.000000
vt 0.000000 1.000000
vt 0.000000 1.000000
vt 0.000000 1.000000
vt 0.000000 1.000000
vt 0.000000 1.000000
vt 0.000000 1.000000
vt 0.000000 1.000000
vt 0.000000 1.000000
vt 0.000000 1.000000
vt 0.000000 1.000000
vt 0.000000 1.000000
vt 0.000000 1.000000
vt 0.000000 1.000000
vt 0.000000 1.000000
vt 0.000000 1.000000
vt 0.000000 1.000000
vt 0.000000 1.000000
vt 0.000000 1.000000
vt 0.000000 1.000000
vt 0.000000 1.000000
vt 0.000000 1.000000
vt 0.000000 1.000000
vt 0.000000 1.000000
vt 0.000000 1.000000
vt 0.000000 1.000000
vt 0.000000 1.000000
vt 0.000000 1.000000
vt 0.000000 1.000000
vt 0.000000 1.000000
vt 0.000000 1.000000
vt 0.000000 1.000000
vt 0.000000 1.000000
vt 0.000000 1.000000
vt 0.000000 1.000000
vt 0.000000 1.000000
vt 0.000000 1.000000
vt 0.000000 1.000000
vt 0.000000 1.000000
vt 0.000000 1.000000
vt 0.000000 1.000000
vt 0.000000 1.000000
vt 0.000000 1.000000
vt 0.000000 1.000000
vt 0.000000 1.000000
vt 0.000000 1.000000
vt 0.000000 1.000000
vt 0.000000 1.000000
vt 0.000000 1.000000
vt 0.000000 1.000000
vt 0.000000 1.000000
vt 0.000000 1.000000
vt 0.000000 1.000000
vt 0.000000 1.000000
vt 0.000000 1.000000
vt 0.000000 1.000000
vt 0.000000 1.000000
vt 0.000000 1.000000
vt 0.000000 1.000000
vt 0.000000 1.000000
vt 0.000000 1.000000
vt 0.000000 1.000000
vt 0.000000 1.000000
vt 0.000000 1.000000
vt 0.000000 1.000000
vt 0.000000 1.000000
vt 0.000000 1.000000
vt 0.000000 1.000000
vt 0.000000 1.000000
vt 0.000000 1.000000
vt 0.000000 1.000000
vt 0.000000 1.000000
vt 0.000000 1.000000
vt 0.000000 1.000000
vt 0.000000 1.000000
vt 0.000000 1.000000
vt 0.000000 1.000000
vt 0.000000 1.000000
vt 0.000000 1.000000
vt 0.000000 1.000000
vt 0.000000 1.000000
vt 0.000000 1.000000
vt 0.000000 1.000000
vt 0.000000 1.000000
vt 0.000000 1.000000
vt 0.000000 1.000000
vt 0.000000 1.000000
vt 0.000000 1.000000
vt 0.000000 1.000000
vt 0.000000 1.000000
vt 0.000000 1.000000
vt 0.000000 1.000000
vt 0.000000 1.000000
vt 0.000000 1.000000
vt 0.000000 1.000000
vt 0.000000 1.000000
vt 0.000000 1.000000
vt 0.000000 1.000000
vt 0.000000 1.000000
vt 0.000000 1.000000
vt 0.000000 1.000000
vt 0.000000 1.000000
vt 0.000000 1.000000
vt 0.000000 1.000000
vt 0.000000 1.000000
vt 0.000000 1.000000
vt 0.000000 1.000000
vt 0.000000 1.000000
vt 0.000000 1.000000
vt 0.000000 1.000000
vt 0.000000 1.000000
vt 0.000000 1.000000
vt 0.000000 1.000000
vt 0.000000 1.000000
vt 0.000000 1.000000
vt 0.000000 1.000000
vt 0.000000 1.000000
vt 0.000000 1.000000
vt 0.000000 1.000000
vt 0.000000 1.000000
vt 0.000000 1.000000
vt 0.000000 1.000000
vt 0.000000 1.000000
vt 0.000000 1.000000
vt 0.000000 1.000000
vt 0.000000 1.000000
vt 0.000000 1.000000
vt 0.000000 1.000000
vt 0.000000 1.000000
vt 0.000000 1.000000
vt 0.000000 1.000000
vt 0.000000 1.000000
vt 0.000000 1.000000
vt 0.000000 1.000000
vt 0.000000 1.000000
vt 0.000000 1.000000
vt 0.000000 1.000000
vt 0.000000 1.000000
vt 0.000000 1.000000
vt 0.000000 1.000000
vt 0.000000 1.000000
vt 0.000000 1.000000
vt 0.000000 1.000000
vt 0.000000 1.000000
vt 0.000000 1.000000
vt 0.000000 1.000000
vt 0.000000 1.000000
vt 0.000000 1.000000
vt 0.000000 1.000000
vt 0.000000 1.000000
vt 0.000000 1.000000
vt 0.000000 1.000000
vt 0.000000 1.000000
vt 0.000000 1.000000
vt 0.000000 1.000000
vt 0.000000 1.000000
vt 0.000000 1.000000
vt 0.000000 1.000000
vt 0.000000 1.000000
vt 0.000000 1.000000
vt 0.000000 1.000000
vt 0.000000 1.000000
vt 0.000000 1.000000
vt 0.000000 1.000000
vt 0.000000 1.000000
vt 0.000000 1.000000
vt 0.000000 1.000000
vt 0.000000 1.000000
vt 0.000000 1.000000
vt 0.000000 1.000000
vt 0.000000 1.000000
vt 0.000000 1.000000
vt 0.000000 1.000000
vt 0.000000 1.000000
vt 0.000000 1.000000
vt 0.000000 1.000000
vt 0.000000 1.000000
vt 0.000000 1.000000
vt 0.000000 1.000000
vt 0.000000 1.000000
vt 0.000000 1.000000
vt 0.000000 1.000000
vt 0.000000 1.000000
vt 0.000000 1.000000
vt 0.000000 1.000000
vt 0.000000 1.000000
vt 0.000000 1.000000
vt 0.000000 1.000000
vt 0.000000 1.000000
vt 0.000000 1.000000
vt 0.000000 1.000000
vt 0.000000 1.000000
vt 0.000000 1.000000
vt 0.000000 1.000000
vt 0.000000 1.000000
vt 0.000000 1.000000
vt 0.000000 1.000000
vt 0.000000 1.000000
vt 0.000000 1.000000
vt 0.000000 1.000000
vt 0.000000 1.000000
vt 0.000000 1.000000
vt 0.000000 1.000000
vt 0.000000 1.000000
vt 0.000000 1.000000
vt 0.000000 1.000000
vt 0.000000 1.000000
vt 0.000000 1.000000
vt 0.000000 1.000000
vt 0.000000 1.000000
vt 0.000000 1.000000
vt 0.000000 1.000000
vt 0.000000 1.000000
vt 0.000000 1.000000
vt 0.000000 1.000000
vt 0.000000 1.000000
vt 0.000000 1.000000
vt 0.000000 1.000000
vt 0.000000 1.000000
vt 0.000000 1.000000
vt 0.000000 1.000000
vt 0.000000 1.000000
vt 0.000000 1.000000
vt 0.000000 1.000000
vt 0.000000 1.000000
vt 0.000000 1.000000
vt 0.000000 1.000000
vt 0.000000 1.000000
vt 0.000000 1.000000
vt 0.000000 1.000000
vt 0.000000 1.000000
vt 0.000000 1.000000
vt 0.000000 1.000000
vt 0.000000 1.000000
vt 0.000000 1.000000
vt 0.000000 1.000000
vt 0.000000 1.000000
vt 0.000000 1.000000
vt 0.000000 1.000000
vt 0.000000 1.000000
vt 0.000000 1.000000
vt 0.000000 1.000000
vt 0.000000 1.000000
vt 0.000000 1.000000
vt 0.000000 1.000000
vt 0.000000 1.000000
vt 0.000000 1.000000
vt 0.000000 1.000000
vt 0.000000 1.000000
vt 0.000000 1.000000
vt 0.000000 1.000000
vt 0.000000 1.000000
vt 0.000000 1.000000
vt 0.000000 1.000000
vt 0.000000 1.000000
vt 0.000000 1.000000
vt 0.000000 1.000000
vt 0.000000 1.000000
vt 0.000000 1.000000
vt 0.000000 1.000000
vt 0.000000 1.000000
vt 0.000000 1.000000
vt 0.000000 1.000000
vt 0.000000 1.000000
vt 0.000000 1.000000
vt 0.000000 1.000000
vt 0.000000 1.000000
vt 0.000000 1.000000
vt 0.000000 1.000000
vt 0.000000 1.000000
vt 0.000000 1.000000
vt 0.000000 1.000000
vt 0.000000 1.000000
vt 0.000000 1.000000
vt 0.000000 1.000000
vt 0.000000 1.000000
vt 0.000000 1.000000
vt 0.000000 1.000000
vt 0.000000 1.000000
vt 0.000000 1.000000
vt 0.000000 1.000000
vt 0.000000 1.000000
vt 0.000000 1.000000
vt 0.000000 1.000000
vt 0.000000 1.000000
vt 0.000000 1.000000
vt 0.000000 1.000000
vt 0.000000 1.000000
vt 0.000000 1.000000
vt 0.000000 1.000000
vt 0.000000 1.000000
vt 0.000000 1.000000
vt 0.000000 1.000000
vt 0.000000 1.000000
vt 0.000000 1.000000
vt 0.000000 1.000000
vt 0.000000 1.000000
vt 0.000000 1.000000
vt 0.000000 1.000000
vt 0.000000 1.000000
vt 0.000000 1.000000
vt 0.000000 1.000000
vt 0.000000 1.000000
vt 0.000000 1.000000
vt 0.000000 1.000000
vt 0.000000 1.000000
vt 0.000000 1.000000
vt 0.000000 1.000000
vt 0.000000 1.000000
vt 0.000000 1.000000
vt 0.000000 1.000000
vt 0.000000 1.000000
vt 0.000000 1.000000
vt 0.000000 1.000000
vt 0.000000 1.000000
vt 0.000000 1.000000
vt 0.000000 1.000000
vt 0.000000 1.000000
vt 0.000000 1.000000
vt 0.000000 1.000000
vt 0.000000 1.000000
vt 0.000000 1.000000
vt 0.000000 1.000000
vt 0.000000 1.000000
vt 0.000000 1.000000
vt 0.000000 1.000000
vt 0.000000 1.000000
vt 0.000000 1.000000
vt 0.000000 1.000000
vt 0.000000 1.000000
vt 0.000000 1.000000
vt 0.000000 1.000000
vt 0.000000 1.000000
vt 0.000000 1.000000
vt 0.000000 1.000000
vt 0.000000 1.000000
vt 0.000000 1.000000
vt 0.000000 1.000000
vt 0.000000 1.000000
vt 0.000000 1.000000
vt 0.000000 1.000000
vt 0.000000 1.000000
vt 0.000000 1.000000
vt 0.000000 1.000000
vt 0.000000 1.000000
vt 0.000000 1.000000
vt 0.000000 1.000000
vt 0.000000 1.000000
vt 0.000000 1.000000
vt 0.000000 1.000000
vt 0.000000 1.000000
vt 0.000000 1.000000
vt 0.000000 1.000000
vt 0.000000 1.000000
vt 0.000000 1.000000
vt 0.000000 1.000000
vt 0.000000 1.000000
vt 0.000000 1.000000
vt 0.000000 1.000000
vt 0.000000 1.000000
vt 0.000000 1.000000
vt 0.000000 1.000000
vt 0.000000 1.000000
vt 0.000000 1.000000
vt 0.000000 1.000000
vt 0.000000 1.000000
vt 0.000000 1.000000
vt 0.000000 1.000000
vt 0.000000 1.000000
vt 0.000000 1.000000
vt 0.000000 1.000000
vt 0.000000 1.000000
vt 0.000000 1.000000
vt 0.000000 1.000000
vt 0.000000 1.000000
vt 0.000000 1.000000
vt 0.000000 1.000000
vt 0.000000 1.000000
vt 0.000000 1.000000
vt 0.000000 1.000000
vt 0.000000 1.000000
vt 0.000000 1.000000
vt 0.000000 1.000000
vt 0.000000 1.000000
vt 0.000000 1.000000
vt 0.000000 1.000000
vt 0.000000 1.000000
vt 0.000000 1.000000
vt 0.000000 1.000000
vt 0.000000 1.000000
vt 0.000000 1.000000
vt 0.000000 1.000000
vt 0.000000 1.000000
vt 0.000000 1.000000
vt 0.000000 1.000000
vt 0.000000 1.000000
vt 0.000000 1.000000
vt 0.000000 1.000000
vt 0.000000 1.000000
vt 0.000000 1.000000
vt 0.000000 1.000000
vt 0.000000 1.000000
vt 0.000000 1.000000
vt 0.000000 1.000000
vt 0.000000 1.000000
vt 0.000000 1.000000
vt 0.000000 1.000000
vt 0.000000 1.000000
vt 0.000000 1.000000
vt 0.000000 1.000000
vt 0.000000 1.000000
vt 0.000000 1.000000
vt 0.000000 1.000000
vt 0.000000 1.000000
vt 0.000000 1.000000
vt 0.000000 1.000000
vt 0.000000 1.000000
vt 0.000000 1.000000
vt 0.000000 1.000000
vt 0.000000 1.000000
vt 0.000000 1.000000
vt 0.000000 1.000000
vt 0.000000 1.000000
vt 0.000000 1.000000
vt 0.000000 1.000000
vt 0.000000 1.000000
vt 0.000000 1.000000
vt 0.000000 1.000000
vt 0.000000 1.000000
vt 0.000000 1.000000
vt 0.000000 1.000000
vt 0.000000 1.000000
vt 0.000000 1.000000
vt 0.000000 1.000000
vt 0.000000 1.000000
vt 0.000000 1.000000
vt 0.000000 1.000000
vt 0.000000 1.000000
vt 0.000000 1.000000
vt 0.000000 1.000000
vt 0.000000 1.000000
vt 0.000000 1.000000
vt 0.000000 1.000000
vt 0.000000 1.000000
vt 0.000000 1.000000
vt 0.000000 1.000000
vt 0.000000 1.000000
vt 0.000000 1.000000
vt 0.000000 1.000000
vt 0.000000 1.000000
vt 0.000000 1.000000
vt 0.000000 1.000000
vt 0.000000 1.000000
vt 0.000000 1.000000
vt 0.000000 1.000000
vt 0.000000 1.000000
vt 0.000000 1.000000
vt 0.000000 1.000000
vt 0.000000 1.000000
vt 0.000000 1.000000
vt 0.000000 1.000000
vt 0.000000 1.000000
vt 0.000000 1.000000
vt 0.000000 1.000000
vt 0.000000 1.000000
vt 0.000000 1.000000
vt 0.000000 1.000000
vt 0.000000 1.000000
vt 0.000000 1.000000
vt 0.000000 1.000000
vt 0.000000 1.000000
vt 0.000000 1.000000
vt 0.000000 1.000000
vt 0.000000 1.000000
vt 0.000000 1.000000
vt 0.000000 1.000000
vt 0.000000 1.000000
vt 0.000000 1.000000
vt 0.000000 1.000000
vt 0.000000 1.000000
vt 0.000000 1.000000
vt 0.000000 1.000000
vt 0.000000 1.000000
vt 0.000000 1.000000
vt 0.000000 1.000000
vt 0.000000 1.000000
vt 0.000000 1.000000
vt 0.000000 1.000000
vt 0.000000 1.000000
vt 0.000000 1.000000
vt 0.000000 1.000000
vt 0.000000 1.000000
vt 0.000000 1.000000
vt 0.000000 1.000000
vt 0.000000 1.000000
vt 0.000000 1.000000
vt 0.000000 1.000000
vt 0.000000 1.000000
vt 0.000000 1.000000
vt 0.000000 1.000000
vt 0.000000 1.000000
vt 0.000000 1.000000
vt 0.000000 1.000000
vt 0.000000 1.000000
vt 0.000000 1.000000
vt 0.000000 1.000000
vt 0.000000 1.000000
vt 0.000000 1.000000
vt 0.000000 1.000000
vt 0.000000 1.000000
vt 0.000000 1.000000
vt 0.000000 1.000000
vt 0.000000 1.000000
vt 0.000000 1.000000
vt 0.000000 1.000000
vt 0.000000 1.000000
vt 0.000000 1.000000
vt 0.000000 1.000000
vt 0.000000 1.000000
vt 0.000000 1.000000
vt 0.000000 1.000000
vt 0.000000 1.000000
vt 0.000000 1.000000
vt 0.000000 1.000000
vt 0.000000 1.000000
vt 0.000000 1.000000
vt 0.000000 1.000000
vt 0.000000 1.000000
vt 0.000000 1.000000
vt 0.000000 1.000000
vt 0.000000 1.000000
vt 0.000000 1.000000
vt 0.000000 1.000000
vt 0.000000 1.000000
vt 0.000000 1.000000
vt 0.000000 1.000000
vt 0.000000 1.000000
vt 0.000000 1.000000
vt 0.000000 1.000000
vt 0.000000 1.000000
vt 0.000000 1.000000
vt 0.000000 1.000000
vt 0.000000 1.000000
vt 0.000000 1.000000
vt 0.000000 1.000000
vt 0.000000 1.000000
vt 0.000000 1.000000
vt 0.000000 1.000000
vt 0.000000 1.000000
vt 0.000000 1.000000
vt 0.000000 1.000000
vt 0.000000 1.000000
vt 0.000000 1.000000
vt 0.000000 1.000000
vt 0.000000 1.000000
vt 0.000000 1.000000
vt 0.000000 1.000000
vt 0.000000 1.000000
vt 0.000000 1.000000
vt 0.000000 1.000000
vt 0.000000 1.000000
vt 0.000000 1.000000
vt 0.000000 1.000000
vt 0.000000 1.000000
vt 0.000000 1.000000
vt 0.000000 1.000000
vt 0.000000 1.000000
vt 0.000000 1.000000
vt 0.000000 1.000000
vt 0.000000 1.000000
vt 0.000000 1.000000
vt 0.000000 1.000000
vt 0.000000 1.000000
vt 0.000000 1.000000
vt 0.000000 1.000000
vt 0.000000 1.000000
vt 0.000000 1.000000
vt 0.000000 1.000000
vt 0.000000 1.000000
vt 0.000000 1.000000
vt 0.000000 1.000000
vt 0.000000 1.000000
vt 0.000000 1.000000
vt 0.000000 1.000000
vt 0.000000 1.000000
vt 0.000000 1.000000
vt 0.000000 1.000000
vt 0.000000 1.000000
vt 0.000000 1.000000
vt 0.000000 1.000000
vt 0.000000 1.000000
vt 0.000000 1.000000
vt 0.000000 1.000000
vt 0.000000 1.000000
vt 0.000000 1.000000
vt 0.000000 1.000000
vt 0.000000 1.000000
vt 0.000000 1.000000
vt 0.000000 1.000000
vt 0.000000 1.000000
vt 0.000000 1.000000
vt 0.000000 1.000000
vt 0.000000 1.000000
vt 0.000000 1.000000
vt 0.000000 1.000000
vt 0.000000 1.000000
vt 0.000000 1.000000
vt 0.000000 1.000000
vt 0.000000 1.000000
vt 0.000000 1.000000
vt 0.000000 1.000000
vt 0.000000 1.000000
vt 0.000000 1.000000
vt 0.000000 1.000000
vt 0.000000 1.000000
vt 0.000000 1.000000
vt 0.000000 1.000000
vt 0.000000 1.000000
vt 0.000000 1.000000
vt 0.000000 1.000000
vt 0.000000 1.000000
vt 0.000000 1.000000
vt 0.000000 1.000000
vt 0.000000 1.000000
vt 0.000000 1.000000
vt 0.000000 1.000000
vt 0.000000 1.000000
vt 0.000000 1.000000
vt 0.000000 1.000000
vt 0.000000 1.000000
vt 0.000000 1.000000
vt 0.000000 1.000000
vt 0.000000 1.000000
vt 0.000000 1.000000
vt 0.000000 1.000000
vt 0.000000 1.000000
vt 0.000000 1.000000
vt 0.000000 1.000000
vt 0.000000 1.000000
vt 0.000000 1.000000
vt 0.000000 1.000000
vt 0.000000 1.000000
vt 0.000000 1.000000
vt 0.000000 1.000000
vt 0.000000 1.000000
vt 0.000000 1.000000
vt 0.000000 1.000000
vt 0.000000 1.000000
vt 0.000000 1.000000
vt 0.000000 1.000000
vt 0.000000 1.000000
vt 0.000000 1.000000
vt 0.000000 1.000000
vt 0.000000 1.000000
vt 0.000000 1.000000
vt 0.000000 1.000000
vt 0.000000 1.000000
vt 0.000000 1.000000
vt 0.000000 1.000000
vt 0.000000 1.000000
vt 0.000000 1.000000
vt 0.000000 1.000000
vt 0.000000 1.000000
vt 0.000000 1.000000
vt 0.000000 1.000000
vt 0.000000 1.000000
vt 0.000000 1.000000
vt 0.000000 1.000000
vt 0.000000 1.000000
vt 0.000000 1.000000
vt 0.000000 1.000000
vt 0.000000 1.000000
vt 0.000000 1.000000
vt 0.000000 1.000000
vt 0.000000 1.000000
vt 0.000000 1.000000
vt 0.000000 1.000000
vt 0.000000 1.000000
vt 0.000000 1.000000
vt 0.000000 1.000000
vt 0.000000 1.000000
vt 0.000000 1.000000
vt 0.000000 1.000000
vt 0.000000 1.000000
vt 0.000000 1.000000
vt 0.000000 1.000000
vt 0.000000 1.000000
vt 0.000000 1.000000
vt 0.000000 1.000000
vt 0.000000 1.000000
vt 0.000000 1.000000
vt 0.000000 1.000000
vt 0.000000 1.000000
vt 0.000000 1.000000
vt 0.000000 1.000000
vt 0.000000 1.000000
vt 0.000000 1.000000
vt 0.000000 1.000000
vt 0.000000 1.000000
vt 0.000000 1.000000
vt 0.000000 1.000000
vt 0.000000 1.000000
vt 0.000000 1.000000
vt 0.000000 1.000000
vt 0.000000 1.000000
vt 0.000000 1.000000
vt 0.000000 1.000000
vt 0.000000 1.000000
vt 0.000000 1.000000
vt 0.000000 1.000000
vt 0.000000 1.000000
vt 0.000000 1.000000
vt 0.000000 1.000000
vt 0.000000 1.000000
vt 0.000000 1.000000
vt 0.000000 1.000000
vt 0.000000 1.000000
vt 0.000000 1.000000
vt 0.000000 1.000000
vt 0.000000 1.000000
vt 0.000000 1.000000
vt 0.000000 1.000000
vt 0.000000 1.000000
vt 0.000000 1.000000
vt 0.000000 1.000000
vt 0.000000 1.000000
vt 0.000000 1.000000
vt 0.000000 1.000000
vt 0.000000 1.000000
vt 0.000000 1.000000
vt 0.000000 1.000000
vt 0.000000 1.000000
vt 0.000000 1.000000
vt 0.000000 1.000000
vt 0.000000 1.000000
vt 0.000000 1.000000
vt 0.000000 1.000000
vt 0.000000 1.000000
vt 0.000000 1.000000
vt 0.000000 1.000000
vt 0.000000 1.000000
vt 0.000000 1.000000
vt 0.000000 1.000000
vt 0.000000 1.000000
vt 0.000000 1.000000
vt 0.000000 1.000000
vt 0.000000 1.000000
vt 0.000000 1.000000
vt 0.000000 1.000000
vt 0.000000 1.000000
vt 0.000000 1.000000
vt 0.000000 1.000000
vt 0.000000 1.000000
vt 0.000000 1.000000
vt 0.000000 1.000000
vt 0.000000 1.000000
vt 0.000000 1.000000
vt 0.000000 1.000000
vt 0.000000 1.000000
vt 0.000000 1.000000
vt 0.000000 1.000000
vt 0.000000 1.000000
vt 0.000000 1.000000
vt 0.000000 1.000000
vt 0.000000 1.000000
vt 0.000000 1.000000
vt 0.000000 1.000000
vt 0.000000 1.000000
vt 0.000000 1.000000
vt 0.000000 1.000000
vt 0.000000 1.000000
vt 0.000000 1.000000
vt 0.000000 1.000000
vt 0.000000 1.000000
vt 0.000000 1.000000
vt 0.000000 1.000000
vt 0.000000 1.000000
vt 0.000000 1.000000
vt 0.000000 1.000000
vt 0.000000 1.000000
vt 0.000000 1.000000
vt 0.000000 1.000000
vt 0.000000 1.000000
vt 0.000000 1.000000
vt 0.000000 1.000000
vt 0.000000 1.000000
vt 0.000000 1.000000
vt 0.000000 1.000000
vt 0.000000 1.000000
vt 0.000000 1.000000
vt 0.000000 1.000000
vt 0.000000 1.000000
vt 0.000000 1.000000
vt 0.000000 1.000000
vt 0.000000 1.000000
vt 0.000000 1.000000
vt 0.000000 1.000000
vt 0.000000 1.000000
vt 0.000000 1.000000
vt 0.000000 1.000000
vt 0.000000 1.000000
vt 0.000000 1.000000
vt 0.000000 1.000000
vt 0.000000 1.000000
vt 0.000000 1.000000
vt 0.000000 1.000000
vt 0.000000 1.000000
vt 0.000000 1.000000
vt 0.000000 1.000000
vt 0.000000 1.000000
vt 0.000000 1.000000
vt 0.000000 1.000000
vt 0.000000 1.000000
vt 0.000000 1.000000
vt 0.000000 1.000000
vt 0.000000 1.000000
vt 0.000000 1.000000
vt 0.000000 1.000000
vt 0.000000 1.000000
vt 0.000000 1.000000
vt 0.000000 1.000000
vt 0.000000 1.000000
vt 0.000000 1.000000
vt 0.000000 1.000000
vt 0.000000 1.000000
vt 0.000000 1.000000
vt 0.000000 1.000000
vt 0.000000 1.000000
vt 0.000000 1.000000
vt 0.000000 1.000000
vt 0.000000 1.000000
vt 0.000000 1.000000
vt 0.000000 1.000000
vt 0.000000 1.000000
vt 0.000000 1.000000
vt 0.000000 1.000000
vt 0.000000 1.000000
vt 0.000000 1.000000
vt 0.000000 1.000000
vt 0.000000 1.000000
vt 0.000000 1.000000
vt 0.000000 1.000000
vt 0.000000 1.000000
vt 0.000000 1.000000
vt 0.000000 1.000000
vt 0.000000 1.000000
vt 0.000000 1.000000
vt 0.000000 1.000000
vt 0.000000 1.000000
vt 0.000000 1.000000
vt 0.000000 1.000000
vt 0.000000 1.000000
vt 0.000000 1.000000
vt 0.000000 1.000000
vt 0.000000 1.000000
vt 0.000000 1.000000
vt 0.000000 1.000000
vt 0.000000 1.000000
vt 0.000000 1.000000
vt 0.000000 1.000000
vt 0.000000 1.000000
vt 0.000000 1.000000
vt 0.000000 1.000000
vt 0.000000 1.000000
vt 0.000000 1.000000
vt 0.000000 1.000000
vt 0.000000 1.000000
vt 0.000000 1.000000
vt 0.000000 1.000000
vt 0.000000 1.000000
vt 0.000000 1.000000
vt 0.000000 1.000000
vt 0.000000 1.000000
vt 0.000000 1.000000
vt 0.000000 1.000000
vt 0.000000 1.000000
vt 0.000000 1.000000
vt 0.000000 1.000000
vt 0.000000 1.000000
vt 0.000000 1.000000
vt 0.000000 1.000000
vt 0.000000 1.000000
vt 0.000000 1.000000
vt 0.000000 1.000000
vt 0.000000 1.000000
vt 0.000000 1.000000
vt 0.000000 1.000000
vt 0.000000 1.000000
vt 0.000000 1.000000
vt 0.000000 1.000000
vt 0.000000 1.000000
vt 0.000000 1.000000
vt 0.000000 1.000000
vt 0.000000 1.000000
vt 0.000000 1.000000
vt 0.000000 1.000000
vt 0.000000 1.000000
vt 0.000000 1.000000
vt 0.000000 1.000000
vt 0.000000 1.000000
vt 0.000000 1.000000
vt 0.000000 1.000000
vt 0.000000 1.000000
vt 0.000000 1.000000
vt 0.000000 1.000000
vt 0.000000 1.000000
vt 0.000000 1.000000
vt 0.000000 1.000000
vt 0.000000 1.000000
vt 0.000000 1.000000
vt 0.000000 1.000000
vt 0.000000 1.000000
vt 0.000000 1.000000
vt 0.000000 1.000000
vt 0.000000 1.000000
vt 0.000000 1.000000
vt 0.000000 1.000000
vt 0.000000 1.000000
vt 0.000000 1.000000
vt 0.000000 1.000000
vt 0.000000 1.000000
vt 0.000000 1.000000
vt 0.000000 1.000000
vt 0.000000 1.000000
vt 0.000000 1.000000
vt 0.000000 1.000000
vt 0.000000 1.000000
vt 0.000000 1.000000
vt 0.000000 1.000000
vt 0.000000 1.000000
vt 0.000000 1.000000
vt 0.000000 1.000000
vt 0.000000 1.000000
vt 0.000000 1.000000
vt 0.000000 1.000000
vt 0.000000 1.000000
vt 0.000000 1.000000
vt 0.000000 1.000000
vt 0.000000 1.000000
vt 0.000000 1.000000
vt 0.000000 1.000000
vt 0.000000 1.000000
vt 0.000000 1.000000
vt 0.000000 1.000000
vt 0.000000 1.000000
vt 0.000000 1.000000
vt 0.000000 1.000000
vt 0.000000 1.000000
vt 0.000000 1.000000
vt 0.000000 1.000000
vt 0.000000 1.000000
vt 0.000000 1.000000
vt 0.000000 1.000000
vt 0.000000 1.000000
vt 0.000000 1.000000
vt 0.000000 1.000000
vt 0.000000 1.000000
vt 0.000000 1.000000
vt 0.000000 1.000000
vt 0.000000 1.000000
vt 0.000000 1.000000
vt 0.000000 1.000000
vt 0.000000 1.000000
vt 0.000000 1.000000
vt 0.000000 1.000000
vt 0.000000 1.000000
vt 0.000000 1.000000
vt 0.000000 1.000000
vt 0.000000 1.000000
vt 0.000000 1.000000
vt 0.000000 1.000000
vt 0.000000 1.000000
vt 0.000000 1.000000
vt 0.000000 1.000000
vt 0.000000 1.000000
vt 0.000000 1.000000
vt 0.000000 1.000000
vt 0.000000 1.000000
vt 0.000000 1.000000
vt 0.000000 1.000000
vt 0.000000 1.000000
vt 0.000000 1.000000
vt 0.000000 1.000000
vt 0.000000 1.000000
vt 0.000000 1.000000
vt 0.000000 1.000000
vt 0.000000 1.000000
vt 0.000000 1.000000
vt 0.000000 1.000000
vt 0.000000 1.000000
vt 0.000000 1.000000
vt 0.000000 1.000000
vt 0.000000 1.000000
vt 0.000000 1.000000
vt 0.000000 1.000000
vt 0.000000 1.000000
vt 0.000000 1.000000
vt 0.000000 1.000000
vt 0.000000 1.000000
vt 0.000000 1.000000
vt 0.000000 1.000000
vt 0.000000 1.000000
vt 0.000000 1.000000
vt 0.000000 1.000000
vt 0.000000 1.000000
vt 0.000000 1.000000
vt 0.000000 1.000000
vt 0.000000 1.000000
vt 0.000000 1.000000
vt 0.000000 1.000000
vt 0.000000 1.000000
vt 0.000000 1.000000
vt 0.000000 1.000000
vt 0.000000 1.000000
vt 0.000000 1.000000
vt 0.000000 1.000000
vt 0.000000 1.000000
vt 0.000000 1.000000
vt 0.000000 1.000000
vt 0.000000 1.000000
vt 0.000000 1.000000
vt 0.000000 1.000000
vt 0.000000 1.000000
vt 0.000000 1.000000
vt 0.000000 1.000000
vt 0.000000 1.000000
vt 0.000000 1.000000
vt 0.000000 1.000000
vt 0.000000 1.000000
vt 0.000000 1.000000
vt 0.000000 1.000000
vt 0.000000 1.000000
vt 0.000000 1.000000
vt 0.000000 1.000000
vt 0.000000 1.000000
vt 0.000000 1.000000
vt 0.000000 1.000000
vt 0.000000 1.000000
vt 0.000000 1.000000
vt 0.000000 1.000000
vt 0.000000 1.000000
vt 0.000000 1.000000
vt 0.000000 1.000000
vt 0.000000 1.000000
vt 0.000000 1.000000
vt 0.000000 1.000000
vt 0.000000 1.000000
vt 0.000000 1.000000
vt 0.000000 1.000000
vt 0.000000 1.000000
vt 0.000000 1.000000
vt 0.000000 1.000000
vt 0.000000 1.000000
vt 0.000000 1.000000
vt 0.000000 1.000000
vt 0.000000 1.000000
vt 0.000000 1.000000
vt 0.000000 1.000000
vt 0.000000 1.000000
vt 0.000000 1.000000
vt 0.000000 1.000000
vt 0.000000 1.000000
vt 0.000000 1.000000
vt 0.000000 1.000000
vt 0.000000 1.000000
vt 0.000000 1.000000
vt 0.000000 1.000000
vt 0.000000 1.000000
vt 0.000000 1.000000
vt 0.000000 1.000000
vt 0.000000 1.000000
vt 0.000000 1.000000
vt 0.000000 1.000000
vt 0.000000 1.000000
vt 0.000000 1.000000
vt 0.000000 1.000000
vt 0.000000 1.000000
vt 0.000000 1.000000
vt 0.000000 1.000000
vt 0.000000 1.000000
vt 0.000000 1.000000
vt 0.000000 1.000000
vt 0.000000 1.000000
vt 0.000000 1.000000
vt 0.000000 1.000000
vt 0.000000 1.000000
vt 0.000000 1.000000
vt 0.000000 1.000000
vt 0.000000 1.000000
vt 0.000000 1.000000
vt 0.000000 1.000000
vt 0.000000 1.000000
vt 0.000000 1.000000
vt 0.000000 1.000000
vt 0.000000 1.000000
vt 0.000000 1.000000
vt 0.000000 1.000000
vt 0.000000 1.000000
vt 0.000000 1.000000
vt 0.000000 1.000000
vt 0.000000 1.000000
vt 0.000000 1.000000
vt 0.000000 1.000000
vt 0.000000 1.000000
vt 0.000000 1.000000
vt 0.000000 1.000000
vt 0.000000 1.000000
vt 0.000000 1.000000
vt 0.000000 1.000000
usemtl Suit
f 1/1/1 2/2/2 3/3/3
f 4/4/4 5/5/5 6/6/6
f 7/7/7 8/8/8 9/9/9
f 10/10/10 11/11/11 12/12/12
f 13/13/13 14/14/14 15/15/15
f 16/16/16 17/17/17 18/18/18
f 19/19/19 20/20/20 21/21/21
f 22/22/22 23/23/23 24/24/24
f 25/25/25 26/26/26 27/27/27
f 28/28/28 29/29/29 30/30/30
f 31/31/31 32/32/32 33/33/33
f 34/34/34 35/35/35 36/36/36
f 37/37/37 38/38/38 39/39/39
f 40/40/40 41/41/41 42/42/42
f 43/43/43 44/44/44 45/45/45
f 46/46/46 47/47/47 48/48/48
f 49/49/49 50/50/50 51/51/51
f 52/52/52 53/53/53 54/54/54
f 55/55/55 56/56/56 57/57/57
f 58/58/58 59/59/59 60/60/60
f 61/61/61 62/62/62 63/63/63
f 64/64/64 65/65/65 66/66/66
f 67/67/67 68/68/68 69/69/69
f 70/70/70 71/71/71 72/72/72
f 73/73/73 74/74/74 75/75/75
f 76/76/76 77/77/77 78/78/78
f 79/79/79 80/80/80 81/81/81
f 82/82/82 83/83/83 84/84/84
f 85/85/85 86/86/86 87/87/87
f 88/88/88 89/89/89 90/90/90
f 91/91/91 92/92/92 93/93/93
f 94/94/94 95/95/95 96/96/96
f 97/97/97 98/98/98 99/99/99
f 100/100/100 101/101/101 102/102/102
f 103/103/103 104/104/104 105/105/105
f 106/106/106 107/107/107 108/108/108
f 109/109/109 110/110/110 111/111/111
f 112/112/112 113/113/113 114/114/114
f 115/115/115 116/116/116 117/117/117
f 118/118/118 119/119/119 120/120/120
f 121/121/121 122/122/122 123/123/123
f 124/124/124 125/125/125 126/126/126
f 127/127/127 128/128/128 129/129/129
f 130/130/130 131/131/131 132/132/132
f 133/133/133 134/134/134 135/135/135
f 136/136/136 137/137/137 138/138/138
f 139/139/139 140/140/140 141/141/141
f 142/142/142 143/143/143 144/144/144
f 145/145/145 146/146/146 147/147/147
f 148/148/148 149/149/149 150/150/150
f 151/151/151 152/152/152 153/153/153
f 154/154/154 155/155/155 156/156/156
f 157/157/157 158/158/158 159/159/159
f 160/160/160 161/161/161 162/162/162
f 163/163/163 164/164/164 165/165/165
f 166/166/166 167/167/167 168/168/168
f 169/169/169 170/170/170 171/171/171
f 172/172/172 173/173/173 174/174/174
f 175/175/175 176/176/176 177/177/177
f 178/178/178 179/179/179 180/180/180
f 181/181/181 182/182/182 183/183/183
f 184/184/184 185/185/185 186/186/186
f 187/187/187 188/188/188 189/189/189
f 190/190/190 191/191/191 192/192/192
f 193/193/193 194/194/194 195/195/195
f 196/196/196 197/197/197 198/198/198
f 199/199/199 200/200/200 201/201/201
f 202/202/202 203/203/203 204/204/204
f 205/205/205 206/206/206 207/207/207
f 208/208/208 209/209/209 210/210/210
f 211/211/211 212/212/212 213/213/213
f 214/214/214 215/215/215 216/216/216
f 217/217/217 218/218/218 219/219/219
f 220/220/220 221/221/221 222/222/222
f 223/223/223 224/224/224 225/225/225
f 226/226/226 227/227/227 228/228/228
f 229/229/229 230/230/230 231/231/231
f 232/232/232 233/233/233 234/234/234
f 235/235/235 236/236/236 237/237/237
f 238/238/238 239/239/239 240/240/240
f 241/241/241 242/242/242 243/243/243
f 244/244/244 245/245/245 246/246/246
f 247/247/247 248/248/248 249/249/249
f 250/250/250 251/251/251 252/252/252
f 253/253/253 254/254/254 255/255/255
f 256/256/256 257/257/257 258/258/258
f 259/259/259 260/260/260 261/261/261
f 262/262/262 263/263/263 264/264/264
f 265/265/265 266/266/266 267/267/267
f 268/268/268 269/269/269 270/270/270
f 271/271/271 272/272/272 273/273/273
f 274/274/274 275/275/275 276/276/276
f 277/277/277 278/278/278 279/279/279
f 280/280/280 281/281/281 282/282/282
f 283/283/283 284/284/284 285/285/285
f 286/286/286 287/287/287 288/288/288
f 289/289/289 290/290/290 291/291/291
f 292/292/292 293/293/293 294/294/294
f 295/295/295 296/296/296 297/297/297
f 298/298/298 299/299/299 300/300/300
f 301/301/301 302/302/302 303/303/303
f 304/304/304 305/305/305 306/306/306
f 307/307/307 308/308/308 309/309/309
f 310/310/310 311/311/311 312/312/312
f 313/313/313 314/314/314 315/315/315
f 316/316/316 317/317/317 318/318/318
f 319/319/319 320/320/320 321/321/321
f 322/322/322 323/323/323 324/324/324
f 325/325/325 326/326/326 327/327/327
f 328/328/328 329/329/329 330/330/330
f 331/331/331 332/332/332 333/333/333
f 334/334/334 335/335/335 336/336/336
f 337/337/337 338/338/338 339/339/339
f 340/340/340 341/341/341 342/342/342
f 343/343/343 344/344/344 345/345/345
f 346/346/346 347/347/347 348/348/348
f 349/349/349 350/350/350 351/351/351
f 352/352/352 353/353/353 354/354/354
f 355/355/355 356/356/356 357/357/357
f 358/358/358 359/359/359 360/360/360
f 361/361/361 362/362/362 363/363/363
f 364/364/364 365/365/365 366/366/366
f 367/367/367 368/368/368 369/369/369
f 370/370/370 371/371/371 372/372/372
f 373/373/373 374/374/374 375/375/375
f 376/376/376 377/377/377 378/378/378
f 379/379/379 380/380/380 381/381/381
f 382/382/382 383/383/383 384/384/384
f 385/385/385 386/386/386 387/387/387
f 388/388/388 389/389/389 390/390/390
f 391/391/391 392/392/392 393/393/393
f 394/394/394 395/395/395 396/396/396
f 397/397/397 398/398/398 399/399/399
f 400/400/400 401/401/401 402/402/402
f 403/403/403 404/404/404 405/405/405
f 406/406/406 407/407/407 408/408/408
f 409/409/409 410/410/410 411/411/411
f 412/412/412 413/413/413 414/414/414
f 415/415/415 416/416/416 417/417/417
f 418/418/418 419/419/419 420/420/420
f 421/421/421 422/422/422 423/423/423
f 424/424/424 425/425/425 426/426/426
f 427/427/427 428/428/428 429/429/429
f 430/430/430 431/431/431 432/432/432
f 433/433/433 434/434/434 435/435/435
f 436/436/436 437/437/437 438/438/438
f 439/439/439 440/440/440 441/441/441
f 442/442/442 443/443/443 444/444/444
f 445/445/445 446/446/446 447/447/447
f 448/448/448 449/449/449 450/450/450
f 451/451/451 452/452/452 453/453/453
f 454/454/454 455/455/455 456/456/456
f 457/457/457 458/458/458 459/459/459
f 460/460/460 461/461/461 462/462/462
f 463/463/463 464/464/464 465/465/465
f 466/466/466 467/467/467 468/468/468
f 469/469/469 470/470/470 471/471/471
f 472/472/472 473/473/473 474/474/474
f 475/475/475 476/476/476 477/477/477
f 478/478/478 479/479/479 480/480/480
f 481/481/481 482/482/482 483/483/483
f 484/484/484 485/485/485 486/486/486
f 487/487/487 488/488/488 489/489/489
f 490/490/490 491/491/491 492/492/492
f 493/493/493 494/494/494 495/495/495
f 496/496/496 497/497/497 498/498/498
f 499/499/499 500/500/500 501/501/501
f 502/502/502 503/503/503 504/504/504
f 505/505/505 506/506/506 507/507/507
f 508/508/508 509/509/509 510/510/510
f 511/511/511 512/512/512 513/513/513
f 514/514/514 515/515/515 516/516/516
f 517/517/517 518/518/518 519/519/519
f 520/520/520 521/521/521 522/522/522
f 523/523/523 524/524/524 525/525/525
f 526/526/526 527/527/527 528/528/528
f 529/529/529 530/530/530 531/531/531
f 532/532/532 533/533/533 534/534/534
f 535/535/535 536/536/536 537/537/537
f 538/538/538 539/539/539 540/540/540
f 541/541/541 542/542/542 543/543/543
f 544/544/544 545/545/545 546/546/546
f 547/547/547 548/548/548 549/549/549
f 550/550/550 551/551/551 552/552/552
f 553/553/553 554/554/554 555/555/555
f 556/556/556 557/557/557 558/558/558
f 559/559/559 560/560/560 561/561/561
f 562/562/562 563/563/563 564/564/564
f 565/565/565 566/566/566 567/567/567
f 568/568/568 569/569/569 570/570/570
f 571/571/571 572/572/572 573/573/573
f 574/574/574 575/575/575 576/576/576
f 577/577/577 578/578/578 579/579/579
f 580/580/580 581/581/581 582/582/582
f 583/583/583 584/584/584 585/585/585
f 586/586/586 587/587/587 588/588/588
f 589/589/589 590/590/590 591/591/591
f 592/592/592 593/593/593 594/594/594
f 595/595/595 596/596/596 597/597/597
f 598/598/598 599/599/599 600/600/600
f 601/601/601 602/602/602 603/603/603
f 604/604/604 605/605/605 606/606/606
f 607/607/607 608/608/608 609/609/609
f 610/610/610 611/611/611 612/612/612
f 613/613/613 614/614/614 615/615/615
f 616/616/616 617/617/617 618/618/618
f 619/619/619 620/620/620 621/621/621
f 622/622/622 623/623/623 624/624/624
f 625/625/625 626/626/626 627/627/627
f 628/628/628 629/629/629 630/630/630
f 631/631/631 632/632/632 633/633/633
f 634/634/634 635/635/635 636/636/636
f 637/637/637 638/638/638 639/639/639
f 640/640/640 641/641/641 642/642/642
f 643/643/643 644/644/644 645/645/645
f 646/646/646 647/647/647 648/648/648
f 649/649/649 650/650/650 651/651/651
f 652/652/652 653/653/653 654/654/654
f 655/655/655 656/656/656 657/657/657
f 658/658/658 659/659/659 660/660/660
f 661/661/661 662/662/662 663/663/663
f 664/664/664 665/665/665 666/666/666
f 667/667/667 668/668/668 669/669/669
f 670/670/670 671/671/671 672/672/672
f 673/673/673 674/674/674 675/675/675
f 676/676/676 677/677/677 678/678/678
f 679/679/679 680/680/680 681/681/681
f 682/682/682 683/683/683 684/684/684
f 685/685/685 686/686/686 687/687/687
f 688/688/688 689/689/689 690/690/690
f 691/691/691 692/692/692 693/693/693
f 694/694/694 695/695/695 696/696/696
f 697/697/697 698/698/698 699/699/699
f 700/700/700 701/701/701 702/702/702
f 703/703/703 704/704/704 705/705/705
f 706/706/706 707/707/707 708/708/708
f 709/709/709 710/710/710 711/711/711
f 712/712/712 713/713/713 714/714/714
f 715/715/715 716/716/716 717/717/717
f 718/718/718 719/719/719 720/720/720
f 721/721/721 722/722/722 723/723/723
f 724/724/724 725/725/725 726/726/726
f 727/727/727 728/728/728 729/729/729
f 730/730/730 731/731/731 732/732/732
f 733/733/733 734/734/734 735/735/735
f 736/736/736 737/737/737 738/738/738
f 739/739/739 740/740/740 741/741/741
f 742/742/742 743/743/743 744/744/744
f 745/745/745 746/746/746 747/747/747
f 748/748/748 749/749/749 750/750/750
f 751/751/751 752/752/752 753/753/753
f 754/754/754 755/755/755 756/756/756
f 757/757/757 758/758/758 759/759/759
f 760/760/760 761/761/761 762/762/762
f 763/763/763 764/764/764 765/765/765
f 766/766/766 767/767/767 768/768/768
f 769/769/769 770/770/770 771/771/771
f 772/772/772 773/773/773 774/774/774
f 775/775/775 776/776/776 777/777/777
f 778/778/778 779/779/779 780/780/780
f 781/781/781 782/782/782 783/783/783
f 784/784/784 785/785/785 786/786/786
f 787/787/787 788/788/788 789/789/789
f 790/790/790 791/791/791 792/792/792
f 793/793/793 794/794/794 795/795/795
f 796/796/796 797/797/797 798/798/798
f 799/799/799 800/800/800 801/801/801
f 802/802/802 803/803/803 804/804/804
f 805/805/805 806/806/806 807/807/807
f 808/808/808 809/809/809 810/810/810
f 811/811/811 812/812/812 813/813/813
f 814/814/814 815/815/815 816/816/816
f 817/817/817 818/818/818 819/819/819
f 820/820/820 821/821/821 822/822/822
f 823/823/823 824/824/824 825/825/825
f 826/826/826 827/827/827 828/828/828
f 829/829/829 830/830/830 831/831/831
f 832/832/832 833/833/833 834/834/834
f 835/835/835 836/836/836 837/837/837
f 838/838/838 839/839/839 840/840/840
f 841/841/841 842/842/842 843/843/843
f 844/844/844 845/845/845 846/846/846
f 847/847/847 848/848/848 849/849/849
f 850/850/850 851/851/851 852/852/852
f 853/853/853 854/854/854 855/855/855
f 856/856/856 857/857/857 858/858/858
f 859/859/859 860/860/860 861/861/861
f 862/862/862 863/863/863 864/864/864
f 865/865/865 866/866/866 867/867/867
f 868/868/868 869/869/869 870/870/870
f 871/871/871 872/872/872 873/873/873
f 874/874/874 875/875/875 876/876/876
usemtl Black
f 877/877/877 878/878/878 879/879/879
f 880/880/880 881/881/881 882/882/882
f 883/883/883 884/884/884 885/885/885
f 886/886/886 887/887/887 888/888/888
f 889/889/889 890/890/890 891/891/891
f 892/892/892 893/893/893 894/894/894
f 895/895/895 896/896/896 897/897/897
f 898/898/898 899/899/899 900/900/900
f 901/901/901 902/902/902 903/903/903
f 904/904/904 905/905/905 906/906/906
f 907/907/907 908/908/908 909/909/909
f 910/910/910 911/911/911 912/912/912
f 913/913/913 914/914/914 915/915/915
f 916/916/916 917/917/917 918/918/918
f 919/919/919 920/920/920 921/921/921
f 922/922/922 923/923/923 924/924/924
f 925/925/925 926/926/926 927/927/927
f 928/928/928 929/929/929 930/930/930
f 931/931/931 932/932/932 933/933/933
f 934/934/934 935/935/935 936/936/936
f 937/937/937 938/938/938 939/939/939
f 940/940/940 941/941/941 942/942/942
f 943/943/943 944/944/944 945/945/945
f 946/946/946 947/947/947 948/948/948
f 949/949/949 950/950/950 951/951/951
f 952/952/952 953/953/953 954/954/954
f 955/955/955 956/956/956 957/957/957
f 958/958/958 959/959/959 960/960/960
f 961/961/961 962/962/962 963/963/963
f 964/964/964 965/965/965 966/966/966
f 967/967/967 968/968/968 969/969/969
f 970/970/970 971/971/971 972/972/972
f 973/973/973 974/974/974 975/975/975
f 976/976/976 977/977/977 978/978/978
f 979/979/979 980/980/980 981/981/981
f 982/982/982 983/983/983 984/984/984
f 985/985/985 986/986/986 987/987/987
f 988/988/988 989/989/989 990/990/990
f 991/991/991 992/992/992 993/993/993
f 994/994/994 995/995/995 996/996/996
f 997/997/997 998/998/998 999/999/999
f 1000/1000/1000 1001/1001/1001 1002/1002/1002
f 1003/1003/1003 1004/1004/1004 1005/1005/1005
f 1006/1006/1006 1007/1007/1007 1008/1008/1008
f 1009/1009/1009 1010/1010/1010 1011/1011/1011
f 1012/1012/1012 1013/1013/1013 1014/1014/1014
f 1015/1015/1015 1016/1016/1016 1017/1017/1017
f 1018/1018/1018 1019/1019/1019 1020/1020/1020
f 1021/1021/1021 1022/1022/1022 1023/1023/1023
f 1024/1024/1024 1025/1025/1025 1026/1026/1026
f 1027/1027/1027 1028/1028/1028 1029/1029/1029
f 1030/1030/1030 1031/1031/1031 1032/1032/1032
f 1033/1033/1033 1034/1034/1034 1035/1035/1035
f 1036/1036/1036 1037/1037/1037 1038/1038/1038
f 1039/1039/1039 1040/1040/1040 1041/1041/1041
f 1042/1042/1042 1043/1043/1043 1044/1044/1044
f 1045/1045/1045 1046/1046/1046 1047/1047/1047
f 1048/1048/1048 1049/1049/1049 1050/1050/1050
f 1051/1051/1051 1052/1052/1052 1053/1053/1053
f 1054/1054/1054 1055/1055/1055 1056/1056/1056
f 1057/1057/1057 1058/1058/1058 1059/1059/1059
f 1060/1060/1060 1061/1061/1061 1062/1062/1062
f 1063/1063/1063 1064/1064/1064 1065/1065/1065
f 1066/1066/1066 1067/1067/1067 1068/1068/1068
f 1069/1069/1069 1070/1070/1070 1071/1071/1071
f 1072/1072/1072 1073/1073/1073 1074/1074/1074
f 1075/1075/1075 1076/1076/1076 1077/1077/1077
f 1078/1078/1078 1079/1079/1079 1080/1080/1080
f 1081/1081/1081 1082/1082/1082 1083/1083/1083
f 1084/1084/1084 1085/1085/1085 1086/1086/1086
f 1087/1087/1087 1088/1088/1088 1089/1089/1089
f 1090/1090/1090 1091/1091/1091 1092/1092/1092
f 1093/1093/1093 1094/1094/1094 1095/1095/1095
f 1096/1096/1096 1097/1097/1097 1098/1098/1098
f 1099/1099/1099 1100/1100/1100 1101/1101/1101
f 1102/1102/1102 1103/1103/1103 1104/1104/1104
f 1105/1105/1105 1106/1106/1106 1107/1107/1107
f 1108/1108/1108 1109/1109/1109 1110/1110/1110
f 1111/1111/1111 1112/1112/1112 1113/1113/1113
f 1114/1114/1114 1115/1115/1115 1116/1116/1116
f 1117/1117/1117 1118/1118/1118 1119/1119/1119
f 1120/1120/1120 1121/1121/1121 1122/1122/1122
f 1123/1123/1123 1124/1124/1124 1125/1125/1125
f 1126/1126/1126 1127/1127/1127 1128/1128/1128
f 1129/1129/1129 1130/1130/1130 1131/1131/1131
f 1132/1132/1132 1133/1133/1133 1134/1134/1134
f 1135/1135/1135 1136/1136/1136 1137/1137/1137
f 1138/1138/1138 1139/1139/1139 1140/1140/1140
f 1141/1141/1141 1142/1142/1142 1143/1143/1143
f 1144/1144/1144 1145/1145/1145 1146/1146/1146
f 1147/1147/1147 1148/1148/1148 1149/1149/1149
f 1150/1150/1150 1151/1151/1151 1152/1152/1152
f 1153/1153/1153 1154/1154/1154 1155/1155/1155
f 1156/1156/1156 1157/1157/1157 1158/1158/1158
f 1159/1159/1159 1160/1160/1160 1161/1161/1161
f 1162/1162/1162 1163/1163/1163 1164/1164/1164
f 1165/1165/1165 1166/1166/1166 1167/1167/1167
f 1168/1168/1168 1169/1169/1169 1170/1170/1170
f 1171/1171/1171 1172/1172/1172 1173/1173/1173
f 1174/1174/1174 1175/1175/1175 1176/1176/1176
f 1177/1177/1177 1178/1178/1178 1179/1179/1179
f 1180/1180/1180 1181/1181/1181 1182/1182/1182
f 1183/1183/1183 1184/1184/1184 1185/1185/1185
f 1186/1186/1186 1187/1187/1187 1188/1188/1188
f 1189/1189/1189 1190/1190/1190 1191/1191/1191
f 1192/1192/1192 1193/1193/1193 1194/1194/1194
f 1195/1195/1195 1196/1196/1196 1197/1197/1197
f 1198/1198/1198 1199/1199/1199 1200/1200/1200
f 1201/1201/1201 1202/1202/1202 1203/1203/1203
f 1204/1204/1204 1205/1205/1205 1206/1206/1206
f 1207/1207/1207 1208/1208/1208 1209/1209/1209
f 1210/1210/1210 1211/1211/1211 1212/1212/1212
f 1213/1213/1213 1214/1214/1214 1215/1215/1215
f 1216/1216/1216 1217/1217/1217 1218/1218/1218
f 1219/1219/1219 1220/1220/1220 1221/1221/1221
f 1222/1222/1222 1223/1223/1223 1224/1224/1224
f 1225/1225/1225 1226/1226/1226 1227/1227/1227
f 1228/1228/1228 1229/1229/1229 1230/1230/1230
f 1231/1231/1231 1232/1232/1232 1233/1233/1233
f 1234/1234/1234 1235/1235/1235 1236/1236/1236
f 1237/1237/1237 1238/1238/1238 1239/1239/1239
f 1240/1240/1240 1241/1241/1241 1242/1242/1242
f 1243/1243/1243 1244/1244/1244 1245/1245/1245
f 1246/1246/1246 1247/1247/1247 1248/1248/1248
f 1249/1249/1249 1250/1250/1250 1251/1251/1251
f 1252/1252/1252 1253/1253/1253 1254/1254/1254
f 1255/1255/1255 1256/1256/1256 1257/1257/1257
f 1258/1258/1258 1259/1259/1259 1260/1260/1260
f 1261/1261/1261 1262/1262/1262 1263/1263/1263
f 1264/1264/1264 1265/1265/1265 1266/1266/1266
f 1267/1267/1267 1268/1268/1268 1269/1269/1269
f 1270/1270/1270 1271/1271/1271 1272/1272/1272
f 1273/1273/1273 1274/1274/1274 1275/1275/1275
f 1276/1276/1276 1277/1277/1277 1278/1278/1278
f 1279/1279/1279 1280/1280/1280 1281/1281/1281
f 1282/1282/1282 1283/1283/1283 1284/1284/1284
f 1285/1285/1285 1286/1286/1286 1287/1287/1287
f 1288/1288/1288 1289/1289/1289 1290/1290/1290
f 1291/1291/1291 1292/1292/1292 1293/1293/1293
f 1294/1294/1294 1295/1295/1295 1296/1296/1296
f 1297/1297/1297 1298/1298/1298 1299/1299/1299
f 1300/1300/1300 1301/1301/1301 1302/1302/1302
f 1303/1303/1303 1304/1304/1304 1305/1305/1305
f 1306/1306/1306 1307/1307/1307 1308/1308/1308
f 1309/1309/1309 1310/1310/1310 1311/1311/1311
f 1312/1312/1312 1313/1313/1313 1314/1314/1314
f 1315/1315/1315 1316/1316/1316 1317/1317/1317
f 1318/1318/1318 1319/1319/1319 1320/1320/1320
f 1321/1321/1321 1322/1322/1322 1323/1323/1323
f 1324/1324/1324 1325/1325/1325 1326/1326/1326
f 1327/1327/1327 1328/1328/1328 1329/1329/1329
f 1330/1330/1330 1331/1331/1331 1332/1332/1332
f 1333/1333/1333 1334/1334/1334 1335/1335/1335
f 1336/1336/1336 1337/1337/1337 1338/1338/1338
f 1339/1339/1339 1340/1340/1340 1341/1341/1341
f 1342/1342/1342 1343/1343/1343 1344/1344/1344
f 1345/1345/1345 1346/1346/1346 1347/1347/1347
f 1348/1348/1348 1349/1349/1349 1350/1350/1350
f 1351/1351/1351 1352/1352/1352 1353/1353/1353
f 1354/1354/1354 1355/1355/1355 1356/1356/1356
f 1357/1357/1357 1358/1358/1358 1359/1359/1359
f 1360/1360/1360 1361/1361/1361 1362/1362/1362
f 1363/1363/1363 1364/1364/1364 1365/1365/1365
f 1366/1366/1366 1367/1367/1367 1368/1368/1368
f 1369/1369/1369 1370/1370/1370 1371/1371/1371
f 1372/1372/1372 1373/1373/1373 1374/1374/1374
f 1375/1375/1375 1376/1376/1376 1377/1377/1377
f 1378/1378/1378 1379/1379/1379 1380/1380/1380
f 1381/1381/1381 1382/1382/1382 1383/1383/1383
f 1384/1384/1384 1385/1385/1385 1386/1386/1386
f 1387/1387/1387 1388/1388/1388 1389/1389/1389
f 1390/1390/1390 1391/1391/1391 1392/1392/1392
f 1393/1393/1393 1394/1394/1394 1395/1395/1395
f 1396/1396/1396 1397/1397/1397 1398/1398/1398
f 1399/1399/1399 1400/1400/1400 1401/1401/1401
f 1402/1402/1402 1403/1403/1403 1404/1404/1404
f 1405/1405/1405 1406/1406/1406 1407/1407/1407
f 1408/1408/1408 1409/1409/1409 1410/1410/1410
f 1411/1411/1411 1412/1412/1412 1413/1413/1413
f 1414/1414/1414 1415/1415/1415 1416/1416/1416
f 1417/1417/1417 1418/1418/1418 1419/1419/1419
f 1420/1420/1420 1421/1421/1421 1422/1422/1422
f 1423/1423/1423 1424/1424/1424 1425/1425/1425
f 1426/1426/1426 1427/1427/1427 1428/1428/1428
f 1429/1429/1429 1430/1430/1430 1431/1431/1431
f 1432/1432/1432 1433/1433/1433 1434/1434/1434
f 1435/1435/1435 1436/1436/1436 1437/1437/1437
f 1438/1438/1438 1439/1439/1439 1440/1440/1440
f 1441/1441/1441 1442/1442/1442 1443/1443/1443
f 1444/1444/1444 1445/1445/1445 1446/1446/1446
f 1447/1447/1447 1448/1448/1448 1449/1449/1449
f 1450/1450/1450 1451/1451/1451 1452/1452/1452
f 1453/1453/1453 1454/1454/1454 1455/1455/1455
f 1456/1456/1456 1457/1457/1457 1458/1458/1458
f 1459/1459/1459 1460/1460/1460 1461/1461/1461
f 1462/1462/1462 1463/1463/1463 1464/1464/1464
f 1465/1465/1465 1466/1466/1466 1467/1467/1467
f 1468/1468/1468 1469/1469/1469 1470/1470/1470
f 1471/1471/1471 1472/1472/1472 1473/1473/1473
f 1474/1474/1474 1475/1475/1475 1476/1476/1476
f 1477/1477/1477 1478/1478/1478 1479/1479/1479
f 1480/1480/1480 1481/1481/1481 1482/1482/1482
f 1483/1483/1483 1484/1484/1484 1485/1485/1485
f 1486/1486/1486 1487/1487/1487 1488/1488/1488
f 1489/1489/1489 1490/1490/1490 1491/1491/1491
f 1492/1492/1492 1493/1493/1493 1494/1494/1494
f 1495/1495/1495 1496/1496/1496 1497/1497/1497
f 1498/1498/1498 1499/1499/1499 1500/1500/1500
f 1501/1501/1501 1502/1502/1502 1503/1503/1503
f 1504/1504/1504 1505/1505/1505 1506/1506/1506
f 1507/1507/1507 1508/1508/1508 1509/1509/1509
f 1510/1510/1510 1511/1511/1511 1512/1512/1512
f 1513/1513/1513 1514/1514/1514 1515/1515/1515
f 1516/1516/1516 1517/1517/1517 1518/1518/1518
f 1519/1519/1519 1520/1520/1520 1521/1521/1521
f 1522/1522/1522 1523/1523/1523 1524/1524/1524
f 1525/1525/1525 1526/1526/1526 1527/1527/1527
f 1528/1528/1528 1529/1529/1529 1530/1530/1530
f 1531/1531/1531 1532/1532/1532 1533/1533/1533
f 1534/1534/1534 1535/1535/1535 1536/1536/1536
f 1537/1537/1537 1538/1538/1538 1539/1539/1539
f 1540/1540/1540 1541/1541/1541 1542/1542/1542
f 1543/1543/1543 1544/1544/1544 1545/1545/1545
f 1546/1546/1546 1547/1547/1547 1548/1548/1548
f 1549/1549/1549 1550/1550/1550 1551/1551/1551
f 1552/1552/1552 1553/1553/1553 1554/1554/1554
f 1555/1555/1555 1556/1556/1556 1557/1557/1557
f 1558/1558/1558 1559/1559/1559 1560/1560/1560
f 1561/1561/1561 1562/1562/1562 1563/1563/1563
f 1564/1564/1564 1565/1565/1565 1566/1566/1566
f 1567/1567/1567 1568/1568/1568 1569/1569/1569
f 1570/1570/1570 1571/1571/1571 1572/1572/1572
f 1573/1573/1573 1574/1574/1574 1575/1575/1575
f 1576/1576/1576 1577/1577/1577 1578/1578/1578
f 1579/1579/1579 1580/1580/1580 1581/1581/1581
f 1582/1582/1582 1583/1583/1583 1584/1584/1584
f 1585/1585/1585 1586/1586/1586 1587/1587/1587
f 1588/1588/1588 1589/1589/1589 1590/1590/1590
f 1591/1591/1591 1592/1592/1592 1593/1593/1593
f 1594/1594/1594 1595/1595/1595 1596/1596/1596
f 1597/1597/1597 1598/1598/1598 1599/1599/1599
f 1600/1600/1600 1601/1601/1601 1602/1602/1602
f 1603/1603/1603 1604/1604/1604 1605/1605/1605
f 1606/1606/1606 1607/1607/1607 1608/1608/1608
f 1609/1609/1609 1610/1610/1610 1611/1611/1611
f 1612/1612/1612 1613/1613/1613 1614/1614/1614
f 1615/1615/1615 1616/1616/1616 1617/1617/1617
f 1618/1618/1618 1619/1619/1619 1620/1620/1620
f 1621/1621/1621 1622/1622/1622 1623/1623/1623
f 1624/1624/1624 1625/1625/1625 1626/1626/1626
f 1627/1627/1627 1628/1628/1628 1629/1629/1629
f 1630/1630/1630 1631/1631/1631 1632/1632/1632
f 1633/1633/1633 1634/1634/1634 1635/1635/1635
f 1636/1636/1636 1637/1637/1637 1638/1638/1638
f 1639/1639/1639 1640/1640/1640 1641/1641/1641
f 1642/1642/1642 1643/1643/1643 1644/1644/1644
f 1645/1645/1645 1646/1646/1646 1647/1647/1647
f 1648/1648/1648 1649/1649/1649 1650/1650/1650
f 1651/1651/1651 1652/1652/1652 1653/1653/1653
f 1654/1654/1654 1655/1655/1655 1656/1656/1656
f 1657/1657/1657 1658/1658/1658 1659/1659/1659
f 1660/1660/1660 1661/1661/1661 1662/1662/1662
f 1663/1663/1663 1664/1664/1664 1665/1665/1665
f 1666/1666/1666 1667/1667/1667 1668/1668/1668
