# BusinessMan Head
mtllib ../BusinessMan.mtl
v -0.090849 0.204919 0.014306
v -0.081786 0.201360 0.025750
v -0.077569 0.201947 0.017852
v -0.081786 0.201360 0.025750
v -0.090849 0.204919 0.014306
v -0.093983 0.204435 0.019817
v -0.107135 0.187013 0.012120
v -0.094702 0.166927 0.011559
v -0.097389 0.166487 0.016256
v -0.094702 0.166927 0.011559
v -0.107135 0.187013 0.012120
v -0.105168 0.187354 0.008403
v -0.105168 0.187354 0.008403
v -0.106259 0.197511 0.012212
v -0.104214 0.197859 0.008329
v -0.106259 0.197511 0.012212
v -0.105168 0.187354 0.008403
v -0.107135 0.187013 0.012120
v -0.084360 0.156199 0.022028
v -0.094702 0.166927 0.011559
v -0.080820 0.156742 0.015752
v -0.094702 0.166927 0.011559
v -0.084360 0.156199 0.022028
v -0.097389 0.166487 0.016256
v -0.071680 0.152314 0.027923
v -0.080820 0.156742 0.015752
v -0.067256 0.152968 0.019925
v -0.080820 0.156742 0.015752
v -0.071680 0.152314 0.027923
v -0.084360 0.156199 0.022028
v -0.104214 0.197859 0.008329
v -0.093983 0.204435 0.019817
v -0.090849 0.204919 0.014306
v -0.093983 0.204435 0.019817
v -0.104214 0.197859 0.008329
v -0.106259 0.197511 0.012212
v -0.090133 0.186537 0.014605
v -0.077569 0.201947 0.017852
v -0.075851 0.185692 0.018795
v -0.077569 0.201947 0.017852
v -0.090133 0.186537 0.014605
v -0.090849 0.204919 0.014306
v -0.080820 0.156742 0.015752
v -0.075851 0.185692 0.018795
v -0.067256 0.152968 0.019925
v -0.075851 0.185692 0.018795
v -0.080820 0.156742 0.015752
v -0.090133 0.186537 0.014605
v -0.094702 0.166927 0.011559
v -0.090133 0.186537 0.014605
v -0.080820 0.156742 0.015752
v -0.090133 0.186537 0.014605
v -0.094702 0.166927 0.011559
v -0.105168 0.187354 0.008403
v -0.104214 0.197859 0.008329
v -0.090849 0.204919 0.014306
v -0.090133 0.186537 0.014605
v -0.104214 0.197859 0.008329
v -0.090133 0.186537 0.014605
v -0.105168 0.187354 0.008403
v -0.093325 0.186041 0.020086
v -0.081786 0.201360 0.025750
v -0.093983 0.204435 0.019817
v -0.081786 0.201360 0.025750
v -0.093325 0.186041 0.020086
v -0.080195 0.185075 0.026590
v -0.080195 0.185075 0.026590
v -0.084360 0.156199 0.022028
v -0.071680 0.152314 0.027923
v -0.084360 0.156199 0.022028
v -0.080195 0.185075 0.026590
v -0.093325 0.186041 0.020086
v -0.093325 0.186041 0.020086
v -0.097389 0.166487 0.016256
v -0.084360 0.156199 0.022028
v -0.097389 0.166487 0.016256
v -0.093325 0.186041 0.020086
v -0.107135 0.187013 0.012120
v -0.093325 0.186041 0.020086
v -0.106259 0.197511 0.012212
v -0.107135 0.187013 0.012120
v -0.106259 0.197511 0.012212
v -0.093325 0.186041 0.020086
v -0.093983 0.204435 0.019817
v -0.000000 0.198441 0.099477
v -0.010425 0.145157 0.110273
v -0.000000 0.143639 0.112168
v -0.007143 0.200078 0.097470
v -0.010425 0.145157 0.110273
v -0.000000 0.198441 0.099477
v -0.000000 0.143332 0.090974
v -0.010425 0.145157 0.110273
v -0.011409 0.144667 0.087932
v -0.010425 0.145157 0.110273
v -0.000000 0.143332 0.090974
v -0.000000 0.143639 0.112168
v -0.008070 0.194403 0.090504
v -0.011409 0.144667 0.087932
v -0.010425 0.145157 0.110273
v -0.010425 0.145157 0.110273
v -0.007143 0.200078 0.097470
v -0.008070 0.194403 0.090504
v 0.090849 0.204919 0.014306
v 0.081786 0.201360 0.025750
v 0.093983 0.204435 0.019817
v 0.081786 0.201360 0.025750
v 0.090849 0.204919 0.014306
v 0.077569 0.201947 0.017852
v 0.094702 0.166927 0.011559
v 0.107135 0.187013 0.012121
v 0.097389 0.166487 0.016256
v 0.107135 0.187013 0.012121
v 0.094702 0.166927 0.011559
v 0.105168 0.187354 0.008403
v 0.105168 0.187354 0.008403
v 0.106259 0.197511 0.012212
v 0.107135 0.187013 0.012121
v 0.106259 0.197511 0.012212
v 0.105168 0.187354 0.008403
v 0.104214 0.197859 0.008329
v 0.084360 0.156199 0.022028
v 0.080820 0.156742 0.015752
v 0.094702 0.166927 0.011559
v 0.097389 0.166487 0.016256
v 0.084360 0.156199 0.022028
v 0.094702 0.166927 0.011559
v 0.071680 0.152314 0.027923
v 0.067256 0.152968 0.019925
v 0.080820 0.156742 0.015752
v 0.084360 0.156199 0.022028
v 0.071680 0.152314 0.027923
v 0.080820 0.156742 0.015752
v 0.104214 0.197859 0.008329
v 0.093983 0.204435 0.019817
v 0.106259 0.197511 0.012212
v 0.093983 0.204435 0.019817
v 0.104214 0.197859 0.008329
v 0.090849 0.204919 0.014306
v 0.090133 0.186537 0.014605
v 0.077569 0.201947 0.017852
v 0.090849 0.204919 0.014306
v 0.077569 0.201947 0.017852
v 0.090133 0.186537 0.014605
v 0.075851 0.185692 0.018795
v 0.075851 0.185692 0.018795
v 0.080820 0.156742 0.015752
v 0.067256 0.152968 0.019925
v 0.080820 0.156742 0.015752
v 0.075851 0.185692 0.018795
v 0.090133 0.186537 0.014605
v 0.090133 0.186537 0.014605
v 0.094702 0.166927 0.011559
v 0.080820 0.156742 0.015752
v 0.094702 0.166927 0.011559
v 0.090133 0.186537 0.014605
v 0.105168 0.187354 0.008403
v 0.090133 0.186537 0.014605
v 0.104214 0.197859 0.008329
v 0.105168 0.187354 0.008403
v 0.104214 0.197859 0.008329
v 0.090133 0.186537 0.014605
v 0.090849 0.204919 0.014306
v 0.093325 0.186041 0.020086
v 0.081786 0.201360 0.025750
v 0.080195 0.185075 0.026590
v 0.081786 0.201360 0.025750
v 0.093325 0.186041 0.020086
v 0.093983 0.204435 0.019817
v 0.084360 0.156199 0.022028
v 0.080195 0.185075 0.026590
v 0.071680 0.152314 0.027923
v 0.080195 0.185075 0.026590
v 0.084360 0.156199 0.022028
v 0.093325 0.186041 0.020086
v 0.097389 0.166487 0.016256
v 0.093325 0.186041 0.020086
v 0.084360 0.156199 0.022028
v 0.093325 0.186041 0.020086
v 0.097389 0.166487 0.016256
v 0.107135 0.187013 0.012121
v 0.106259 0.197511 0.012212
v 0.093325 0.186041 0.020086
v 0.107135 0.187013 0.012121
v 0.106259 0.197511 0.012212
v 0.093983 0.204435 0.019817
v 0.093325 0.186041 0.020086
v -0.000000 0.198441 0.099477
v 0.010425 0.145157 0.110273
v 0.007143 0.200078 0.097470
v 0.010425 0.145157 0.110273
v -0.000000 0.198441 0.099477
v -0.000000 0.143639 0.112168
v -0.000000 0.143332 0.090974
v 0.010425 0.145157 0.110273
v -0.000000 0.143639 0.112168
v 0.010425 0.145157 0.110273
v -0.000000 0.143332 0.090974
v 0.011409 0.144667 0.087932
v 0.008070 0.194403 0.090504
v 0.010425 0.145157 0.110273
v 0.011409 0.144667 0.087932
v 0.007143 0.200078 0.097470
v 0.010425 0.145157 0.110273
v 0.008070 0.194403 0.090504
v -0.044291 0.018723 0.006497
v -0.044291 0.000000 0.006497
v -0.028591 0.018723 0.017407
v 0.000000 0.018723 0.019412
v 0.000000 0.000000 0.019412
v 0.028591 0.018723 0.017407
v -0.046099 0.018723 -0.051829
v -0.046099 0.000000 -0.051829
v -0.049831 0.018723 -0.038700
v 0.044291 0.018723 0.006497
v 0.044291 0.000000 0.006497
v 0.048356 0.018723 -0.006509
v -0.025332 0.018723 -0.065457
v -0.025332 0.000000 -0.065457
v -0.046099 0.018723 -0.051829
v 0.051459 0.018723 -0.019736
v 0.051459 0.000000 -0.019736
v 0.049831 0.018723 -0.038700
v -0.028591 0.018723 0.017407
v -0.028591 0.000000 0.017407
v 0.000000 0.018723 0.019412
v 0.025332 0.018723 -0.065457
v 0.025332 0.000000 -0.065457
v 0.000000 0.018723 -0.068972
v 0.048356 0.018723 -0.006509
v 0.048356 0.000000 -0.006509
v 0.051459 0.018723 -0.019736
v -0.048356 0.000000 -0.006509
v -0.044291 0.018723 0.006497
v -0.048356 0.018723 -0.006509
v 0.028591 0.018723 0.017407
v 0.028591 0.000000 0.017407
v 0.044291 0.018723 0.006497
v -0.049831 0.018723 -0.038700
v -0.049831 0.000000 -0.038700
v -0.051459 0.018723 -0.019736
v 0.049831 0.018723 -0.038700
v 0.049831 0.000000 -0.038700
v 0.046099 0.018723 -0.051829
v 0.000000 0.018723 -0.068972
v 0.000000 0.000000 -0.068972
v -0.025332 0.018723 -0.065457
v -0.051459 0.000000 -0.019736
v -0.048356 0.018723 -0.006509
v -0.051459 0.018723 -0.019736
v 0.046099 0.018723 -0.051829
v 0.046099 0.000000 -0.051829
v 0.025332 0.018723 -0.065457
v -0.037744 0.080205 0.081372
v 0.000000 0.112587 0.092978
v -0.044651 0.115963 0.079563
v 0.000000 0.112587 0.092978
v -0.037744 0.080205 0.081372
v 0.000000 0.074661 0.089609
v -0.035908 0.072887 0.073644
v -0.055647 0.102037 0.044561
v -0.051200 0.093638 0.037662
v -0.037744 0.080205 0.081372
v -0.055647 0.102037 0.044561
v -0.035908 0.072887 0.073644
v 0.000000 0.074661 0.089609
v -0.037744 0.080205 0.081372
v 0.000000 0.067281 0.081417
v -0.035908 0.072887 0.073644
v 0.000000 0.067281 0.081417
v -0.037744 0.080205 0.081372
v -0.051200 0.093638 0.037662
v -0.063628 0.112934 0.025452
v -0.057599 0.102784 0.021227
v -0.055647 0.102037 0.044561
v -0.063628 0.112934 0.025452
v -0.051200 0.093638 0.037662
v -0.063628 0.112934 0.025452
v -0.055013 0.107304 -0.005081
v -0.057599 0.102784 0.021227
v -0.063628 0.112934 0.025452
v -0.076875 0.141186 -0.001222
v -0.055013 0.107304 -0.005081
v -0.041549 0.088198 0.004888
v -0.055013 0.107304 -0.005081
v -0.047129 0.089404 -0.016246
v -0.057599 0.102784 0.021227
v -0.055013 0.107304 -0.005081
v -0.041549 0.088198 0.004888
v -0.071681 0.289302 -0.049862
v -0.044896 0.293646 -0.091094
v -0.059795 0.276664 -0.083491
v -0.044896 0.293646 -0.091094
v -0.071681 0.289302 -0.049862
v -0.044896 0.312821 -0.052554
v -0.044896 0.314873 -0.003395
v -0.071681 0.289302 -0.049862
v -0.075948 0.292987 -0.002196
v -0.071681 0.289302 -0.049862
v -0.044896 0.314873 -0.003395
v -0.044896 0.312821 -0.052554
v -0.074450 0.283950 0.036123
v -0.044896 0.314873 -0.003395
v -0.075948 0.292987 -0.002196
v -0.044896 0.314873 -0.003395
v -0.074450 0.283950 0.036123
v -0.044896 0.308167 0.038912
v -0.068948 0.272058 0.059206
v -0.044896 0.308167 0.038912
v -0.074450 0.283950 0.036123
v -0.044896 0.308167 0.038912
v -0.068948 0.272058 0.059206
v -0.044896 0.280695 0.070278
v -0.083805 0.263953 -0.046255
v -0.059795 0.276664 -0.083491
v -0.075201 0.263264 -0.097026
v -0.059795 0.276664 -0.083491
v -0.083805 0.263953 -0.046255
v -0.071681 0.289302 -0.049862
v -0.083805 0.263953 -0.046255
v -0.075948 0.292987 -0.002196
v -0.071681 0.289302 -0.049862
v -0.075948 0.292987 -0.002196
v -0.083805 0.263953 -0.046255
v -0.088837 0.262628 -0.004609
v -0.044364 0.265171 -0.115272
v -0.075201 0.263264 -0.097026
v -0.044896 0.293646 -0.091094
v -0.044896 0.293646 -0.091094
v -0.075201 0.263264 -0.097026
v -0.059795 0.276664 -0.083491
v -0.088837 0.262628 -0.004609
v -0.074450 0.283950 0.036123
v -0.075948 0.292987 -0.002196
v -0.074450 0.283950 0.036123
v -0.088837 0.262628 -0.004609
v -0.085582 0.253642 0.026948
v -0.068948 0.272058 0.059206
v -0.085582 0.253642 0.026948
v -0.079213 0.254059 0.066110
v -0.085582 0.253642 0.026948
v -0.068948 0.272058 0.059206
v -0.074450 0.283950 0.036123
v -0.053051 0.256077 0.086195
v -0.068948 0.272058 0.059206
v -0.079213 0.254059 0.066110
v -0.068948 0.272058 0.059206
v -0.053051 0.256077 0.086195
v -0.044896 0.280695 0.070278
v 0.000000 0.262853 0.096196
v -0.044896 0.280695 0.070278
v -0.053051 0.256077 0.086195
v -0.044896 0.280695 0.070278
v 0.000000 0.262853 0.096196
v 0.000000 0.290302 0.070842
v -0.025332 0.018723 -0.065457
v 0.000000 0.065869 -0.066859
v 0.000000 0.018723 -0.068972
v 0.000000 0.065869 -0.066859
v -0.025332 0.018723 -0.065457
v -0.024888 0.067075 -0.064751
v 0.000000 0.271394 -0.117233
v -0.044896 0.293646 -0.091094
v 0.000000 0.303253 -0.090642
v -0.044896 0.293646 -0.091094
v 0.000000 0.271394 -0.117233
v -0.044364 0.265171 -0.115272
v -0.044896 0.312821 -0.052554
v 0.000000 0.303253 -0.090642
v -0.044896 0.293646 -0.091094
v 0.000000 0.303253 -0.090642
v -0.044896 0.312821 -0.052554
v 0.000000 0.322428 -0.052003
v 0.000000 0.324497 -0.005022
v -0.044896 0.312821 -0.052554
v -0.044896 0.314873 -0.003395
v -0.044896 0.312821 -0.052554
v 0.000000 0.324497 -0.005022
v 0.000000 0.322428 -0.052003
v 0.000000 0.317774 0.039460
v -0.044896 0.314873 -0.003395
v -0.044896 0.308167 0.038912
v -0.044896 0.314873 -0.003395
v 0.000000 0.317774 0.039460
v 0.000000 0.324497 -0.005022
v -0.044896 0.280695 0.070278
v 0.000000 0.317774 0.039460
v -0.044896 0.308167 0.038912
v 0.000000 0.317774 0.039460
v -0.044896 0.280695 0.070278
v 0.000000 0.290302 0.070842
v -0.089848 0.178426 -0.006287
v -0.090678 0.211026 0.020742
v -0.094273 0.216930 -0.007906
v -0.090678 0.211026 0.020742
v -0.089848 0.178426 -0.006287
v -0.086141 0.173803 0.019521
v -0.086141 0.173803 0.019521
v -0.086412 0.202732 0.042754
v -0.090678 0.211026 0.020742
v -0.086412 0.202732 0.042754
v -0.086141 0.173803 0.019521
v -0.080147 0.164261 0.044560
v -0.072140 0.178746 -0.091493
v -0.089150 0.220582 -0.046077
v -0.078105 0.218210 -0.097310
v -0.089150 0.220582 -0.046077
v -0.072140 0.178746 -0.091493
v -0.089304 0.184117 -0.044565
v -0.056281 0.154710 0.080089
v 0.000000 0.186132 0.095005
v -0.063851 0.191740 0.079976
v 0.000000 0.186132 0.095005
v -0.056281 0.154710 0.080089
v 0.000000 0.147447 0.095669
v -0.076040 0.232691 -0.097789
v -0.044364 0.265171 -0.115272
v -0.042505 0.228041 -0.119541
v -0.044364 0.265171 -0.115272
v -0.076040 0.232691 -0.097789
v -0.075201 0.263264 -0.097026
v -0.080147 0.164261 0.044560
v -0.063851 0.191740 0.079976
v -0.086412 0.202732 0.042754
v -0.063851 0.191740 0.079976
v -0.080147 0.164261 0.044560
v -0.056281 0.154710 0.080089
v -0.089304 0.184117 -0.044565
v -0.094273 0.216930 -0.007906
v -0.089150 0.220582 -0.046077
v -0.094273 0.216930 -0.007906
v -0.089304 0.184117 -0.044565
v -0.089848 0.178426 -0.006287
v -0.063846 0.216519 0.092453
v -0.079213 0.254059 0.066110
v -0.084260 0.222641 0.048762
v -0.079213 0.254059 0.066110
v -0.063846 0.216519 0.092453
v -0.053051 0.256077 0.086195
v 0.000000 0.216694 0.107489
v -0.053051 0.256077 0.086195
v -0.063846 0.216519 0.092453
v -0.053051 0.256077 0.086195
v 0.000000 0.216694 0.107489
v 0.000000 0.262853 0.096196
v -0.087101 0.234986 -0.046676
v -0.075201 0.263264 -0.097026
v -0.076040 0.232691 -0.097789
v -0.075201 0.263264 -0.097026
v -0.087101 0.234986 -0.046676
v -0.083805 0.263953 -0.046255
v -0.084260 0.222641 0.048762
v -0.085582 0.253642 0.026948
v -0.088564 0.226138 0.020830
v -0.079213 0.254059 0.066110
v -0.085582 0.253642 0.026948
v -0.084260 0.222641 0.048762
v -0.092198 0.231298 -0.008504
v -0.085582 0.253642 0.026948
v -0.088837 0.262628 -0.004609
v -0.085582 0.253642 0.026948
v -0.092198 0.231298 -0.008504
v -0.088564 0.226138 0.020830
v -0.092198 0.231298 -0.008504
v -0.083805 0.263953 -0.046255
v -0.087101 0.234986 -0.046676
v -0.083805 0.263953 -0.046255
v -0.092198 0.231298 -0.008504
v -0.088837 0.262628 -0.004609
v -0.039897 0.174636 -0.113045
v 0.000000 0.212114 -0.124507
v 0.000000 0.172684 -0.118651
v 0.000000 0.212114 -0.124507
v -0.039897 0.174636 -0.113045
v -0.042505 0.214012 -0.119062
v -0.089150 0.220582 -0.046077
v -0.092198 0.231298 -0.008504
v -0.087101 0.234986 -0.046676
v -0.092198 0.231298 -0.008504
v -0.089150 0.220582 -0.046077
v -0.094273 0.216930 -0.007906
v -0.063851 0.191740 0.079976
v -0.084260 0.222641 0.048762
v -0.086412 0.202732 0.042754
v -0.063846 0.216519 0.092453
v -0.084260 0.222641 0.048762
v -0.063851 0.191740 0.079976
v -0.063851 0.191740 0.079976
v 0.000000 0.216694 0.107489
v -0.063846 0.216519 0.092453
v 0.000000 0.216694 0.107489
v -0.063851 0.191740 0.079976
v 0.000000 0.186132 0.095005
v 0.000000 0.226143 -0.124986
v -0.044364 0.265171 -0.115272
v 0.000000 0.271394 -0.117233
v -0.044364 0.265171 -0.115272
v 0.000000 0.226143 -0.124986
v -0.042505 0.228041 -0.119541
v -0.089150 0.220582 -0.046077
v -0.076040 0.232691 -0.097789
v -0.078105 0.218210 -0.097310
v -0.076040 0.232691 -0.097789
v -0.089150 0.220582 -0.046077
v -0.087101 0.234986 -0.046676
v -0.090678 0.211026 0.020742
v -0.084260 0.222641 0.048762
v -0.088564 0.226138 0.020830
v -0.084260 0.222641 0.048762
v -0.090678 0.211026 0.020742
v -0.086412 0.202732 0.042754
v -0.072140 0.178746 -0.091493
v -0.042505 0.214012 -0.119062
v -0.039897 0.174636 -0.113045
v -0.042505 0.214012 -0.119062
v -0.072140 0.178746 -0.091493
v -0.078105 0.218210 -0.097310
v -0.094273 0.216930 -0.007906
v -0.088564 0.226138 0.020830
v -0.092198 0.231298 -0.008504
v -0.088564 0.226138 0.020830
v -0.094273 0.216930 -0.007906
v -0.090678 0.211026 0.020742
v -0.076875 0.141186 -0.001222
v -0.086141 0.173803 0.019521
v -0.089848 0.178426 -0.006287
v -0.086141 0.173803 0.019521
v -0.076875 0.141186 -0.001222
v -0.074081 0.136186 0.023401
v -0.071455 0.146484 -0.044541
v -0.089848 0.178426 -0.006287
v -0.089304 0.184117 -0.044565
v -0.089848 0.178426 -0.006287
v -0.071455 0.146484 -0.044541
v -0.076875 0.141186 -0.001222
v -0.065853 0.126762 0.050031
v -0.056281 0.154710 0.080089
v -0.080147 0.164261 0.044560
v -0.056281 0.154710 0.080089
v -0.065853 0.126762 0.050031
v -0.044651 0.115963 0.079563
v -0.078105 0.218210 -0.097310
v -0.042505 0.228041 -0.119541
v -0.042505 0.214012 -0.119062
v -0.042505 0.228041 -0.119541
v -0.078105 0.218210 -0.097310
v -0.076040 0.232691 -0.097789
v -0.044651 0.115963 0.079563
v 0.000000 0.147447 0.095669
v -0.056281 0.154710 0.080089
v 0.000000 0.147447 0.095669
v -0.044651 0.115963 0.079563
v 0.000000 0.112587 0.092978
v -0.042505 0.214012 -0.119062
v 0.000000 0.226143 -0.124986
v 0.000000 0.212114 -0.124507
v 0.000000 0.226143 -0.124986
v -0.042505 0.214012 -0.119062
v -0.042505 0.228041 -0.119541
v -0.060157 0.144314 -0.074237
v -0.089304 0.184117 -0.044565
v -0.072140 0.178746 -0.091493
v -0.089304 0.184117 -0.044565
v -0.060157 0.144314 -0.074237
v -0.071455 0.146484 -0.044541
v -0.080147 0.164261 0.044560
v -0.074081 0.136186 0.023401
v -0.065853 0.126762 0.050031
v -0.074081 0.136186 0.023401
v -0.080147 0.164261 0.044560
v -0.086141 0.173803 0.019521
v -0.050719 0.115827 -0.059859
v -0.071455 0.146484 -0.044541
v -0.060157 0.144314 -0.074237
v -0.071455 0.146484 -0.044541
v -0.050719 0.115827 -0.059859
v -0.059252 0.114334 -0.040631
v -0.026788 0.076835 0.030960
v -0.035908 0.072887 0.073644
v -0.051200 0.093638 0.037662
v -0.051200 0.093638 0.037662
v -0.036285 0.082601 0.025198
v -0.026788 0.076835 0.030960
v -0.059252 0.114334 -0.040631
v -0.076875 0.141186 -0.001222
v -0.071455 0.146484 -0.044541
v -0.076875 0.141186 -0.001222
v -0.059252 0.114334 -0.040631
v -0.055013 0.107304 -0.005081
v -0.060157 0.144314 -0.074237
v -0.039897 0.174636 -0.113045
v -0.033916 0.140246 -0.095954
v -0.039897 0.174636 -0.113045
v -0.060157 0.144314 -0.074237
v -0.072140 0.178746 -0.091493
v 0.000000 0.075765 0.031082
v -0.035908 0.072887 0.073644
v -0.026788 0.076835 0.030960
v -0.035908 0.072887 0.073644
v 0.000000 0.075765 0.031082
v 0.000000 0.067281 0.081417
v -0.033916 0.140246 -0.095954
v 0.000000 0.172684 -0.118651
v 0.000000 0.138369 -0.101584
v 0.000000 0.172684 -0.118651
v -0.033916 0.140246 -0.095954
v -0.039897 0.174636 -0.113045
v -0.047129 0.089404 -0.016246
v -0.059252 0.114334 -0.040631
v -0.046676 0.088183 -0.037987
v -0.055013 0.107304 -0.005081
v -0.059252 0.114334 -0.040631
v -0.047129 0.089404 -0.016246
v -0.036285 0.082601 0.025198
v -0.051200 0.093638 0.037662
v -0.057599 0.102784 0.021227
v -0.041549 0.088198 0.004888
v -0.036285 0.082601 0.025198
v -0.057599 0.102784 0.021227
v -0.063628 0.112934 0.025452
v -0.065853 0.126762 0.050031
v -0.074081 0.136186 0.023401
v -0.065853 0.126762 0.050031
v -0.063628 0.112934 0.025452
v -0.055647 0.102037 0.044561
v -0.027496 0.111996 -0.077478
v 0.000000 0.138369 -0.101584
v 0.000000 0.110220 -0.082400
v 0.000000 0.138369 -0.101584
v -0.027496 0.111996 -0.077478
v -0.033916 0.140246 -0.095954
v -0.038288 0.087137 -0.055678
v -0.059252 0.114334 -0.040631
v -0.050719 0.115827 -0.059859
v -0.059252 0.114334 -0.040631
v -0.038288 0.087137 -0.055678
v -0.046676 0.088183 -0.037987
v -0.055647 0.102037 0.044561
v -0.044651 0.115963 0.079563
v -0.065853 0.126762 0.050031
v -0.044651 0.115963 0.079563
v -0.055647 0.102037 0.044561
v -0.037744 0.080205 0.081372
v -0.050719 0.115827 -0.059859
v -0.033916 0.140246 -0.095954
v -0.027496 0.111996 -0.077478
v -0.033916 0.140246 -0.095954
v -0.050719 0.115827 -0.059859
v -0.060157 0.144314 -0.074237
v -0.063628 0.112934 0.025452
v -0.074081 0.136186 0.023401
v -0.076875 0.141186 -0.001222
v 0.000000 0.062716 0.023883
v -0.026788 0.076835 0.030960
v -0.030694 0.063565 0.023799
v -0.026788 0.076835 0.030960
v 0.000000 0.062716 0.023883
v 0.000000 0.075765 0.031082
v -0.030694 0.063565 0.023799
v -0.036285 0.082601 0.025198
v -0.038506 0.067612 0.013083
v -0.036285 0.082601 0.025198
v -0.030694 0.063565 0.023799
v -0.026788 0.076835 0.030960
v -0.044300 0.071298 -0.038185
v -0.038288 0.087137 -0.055678
v -0.035715 0.069914 -0.055461
v -0.038288 0.087137 -0.055678
v -0.044300 0.071298 -0.038185
v -0.046676 0.088183 -0.037987
v -0.038506 0.067612 0.013083
v -0.041549 0.088198 0.004888
v -0.042826 0.071865 -0.003983
v -0.036285 0.082601 0.025198
v -0.041549 0.088198 0.004888
v -0.038506 0.067612 0.013083
v -0.022862 0.084713 -0.066211
v 0.000000 0.110220 -0.082400
v 0.000000 0.083545 -0.068737
v 0.000000 0.110220 -0.082400
v -0.022862 0.084713 -0.066211
v -0.027496 0.111996 -0.077478
v -0.038288 0.087137 -0.055678
v -0.027496 0.111996 -0.077478
v -0.022862 0.084713 -0.066211
v -0.027496 0.111996 -0.077478
v -0.038288 0.087137 -0.055678
v -0.050719 0.115827 -0.059859
v -0.042826 0.071865 -0.003983
v -0.047129 0.089404 -0.016246
v -0.045685 0.073499 -0.019247
v -0.041549 0.088198 0.004888
v -0.047129 0.089404 -0.016246
v -0.042826 0.071865 -0.003983
v -0.045685 0.073499 -0.019247
v -0.046676 0.088183 -0.037987
v -0.044300 0.071298 -0.038185
v -0.046676 0.088183 -0.037987
v -0.045685 0.073499 -0.019247
v -0.047129 0.089404 -0.016246
v -0.051459 0.018723 -0.019736
v -0.044300 0.071298 -0.038185
v -0.049831 0.018723 -0.038700
v -0.044300 0.071298 -0.038185
v -0.051459 0.018723 -0.019736
v -0.045685 0.073499 -0.019247
v -0.048356 0.018723 -0.006509
v -0.038506 0.067612 0.013083
v -0.042826 0.071865 -0.003983
v -0.038506 0.067612 0.013083
v -0.048356 0.018723 -0.006509
v -0.044291 0.018723 0.006497
v -0.035715 0.069914 -0.055461
v -0.022862 0.084713 -0.066211
v -0.024888 0.067075 -0.064751
v -0.022862 0.084713 -0.066211
v -0.035715 0.069914 -0.055461
v -0.038288 0.087137 -0.055678
v -0.028591 0.018723 0.017407
v 0.000000 0.062716 0.023883
v -0.030694 0.063565 0.023799
v 0.000000 0.062716 0.023883
v -0.028591 0.018723 0.017407
v 0.000000 0.018723 0.019412
v -0.022862 0.084713 -0.066211
v 0.000000 0.083545 -0.068737
v 0.000000 0.065869 -0.066859
v -0.022862 0.084713 -0.066211
v 0.000000 0.065869 -0.066859
v -0.024888 0.067075 -0.064751
v -0.024888 0.067075 -0.064751
v -0.046099 0.018723 -0.051829
v -0.035715 0.069914 -0.055461
v -0.046099 0.018723 -0.051829
v -0.024888 0.067075 -0.064751
v -0.025332 0.018723 -0.065457
v -0.049831 0.018723 -0.038700
v -0.035715 0.069914 -0.055461
v -0.046099 0.018723 -0.051829
v -0.035715 0.069914 -0.055461
v -0.049831 0.018723 -0.038700
v -0.044300 0.071298 -0.038185
v -0.044291 0.018723 0.006497
v -0.030694 0.063565 0.023799
v -0.038506 0.067612 0.013083
v -0.030694 0.063565 0.023799
v -0.044291 0.018723 0.006497
v -0.028591 0.018723 0.017407
v -0.051459 0.018723 -0.019736
v -0.042826 0.071865 -0.003983
v -0.045685 0.073499 -0.019247
v -0.042826 0.071865 -0.003983
v -0.051459 0.018723 -0.019736
v -0.048356 0.018723 -0.006509
v 0.037744 0.080205 0.081372
v 0.000000 0.112587 0.092978
v 0.000000 0.074661 0.089609
v 0.000000 0.112587 0.092978
v 0.037744 0.080205 0.081372
v 0.044651 0.115963 0.079563
v 0.055647 0.102037 0.044561
v 0.035908 0.072887 0.073644
v 0.051200 0.093638 0.037662
v 0.035908 0.072887 0.073644
v 0.055647 0.102037 0.044561
v 0.037744 0.080205 0.081372
v 0.037744 0.080205 0.081372
v 0.000000 0.074661 0.089609
v 0.000000 0.067281 0.081417
v 0.000000 0.067281 0.081417
v 0.035908 0.072887 0.073644
v 0.037744 0.080205 0.081372
v 0.063628 0.112934 0.025452
v 0.051200 0.093638 0.037662
v 0.057599 0.102784 0.021227
v 0.051200 0.093638 0.037662
v 0.063628 0.112934 0.025452
v 0.055647 0.102037 0.044561
v 0.076875 0.141186 -0.001222
v 0.063628 0.112934 0.025452
v 0.055013 0.107304 -0.005081
v 0.057599 0.102784 0.021227
v 0.055013 0.107304 -0.005081
v 0.063628 0.112934 0.025452
v 0.041549 0.088198 0.004888
v 0.047129 0.089404 -0.016246
v 0.055013 0.107304 -0.005081
v 0.057599 0.102784 0.021227
v 0.041549 0.088198 0.004888
v 0.055013 0.107304 -0.005081
v 0.071681 0.289302 -0.049862
v 0.044896 0.293646 -0.091094
v 0.044896 0.312821 -0.052554
v 0.044896 0.293646 -0.091094
v 0.071681 0.289302 -0.049862
v 0.059795 0.276664 -0.083491
v 0.071681 0.289302 -0.049862
v 0.044896 0.314873 -0.003395
v 0.075948 0.292987 -0.002196
v 0.044896 0.312821 -0.052554
v 0.044896 0.314873 -0.003395
v 0.071681 0.289302 -0.049862
v 0.074450 0.283950 0.036123
v 0.044896 0.314873 -0.003395
v 0.044896 0.308167 0.038912
v 0.044896 0.314873 -0.003395
v 0.074450 0.283950 0.036123
v 0.075948 0.292987 -0.002196
v 0.068948 0.272058 0.059206
v 0.044896 0.308167 0.038912
v 0.044896 0.280695 0.070278
v 0.044896 0.308167 0.038912
v 0.068948 0.272058 0.059206
v 0.074450 0.283950 0.036123
v 0.083805 0.263953 -0.046255
v 0.075201 0.263264 -0.097026
v 0.059795 0.276664 -0.083491
v 0.059795 0.276664 -0.083491
v 0.071681 0.289302 -0.049862
v 0.083805 0.263953 -0.046255
v 0.083805 0.263953 -0.046255
v 0.075948 0.292987 -0.002196
v 0.088837 0.262628 -0.004609
v 0.075948 0.292987 -0.002196
v 0.083805 0.263953 -0.046255
v 0.071681 0.289302 -0.049862
v 0.075201 0.263264 -0.097026
v 0.044364 0.265171 -0.115272
v 0.044896 0.293646 -0.091094
v 0.059795 0.276664 -0.083491
v 0.075201 0.263264 -0.097026
v 0.044896 0.293646 -0.091094
v 0.088837 0.262628 -0.004609
v 0.074450 0.283950 0.036123
v 0.085582 0.253642 0.026948
v 0.074450 0.283950 0.036123
v 0.088837 0.262628 -0.004609
v 0.075948 0.292987 -0.002196
v 0.068948 0.272058 0.059206
v 0.085582 0.253642 0.026948
v 0.074450 0.283950 0.036123
v 0.085582 0.253642 0.026948
v 0.068948 0.272058 0.059206
v 0.079213 0.254059 0.066110
v 0.053051 0.256077 0.086195
v 0.079213 0.254059 0.066110
v 0.068948 0.272058 0.059206
v 0.068948 0.272058 0.059206
v 0.044896 0.280695 0.070278
v 0.053051 0.256077 0.086195
v 0.000000 0.262853 0.096196
v 0.053051 0.256077 0.086195
v 0.044896 0.280695 0.070278
v 0.044896 0.280695 0.070278
v 0.000000 0.290302 0.070842
v 0.000000 0.262853 0.096196
v 0.000000 0.065869 -0.066859
v 0.025332 0.018723 -0.065457
v 0.000000 0.018723 -0.068972
v 0.024888 0.067075 -0.064751
v 0.025332 0.018723 -0.065457
v 0.000000 0.065869 -0.066859
v 0.000000 0.271394 -0.117233
v 0.044896 0.293646 -0.091094
v 0.044364 0.265171 -0.115272
v 0.044896 0.293646 -0.091094
v 0.000000 0.271394 -0.117233
v 0.000000 0.303253 -0.090642
v 0.044896 0.312821 -0.052554
v 0.000000 0.303253 -0.090642
v 0.000000 0.322428 -0.052003
v 0.000000 0.303253 -0.090642
v 0.044896 0.312821 -0.052554
v 0.044896 0.293646 -0.091094
v 0.044896 0.312821 -0.052554
v 0.000000 0.322428 -0.052003
v 0.000000 0.324497 -0.005022
v 0.044896 0.312821 -0.052554
v 0.000000 0.324497 -0.005022
v 0.044896 0.314873 -0.003395
v 0.044896 0.314873 -0.003395
v 0.000000 0.324497 -0.005022
v 0.000000 0.317774 0.039460
v 0.044896 0.314873 -0.003395
v 0.000000 0.317774 0.039460
v 0.044896 0.308167 0.038912
v 0.044896 0.280695 0.070278
v 0.000000 0.317774 0.039460
v 0.000000 0.290302 0.070842
v 0.000000 0.317774 0.039460
v 0.044896 0.280695 0.070278
v 0.044896 0.308167 0.038912
v 0.089848 0.178426 -0.006287
v 0.090678 0.211026 0.020742
v 0.086141 0.173803 0.019521
v 0.090678 0.211026 0.020742
v 0.089848 0.178426 -0.006287
v 0.094273 0.216930 -0.007906
v 0.086141 0.173803 0.019521
v 0.086412 0.202732 0.042754
v 0.080147 0.164261 0.044560
v 0.086412 0.202732 0.042754
v 0.086141 0.173803 0.019521
v 0.090678 0.211026 0.020742
v 0.072140 0.178746 -0.091493
v 0.089150 0.220582 -0.046077
v 0.089304 0.184117 -0.044565
v 0.089150 0.220582 -0.046077
v 0.072140 0.178746 -0.091493
v 0.078105 0.218210 -0.097310
v 0.056281 0.154710 0.080089
v 0.000000 0.186132 0.095005
v 0.000000 0.147447 0.095669
v 0.000000 0.186132 0.095005
v 0.056281 0.154710 0.080089
v 0.063851 0.191740 0.079976
v 0.044364 0.265171 -0.115272
v 0.075201 0.263264 -0.097026
v 0.076040 0.232691 -0.097789
v 0.044364 0.265171 -0.115272
v 0.076040 0.232691 -0.097789
v 0.042505 0.228041 -0.119541
v 0.080147 0.164261 0.044560
v 0.063851 0.191740 0.079976
v 0.056281 0.154710 0.080089
v 0.063851 0.191740 0.079976
v 0.080147 0.164261 0.044560
v 0.086412 0.202732 0.042754
v 0.089304 0.184117 -0.044565
v 0.094273 0.216930 -0.007906
v 0.089848 0.178426 -0.006287
v 0.094273 0.216930 -0.007906
v 0.089304 0.184117 -0.044565
v 0.089150 0.220582 -0.046077
v 0.063846 0.216519 0.092453
v 0.084260 0.222641 0.048762
v 0.079213 0.254059 0.066110
v 0.079213 0.254059 0.066110
v 0.053051 0.256077 0.086195
v 0.063846 0.216519 0.092453
v 0.000000 0.216694 0.107489
v 0.063846 0.216519 0.092453
v 0.053051 0.256077 0.086195
v 0.053051 0.256077 0.086195
v 0.000000 0.262853 0.096196
v 0.000000 0.216694 0.107489
v 0.075201 0.263264 -0.097026
v 0.087101 0.234986 -0.046676
v 0.076040 0.232691 -0.097789
v 0.075201 0.263264 -0.097026
v 0.083805 0.263953 -0.046255
v 0.087101 0.234986 -0.046676
v 0.084260 0.222641 0.048762
v 0.088564 0.226138 0.020830
v 0.085582 0.253642 0.026948
v 0.085582 0.253642 0.026948
v 0.079213 0.254059 0.066110
v 0.084260 0.222641 0.048762
v 0.092198 0.231298 -0.008504
v 0.085582 0.253642 0.026948
v 0.088564 0.226138 0.020830
v 0.085582 0.253642 0.026948
v 0.092198 0.231298 -0.008504
v 0.088837 0.262628 -0.004609
v 0.083805 0.263953 -0.046255
v 0.088837 0.262628 -0.004609
v 0.092198 0.231298 -0.008504
v 0.083805 0.263953 -0.046255
v 0.092198 0.231298 -0.008504
v 0.087101 0.234986 -0.046676
v 0.000000 0.212114 -0.124507
v 0.039897 0.174636 -0.113045
v 0.000000 0.172684 -0.118651
v 0.000000 0.212114 -0.124507
v 0.042505 0.214012 -0.119062
v 0.039897 0.174636 -0.113045
v 0.089150 0.220582 -0.046077
v 0.092198 0.231298 -0.008504
v 0.094273 0.216930 -0.007906
v 0.092198 0.231298 -0.008504
v 0.089150 0.220582 -0.046077
v 0.087101 0.234986 -0.046676
v 0.063851 0.191740 0.079976
v 0.086412 0.202732 0.042754
v 0.084260 0.222641 0.048762
v 0.084260 0.222641 0.048762
v 0.063846 0.216519 0.092453
v 0.063851 0.191740 0.079976
v 0.063851 0.191740 0.079976
v 0.000000 0.216694 0.107489
v 0.000000 0.186132 0.095005
v 0.000000 0.216694 0.107489
v 0.063851 0.191740 0.079976
v 0.063846 0.216519 0.092453
v 0.000000 0.226143 -0.124986
v 0.044364 0.265171 -0.115272
v 0.042505 0.228041 -0.119541
v 0.044364 0.265171 -0.115272
v 0.000000 0.226143 -0.124986
v 0.000000 0.271394 -0.117233
v 0.076040 0.232691 -0.097789
v 0.089150 0.220582 -0.046077
v 0.078105 0.218210 -0.097310
v 0.076040 0.232691 -0.097789
v 0.087101 0.234986 -0.046676
v 0.089150 0.220582 -0.046077
v 0.090678 0.211026 0.020742
v 0.084260 0.222641 0.048762
v 0.086412 0.202732 0.042754
v 0.084260 0.222641 0.048762
v 0.090678 0.211026 0.020742
v 0.088564 0.226138 0.020830
v 0.042505 0.214012 -0.119062
v 0.078105 0.218210 -0.097310
v 0.072140 0.178746 -0.091493
v 0.042505 0.214012 -0.119062
v 0.072140 0.178746 -0.091493
v 0.039897 0.174636 -0.113045
v 0.094273 0.216930 -0.007906
v 0.088564 0.226138 0.020830
v 0.090678 0.211026 0.020742
v 0.088564 0.226138 0.020830
v 0.094273 0.216930 -0.007906
v 0.092198 0.231298 -0.008504
v 0.076875 0.141186 -0.001222
v 0.086141 0.173803 0.019521
v 0.074081 0.136186 0.023401
v 0.086141 0.173803 0.019521
v 0.076875 0.141186 -0.001222
v 0.089848 0.178426 -0.006287
v 0.071455 0.146484 -0.044541
v 0.089848 0.178426 -0.006287
v 0.076875 0.141186 -0.001222
v 0.089848 0.178426 -0.006287
v 0.071455 0.146484 -0.044541
v 0.089304 0.184117 -0.044565
v 0.065853 0.126762 0.050031
v 0.056281 0.154710 0.080089
v 0.044651 0.115963 0.079563
v 0.056281 0.154710 0.080089
v 0.065853 0.126762 0.050031
v 0.080147 0.164261 0.044560
v 0.078105 0.218210 -0.097310
v 0.042505 0.228041 -0.119541
v 0.076040 0.232691 -0.097789
v 0.042505 0.228041 -0.119541
v 0.078105 0.218210 -0.097310
v 0.042505 0.214012 -0.119062
v 0.044651 0.115963 0.079563
v 0.000000 0.147447 0.095669
v 0.000000 0.112587 0.092978
v 0.000000 0.147447 0.095669
v 0.044651 0.115963 0.079563
v 0.056281 0.154710 0.080089
v 0.042505 0.214012 -0.119062
v 0.000000 0.226143 -0.124986
v 0.042505 0.228041 -0.119541
v 0.000000 0.226143 -0.124986
v 0.042505 0.214012 -0.119062
v 0.000000 0.212114 -0.124507
v 0.060157 0.144314 -0.074237
v 0.089304 0.184117 -0.044565
v 0.071455 0.146484 -0.044541
v 0.089304 0.184117 -0.044565
v 0.060157 0.144314 -0.074237
v 0.072140 0.178746 -0.091493
v 0.074081 0.136186 0.023401
v 0.080147 0.164261 0.044560
v 0.065853 0.126762 0.050031
v 0.080147 0.164261 0.044560
v 0.074081 0.136186 0.023401
v 0.086141 0.173803 0.019521
v 0.050719 0.115827 -0.059859
v 0.071455 0.146484 -0.044541
v 0.059252 0.114334 -0.040631
v 0.071455 0.146484 -0.044541
v 0.050719 0.115827 -0.059859
v 0.060157 0.144314 -0.074237
v 0.026788 0.076835 0.030960
v 0.051200 0.093638 0.037662
v 0.035908 0.072887 0.073644
v 0.051200 0.093638 0.037662
v 0.026788 0.076835 0.030960
v 0.036285 0.082601 0.025198
v 0.059252 0.114334 -0.040631
v 0.076875 0.141186 -0.001222
v 0.055013 0.107304 -0.005081
v 0.076875 0.141186 -0.001222
v 0.059252 0.114334 -0.040631
v 0.071455 0.146484 -0.044541
v 0.060157 0.144314 -0.074237
v 0.033916 0.140246 -0.095954
v 0.039897 0.174636 -0.113045
v 0.039897 0.174636 -0.113045
v 0.072140 0.178746 -0.091493
v 0.060157 0.144314 -0.074237
v 0.035908 0.072887 0.073644
v 0.000000 0.075765 0.031082
v 0.026788 0.076835 0.030960
v 0.035908 0.072887 0.073644
v 0.000000 0.067281 0.081417
v 0.000000 0.075765 0.031082
v 0.033916 0.140246 -0.095954
v 0.000000 0.172684 -0.118651
v 0.039897 0.174636 -0.113045
v 0.000000 0.172684 -0.118651
v 0.033916 0.140246 -0.095954
v 0.000000 0.138369 -0.101584
v 0.059252 0.114334 -0.040631
v 0.047129 0.089404 -0.016246
v 0.046676 0.088183 -0.037987
v 0.059252 0.114334 -0.040631
v 0.055013 0.107304 -0.005081
v 0.047129 0.089404 -0.016246
v 0.036285 0.082601 0.025198
v 0.057599 0.102784 0.021227
v 0.051200 0.093638 0.037662
v 0.041549 0.088198 0.004888
v 0.057599 0.102784 0.021227
v 0.036285 0.082601 0.025198
v 0.063628 0.112934 0.025452
v 0.065853 0.126762 0.050031
v 0.055647 0.102037 0.044561
v 0.065853 0.126762 0.050031
v 0.063628 0.112934 0.025452
v 0.074081 0.136186 0.023401
v 0.027496 0.111996 -0.077478
v 0.000000 0.138369 -0.101584
v 0.033916 0.140246 -0.095954
v 0.000000 0.138369 -0.101584
v 0.027496 0.111996 -0.077478
v 0.000000 0.110220 -0.082400
v 0.038288 0.087137 -0.055678
v 0.059252 0.114334 -0.040631
v 0.046676 0.088183 -0.037987
v 0.059252 0.114334 -0.040631
v 0.038288 0.087137 -0.055678
v 0.050719 0.115827 -0.059859
v 0.055647 0.102037 0.044561
v 0.044651 0.115963 0.079563
v 0.037744 0.080205 0.081372
v 0.044651 0.115963 0.079563
v 0.055647 0.102037 0.044561
v 0.065853 0.126762 0.050031
v 0.050719 0.115827 -0.059859
v 0.027496 0.111996 -0.077478
v 0.033916 0.140246 -0.095954
v 0.033916 0.140246 -0.095954
v 0.060157 0.144314 -0.074237
v 0.050719 0.115827 -0.059859
v 0.063628 0.112934 0.025452
v 0.076875 0.141186 -0.001222
v 0.074081 0.136186 0.023401
v 0.000000 0.062716 0.023883
v 0.030694 0.063565 0.023799
v 0.026788 0.076835 0.030960
v 0.026788 0.076835 0.030960
v 0.000000 0.075765 0.031082
v 0.000000 0.062716 0.023883
v 0.030694 0.063565 0.023799
v 0.036285 0.082601 0.025198
v 0.026788 0.076835 0.030960
v 0.038506 0.067612 0.013083
v 0.036285 0.082601 0.025198
v 0.030694 0.063565 0.023799
v 0.038288 0.087137 -0.055678
v 0.044300 0.071298 -0.038185
v 0.035715 0.069914 -0.055461
v 0.038288 0.087137 -0.055678
v 0.046676 0.088183 -0.037987
v 0.044300 0.071298 -0.038185
v 0.038506 0.067612 0.013083
v 0.042826 0.071865 -0.003983
v 0.041549 0.088198 0.004888
v 0.036285 0.082601 0.025198
v 0.038506 0.067612 0.013083
v 0.041549 0.088198 0.004888
v 0.022862 0.084713 -0.066211
v 0.000000 0.110220 -0.082400
v 0.027496 0.111996 -0.077478
v 0.000000 0.110220 -0.082400
v 0.022862 0.084713 -0.066211
v 0.000000 0.083545 -0.068737
v 0.038288 0.087137 -0.055678
v 0.022862 0.084713 -0.066211
v 0.027496 0.111996 -0.077478
v 0.050719 0.115827 -0.059859
v 0.038288 0.087137 -0.055678
v 0.027496 0.111996 -0.077478
v 0.042826 0.071865 -0.003983
v 0.045685 0.073499 -0.019247
v 0.047129 0.089404 -0.016246
v 0.047129 0.089404 -0.016246
v 0.041549 0.088198 0.004888
v 0.042826 0.071865 -0.003983
v 0.046676 0.088183 -0.037987
v 0.045685 0.073499 -0.019247
v 0.044300 0.071298 -0.038185
v 0.046676 0.088183 -0.037987
v 0.047129 0.089404 -0.016246
v 0.045685 0.073499 -0.019247
v 0.044300 0.071298 -0.038185
v 0.051459 0.018723 -0.019736
v 0.049831 0.018723 -0.038700
v 0.045685 0.073499 -0.019247
v 0.051459 0.018723 -0.019736
v 0.044300 0.071298 -0.038185
v 0.048356 0.018723 -0.006509
v 0.038506 0.067612 0.013083
v 0.044291 0.018723 0.006497
v 0.038506 0.067612 0.013083
v 0.048356 0.018723 -0.006509
v 0.042826 0.071865 -0.003983
v 0.022862 0.084713 -0.066211
v 0.038288 0.087137 -0.055678
v 0.035715 0.069914 -0.055461
v 0.022862 0.084713 -0.066211
v 0.035715 0.069914 -0.055461
v 0.024888 0.067075 -0.064751
v 0.028591 0.018723 0.017407
v 0.000000 0.062716 0.023883
v 0.000000 0.018723 0.019412
v 0.000000 0.062716 0.023883
v 0.028591 0.018723 0.017407
v 0.030694 0.063565 0.023799
v 0.000000 0.065869 -0.066859
v 0.022862 0.084713 -0.066211
v 0.024888 0.067075 -0.064751
v 0.022862 0.084713 -0.066211
v 0.000000 0.065869 -0.066859
v 0.000000 0.083545 -0.068737
v 0.024888 0.067075 -0.064751
v 0.046099 0.018723 -0.051829
v 0.025332 0.018723 -0.065457
v 0.035715 0.069914 -0.055461
v 0.046099 0.018723 -0.051829
v 0.024888 0.067075 -0.064751
v 0.035715 0.069914 -0.055461
v 0.049831 0.018723 -0.038700
v 0.046099 0.018723 -0.051829
v 0.044300 0.071298 -0.038185
v 0.049831 0.018723 -0.038700
v 0.035715 0.069914 -0.055461
v 0.044291 0.018723 0.006497
v 0.030694 0.063565 0.023799
v 0.028591 0.018723 0.017407
v 0.030694 0.063565 0.023799
v 0.044291 0.018723 0.006497
v 0.038506 0.067612 0.013083
v 0.051459 0.018723 -0.019736
v 0.042826 0.071865 -0.003983
v 0.048356 0.018723 -0.006509
v 0.042826 0.071865 -0.003983
v 0.051459 0.018723 -0.019736
v 0.045685 0.073499 -0.019247
v -0.075383 0.160812 -0.048298
v -0.076958 0.145735 -0.050368
v -0.076958 0.145735 -0.050368
v -0.076958 0.145735 -0.050368
v -0.083170 0.161062 -0.054737
v -0.075383 0.160812 -0.048298
v -0.076958 0.145735 -0.050368
v -0.085016 0.157925 -0.045308
v -0.083170 0.161062 -0.054737
v -0.085016 0.157925 -0.045308
v -0.076958 0.145735 -0.050368
v -0.076958 0.145735 -0.050367
v -0.077229 0.157675 -0.038869
v -0.076958 0.145735 -0.050367
v -0.076958 0.145735 -0.050367
v -0.076958 0.145735 -0.050367
v -0.077229 0.157675 -0.038869
v -0.085016 0.157925 -0.045308
v -0.075383 0.160812 -0.048298
v -0.076958 0.145735 -0.050367
v -0.076958 0.145735 -0.050368
v -0.076958 0.145735 -0.050367
v -0.075383 0.160812 -0.048298
v -0.077229 0.157675 -0.038869
v -0.073602 0.176152 -0.044609
v -0.075383 0.160812 -0.048298
v -0.083170 0.161062 -0.054737
v -0.087905 0.178542 -0.056727
v -0.073602 0.176152 -0.044609
v -0.083170 0.161062 -0.054737
v -0.083170 0.161062 -0.054737
v -0.092005 0.171472 -0.039688
v -0.087905 0.178542 -0.056727
v -0.092005 0.171472 -0.039688
v -0.083170 0.161062 -0.054737
v -0.085016 0.157925 -0.045308
v -0.077702 0.169082 -0.027571
v -0.085016 0.157925 -0.045308
v -0.077229 0.157675 -0.038869
v -0.085016 0.157925 -0.045308
v -0.077702 0.169082 -0.027571
v -0.092005 0.171472 -0.039688
v -0.073602 0.176152 -0.044609
v -0.077229 0.157675 -0.038869
v -0.075383 0.160812 -0.048298
v -0.077229 0.157675 -0.038869
v -0.073602 0.176152 -0.044609
v -0.077702 0.169082 -0.027571
v -0.071950 0.192641 -0.037838
v -0.073602 0.176152 -0.044609
v -0.087905 0.178542 -0.056727
v -0.090780 0.198967 -0.054426
v -0.071950 0.192641 -0.037838
v -0.087905 0.178542 -0.056727
v -0.087905 0.178542 -0.056727
v -0.097718 0.187392 -0.032343
v -0.090780 0.198967 -0.054426
v -0.097718 0.187392 -0.032343
v -0.087905 0.178542 -0.056727
v -0.092005 0.171472 -0.039688
v -0.097718 0.187392 -0.032343
v -0.092005 0.171472 -0.039688
v -0.077702 0.169082 -0.027571
v -0.077702 0.169082 -0.027571
v -0.078887 0.181067 -0.015754
v -0.097718 0.187392 -0.032343
v -0.071950 0.192641 -0.037838
v -0.077702 0.169082 -0.027571
v -0.073602 0.176152 -0.044609
v -0.077702 0.169082 -0.027571
v -0.071950 0.192641 -0.037838
v -0.078887 0.181067 -0.015754
v -0.070513 0.210403 -0.027591
v -0.090780 0.198967 -0.054426
v -0.091602 0.221375 -0.047119
v -0.071950 0.192641 -0.037838
v -0.090780 0.198967 -0.054426
v -0.070513 0.210403 -0.027591
v -0.090780 0.198967 -0.054426
v -0.101728 0.206055 -0.022437
v -0.091602 0.221375 -0.047119
v -0.101728 0.206055 -0.022437
v -0.090780 0.198967 -0.054426
v -0.097718 0.187392 -0.032343
v -0.101728 0.206055 -0.022437
v -0.097718 0.187392 -0.032343
v -0.078887 0.181067 -0.015754
v -0.078887 0.181067 -0.015754
v -0.080639 0.195082 -0.002909
v -0.101728 0.206055 -0.022437
v -0.070513 0.210403 -0.027591
v -0.078887 0.181067 -0.015754
v -0.071950 0.192641 -0.037838
v -0.078887 0.181067 -0.015754
v -0.070513 0.210403 -0.027591
v -0.080639 0.195082 -0.002909
v -0.069077 0.229005 -0.014345
v -0.091602 0.221375 -0.047119
v -0.090363 0.244381 -0.035086
v -0.091602 0.221375 -0.047119
v -0.069077 0.229005 -0.014345
v -0.070513 0.210403 -0.027591
v -0.091602 0.221375 -0.047119
v -0.103436 0.226974 -0.009673
v -0.090363 0.244381 -0.035086
v -0.103436 0.226974 -0.009673
v -0.091602 0.221375 -0.047119
v -0.101728 0.206055 -0.022437
v -0.080639 0.195082 -0.002909
v -0.103436 0.226974 -0.009673
v -0.101728 0.206055 -0.022437
v -0.103436 0.226974 -0.009673
v -0.080639 0.195082 -0.002909
v -0.082150 0.211599 0.011068
v -0.069077 0.229005 -0.014345
v -0.080639 0.195082 -0.002909
v -0.070513 0.210403 -0.027591
v -0.080639 0.195082 -0.002909
v -0.069077 0.229005 -0.014345
v -0.082150 0.211599 0.011068
v -0.067101 0.247384 0.000685
v -0.090363 0.244381 -0.035086
v -0.086964 0.266459 -0.019390
v -0.090363 0.244381 -0.035086
v -0.067101 0.247384 0.000685
v -0.069077 0.229005 -0.014345
v -0.103436 0.226974 -0.009673
v -0.086964 0.266459 -0.019390
v -0.090363 0.244381 -0.035086
v -0.103436 0.226974 -0.009673
v -0.102103 0.248891 0.005582
v -0.086964 0.266459 -0.019390
v -0.103436 0.226974 -0.009673
v -0.082240 0.229816 0.025657
v -0.102103 0.248891 0.005582
v -0.082240 0.229816 0.025657
v -0.103436 0.226974 -0.009673
v -0.082150 0.211599 0.011068
v -0.067101 0.247384 0.000685
v -0.082150 0.211599 0.011068
v -0.069077 0.229005 -0.014345
v -0.082150 0.211599 0.011068
v -0.067101 0.247384 0.000685
v -0.082240 0.229816 0.025657
v -0.063845 0.263618 0.015492
v -0.086964 0.266459 -0.019390
v -0.080916 0.285830 -0.001811
v -0.086964 0.266459 -0.019390
v -0.063845 0.263618 0.015492
v -0.067101 0.247384 0.000685
v -0.102103 0.248891 0.005582
v -0.080916 0.285830 -0.001811
v -0.086964 0.266459 -0.019390
v -0.102103 0.248891 0.005582
v -0.096717 0.269994 0.022350
v -0.080916 0.285830 -0.001811
v -0.102103 0.248891 0.005582
v -0.079646 0.247782 0.039653
v -0.096717 0.269994 0.022350
v -0.079646 0.247782 0.039653
v -0.102103 0.248891 0.005582
v -0.082240 0.229816 0.025657
v -0.063845 0.263618 0.015492
v -0.082240 0.229816 0.025657
v -0.067101 0.247384 0.000685
v -0.082240 0.229816 0.025657
v -0.063845 0.263618 0.015492
v -0.079646 0.247782 0.039653
v -0.059157 0.274806 0.027047
v -0.080916 0.285830 -0.001811
v -0.071044 0.300276 0.015169
v -0.080916 0.285830 -0.001811
v -0.059157 0.274806 0.027047
v -0.063845 0.263618 0.015492
v -0.096717 0.269994 0.022350
v -0.071044 0.300276 0.015169
v -0.080916 0.285830 -0.001811
v -0.096717 0.269994 0.022350
v -0.085209 0.288042 0.039268
v -0.071044 0.300276 0.015169
v -0.096717 0.269994 0.022350
v -0.073322 0.262572 0.051146
v -0.085209 0.288042 0.039268
v -0.073322 0.262572 0.051146
v -0.096717 0.269994 0.022350
v -0.079646 0.247782 0.039653
v -0.059157 0.274806 0.027047
v -0.079646 0.247782 0.039653
v -0.063845 0.263618 0.015492
v -0.079646 0.247782 0.039653
v -0.059157 0.274806 0.027047
v -0.073322 0.262572 0.051146
v -0.071044 0.300276 0.015169
v -0.054228 0.279446 0.033146
v -0.059157 0.274806 0.027047
v -0.071044 0.300276 0.015169
v -0.055562 0.306440 0.027822
v -0.054228 0.279446 0.033146
v -0.055562 0.306440 0.027822
v -0.071044 0.300276 0.015169
v -0.085209 0.288042 0.039268
v -0.063696 0.297988 0.052746
v -0.055562 0.306440 0.027822
v -0.085209 0.288042 0.039268
v -0.062362 0.270994 0.058069
v -0.085209 0.288042 0.039268
v -0.073322 0.262572 0.051146
v -0.085209 0.288042 0.039268
v -0.062362 0.270994 0.058069
v -0.063696 0.297988 0.052746
v -0.054228 0.279446 0.033146
v -0.073322 0.262572 0.051146
v -0.059157 0.274806 0.027047
v -0.073322 0.262572 0.051146
v -0.054228 0.279446 0.033146
v -0.062362 0.270994 0.058069
v -0.054228 0.279446 0.033146
v -0.033986 0.300356 0.031131
v -0.043257 0.277503 0.034798
v -0.033986 0.300356 0.031131
v -0.054228 0.279446 0.033146
v -0.055562 0.306440 0.027822
v -0.034820 0.291909 0.054576
v -0.055562 0.306440 0.027822
v -0.063696 0.297988 0.052746
v -0.055562 0.306440 0.027822
v -0.034820 0.291909 0.054576
v -0.033986 0.300356 0.031131
v -0.044092 0.269055 0.058243
v -0.063696 0.297988 0.052746
v -0.062362 0.270994 0.058069
v -0.063696 0.297988 0.052746
v -0.044092 0.269055 0.058243
v -0.034820 0.291909 0.054576
v -0.044092 0.269055 0.058243
v -0.054228 0.279446 0.033146
v -0.043257 0.277503 0.034798
v -0.054228 0.279446 0.033146
v -0.044092 0.269055 0.058243
v -0.062362 0.270994 0.058069
v -0.005008 0.279136 0.020894
v -0.043257 0.277503 0.034798
v -0.033986 0.300356 0.031131
v -0.043257 0.277503 0.034798
v -0.005008 0.279136 0.020894
v -0.018857 0.260471 0.025942
v -0.002337 0.268943 0.042216
v -0.033986 0.300356 0.031131
v -0.034820 0.291909 0.054576
v -0.033986 0.300356 0.031131
v -0.002337 0.268943 0.042216
v -0.005008 0.279136 0.020894
v -0.002337 0.268943 0.042216
v -0.034820 0.291909 0.054576
v -0.044092 0.269055 0.058243
v -0.044092 0.269055 0.058243
v -0.016186 0.250278 0.047264
v -0.002337 0.268943 0.042216
v -0.016186 0.250278 0.047264
v -0.043257 0.277503 0.034798
v -0.018857 0.260471 0.025942
v -0.016186 0.250278 0.047264
v -0.044092 0.269055 0.058243
v -0.043257 0.277503 0.034798
v -0.053218 0.116979 -0.052993
v -0.049998 0.099022 -0.049280
v -0.049998 0.099022 -0.049281
v -0.049998 0.099022 -0.049281
v -0.052203 0.114398 -0.061758
v -0.053218 0.116979 -0.052993
v -0.049998 0.099022 -0.049280
v -0.052203 0.114398 -0.061758
v -0.049998 0.099022 -0.049281
v -0.049998 0.099022 -0.049280
v -0.060296 0.112688 -0.057744
v -0.052203 0.114398 -0.061758
v -0.061311 0.115269 -0.048979
v -0.060296 0.112688 -0.057744
v -0.049998 0.099022 -0.049280
v -0.049998 0.099022 -0.049280
v -0.060296 0.112688 -0.057744
v -0.049998 0.099022 -0.049280
v -0.053218 0.116979 -0.052993
v -0.049998 0.099022 -0.049280
v -0.049998 0.099022 -0.049280
v -0.049998 0.099022 -0.049280
v -0.053218 0.116979 -0.052993
v -0.061311 0.115269 -0.048979
v -0.056055 0.135993 -0.056788
v -0.053218 0.116979 -0.052993
v -0.052203 0.114398 -0.061758
v -0.052203 0.114398 -0.061758
v -0.055670 0.132283 -0.072465
v -0.056055 0.135993 -0.056788
v -0.055670 0.132283 -0.072465
v -0.052203 0.114398 -0.061758
v -0.060296 0.112688 -0.057744
v -0.060296 0.112688 -0.057744
v -0.069546 0.129944 -0.064612
v -0.055670 0.132283 -0.072465
v -0.069546 0.129944 -0.064612
v -0.060296 0.112688 -0.057744
v -0.061311 0.115269 -0.048979
v -0.069931 0.133653 -0.048935
v -0.069546 0.129944 -0.064612
v -0.061311 0.115269 -0.048979
v -0.056055 0.135993 -0.056788
v -0.061311 0.115269 -0.048979
v -0.053218 0.116979 -0.052993
v -0.061311 0.115269 -0.048979
v -0.056055 0.135993 -0.056788
v -0.069931 0.133653 -0.048935
v -0.058621 0.155277 -0.059852
v -0.056055 0.135993 -0.056788
v -0.055670 0.132283 -0.072465
v -0.055670 0.132283 -0.072465
v -0.060244 0.151995 -0.080872
v -0.058621 0.155277 -0.059852
v -0.060244 0.151995 -0.080872
v -0.055670 0.132283 -0.072465
v -0.069546 0.129944 -0.064612
v -0.069546 0.129944 -0.064612
v -0.077752 0.148965 -0.069057
v -0.060244 0.151995 -0.080872
v -0.077752 0.148965 -0.069057
v -0.069546 0.129944 -0.064612
v -0.069931 0.133653 -0.048935
v -0.076128 0.152248 -0.048036
v -0.077752 0.148965 -0.069057
v -0.069931 0.133653 -0.048935
v -0.069931 0.133653 -0.048935
v -0.058621 0.155277 -0.059852
v -0.076128 0.152248 -0.048036
v -0.058621 0.155277 -0.059852
v -0.069931 0.133653 -0.048935
v -0.056055 0.135993 -0.056788
v -0.061054 0.174186 -0.061204
v -0.058621 0.155277 -0.059852
v -0.060244 0.151995 -0.080872
v -0.065384 0.173126 -0.086095
v -0.061054 0.174186 -0.061204
v -0.060244 0.151995 -0.080872
v -0.065384 0.173126 -0.086095
v -0.060244 0.151995 -0.080872
v -0.077752 0.148965 -0.069057
v -0.077752 0.148965 -0.069057
v -0.084879 0.168534 -0.070659
v -0.065384 0.173126 -0.086095
v -0.084879 0.168534 -0.070659
v -0.077752 0.148965 -0.069057
v -0.076128 0.152248 -0.048036
v -0.080550 0.169594 -0.045768
v -0.084879 0.168534 -0.070659
v -0.076128 0.152248 -0.048036
v -0.080550 0.169594 -0.045768
v -0.076128 0.152248 -0.048036
v -0.058621 0.155277 -0.059852
v -0.061054 0.174186 -0.061204
v -0.080550 0.169594 -0.045768
v -0.058621 0.155277 -0.059852
v -0.063445 0.192320 -0.059957
v -0.061054 0.174186 -0.061204
v -0.065384 0.173126 -0.086095
v -0.070459 0.195304 -0.087148
v -0.063445 0.192320 -0.059957
v -0.065384 0.173126 -0.086095
v -0.065384 0.173126 -0.086095
v -0.090932 0.187932 -0.069148
v -0.070459 0.195304 -0.087148
v -0.090932 0.187932 -0.069148
v -0.065384 0.173126 -0.086095
v -0.084879 0.168534 -0.070659
v -0.090932 0.187932 -0.069148
v -0.084879 0.168534 -0.070659
v -0.080550 0.169594 -0.045768
v -0.083917 0.184948 -0.041958
v -0.090932 0.187932 -0.069148
v -0.080550 0.169594 -0.045768
v -0.063445 0.192320 -0.059957
v -0.083917 0.184948 -0.041958
v -0.061054 0.174186 -0.061204
v -0.080550 0.169594 -0.045768
v -0.061054 0.174186 -0.061204
v -0.083917 0.184948 -0.041958
v -0.074902 0.217850 -0.083169
v -0.063445 0.192320 -0.059957
v -0.070459 0.195304 -0.087148
v -0.063445 0.192320 -0.059957
v -0.074902 0.217850 -0.083169
v -0.065843 0.209550 -0.055450
v -0.070459 0.195304 -0.087148
v -0.095939 0.206915 -0.064270
v -0.074902 0.217850 -0.083169
v -0.095939 0.206915 -0.064270
v -0.070459 0.195304 -0.087148
v -0.090932 0.187932 -0.069148
v -0.095939 0.206915 -0.064270
v -0.090932 0.187932 -0.069148
v -0.083917 0.184948 -0.041958
v -0.086880 0.198615 -0.036552
v -0.095939 0.206915 -0.064270
v -0.083917 0.184948 -0.041958
v -0.065843 0.209550 -0.055450
v -0.086880 0.198615 -0.036552
v -0.063445 0.192320 -0.059957
v -0.083917 0.184948 -0.041958
v -0.063445 0.192320 -0.059957
v -0.086880 0.198615 -0.036552
v -0.078343 0.239734 -0.073869
v -0.065843 0.209550 -0.055450
v -0.074902 0.217850 -0.083169
v -0.065843 0.209550 -0.055450
v -0.078343 0.239734 -0.073869
v -0.068316 0.226106 -0.047292
v -0.074902 0.217850 -0.083169
v -0.099906 0.225626 -0.055742
v -0.078343 0.239734 -0.073869
v -0.099906 0.225626 -0.055742
v -0.074902 0.217850 -0.083169
v -0.095939 0.206915 -0.064270
v -0.099906 0.225626 -0.055742
v -0.095939 0.206915 -0.064270
v -0.086880 0.198615 -0.036552
v -0.089879 0.211998 -0.029165
v -0.099906 0.225626 -0.055742
v -0.086880 0.198615 -0.036552
v -0.089879 0.211998 -0.029165
v -0.065843 0.209550 -0.055450
v -0.068316 0.226106 -0.047292
v -0.086880 0.198615 -0.036552
v -0.065843 0.209550 -0.055450
v -0.089879 0.211998 -0.029165
v -0.080786 0.260266 -0.059693
v -0.068316 0.226106 -0.047292
v -0.078343 0.239734 -0.073869
v -0.068316 0.226106 -0.047292
v -0.080786 0.260266 -0.059693
v -0.070938 0.242556 -0.035392
v -0.078343 0.239734 -0.073869
v -0.102762 0.244487 -0.043284
v -0.080786 0.260266 -0.059693
v -0.102762 0.244487 -0.043284
v -0.078343 0.239734 -0.073869
v -0.099906 0.225626 -0.055742
v -0.089879 0.211998 -0.029165
v -0.102762 0.244487 -0.043284
v -0.099906 0.225626 -0.055742
v -0.102762 0.244487 -0.043284
v -0.089879 0.211998 -0.029165
v -0.092915 0.226777 -0.018983
v -0.092915 0.226777 -0.018983
v -0.068316 0.226106 -0.047292
v -0.070938 0.242556 -0.035392
v -0.068316 0.226106 -0.047292
v -0.092915 0.226777 -0.018983
v -0.089879 0.211998 -0.029165
v -0.082266 0.279200 -0.041534
v -0.070938 0.242556 -0.035392
v -0.080786 0.260266 -0.059693
v -0.070938 0.242556 -0.035392
v -0.082266 0.279200 -0.041534
v -0.073436 0.259025 -0.020280
v -0.080786 0.260266 -0.059693
v -0.104164 0.263558 -0.026957
v -0.082266 0.279200 -0.041534
v -0.104164 0.263558 -0.026957
v -0.080786 0.260266 -0.059693
v -0.102762 0.244487 -0.043284
v -0.102762 0.244487 -0.043284
v -0.095334 0.243383 -0.005703
v -0.104164 0.263558 -0.026957
v -0.095334 0.243383 -0.005703
v -0.102762 0.244487 -0.043284
v -0.092915 0.226777 -0.018983
v -0.095334 0.243383 -0.005703
v -0.070938 0.242556 -0.035392
v -0.073436 0.259025 -0.020280
v -0.070938 0.242556 -0.035392
v -0.095334 0.243383 -0.005703
v -0.092915 0.226777 -0.018983
v -0.082210 0.295879 -0.020696
v -0.073436 0.259025 -0.020280
v -0.082266 0.279200 -0.041534
v -0.073436 0.259025 -0.020280
v -0.082210 0.295879 -0.020696
v -0.074892 0.274421 -0.003449
v -0.104164 0.263558 -0.026957
v -0.082210 0.295879 -0.020696
v -0.082266 0.279200 -0.041534
v -0.082210 0.295879 -0.020696
v -0.104164 0.263558 -0.026957
v -0.103217 0.281891 -0.007486
v -0.104164 0.263558 -0.026957
v -0.095899 0.260433 0.009761
v -0.103217 0.281891 -0.007486
v -0.095899 0.260433 0.009761
v -0.104164 0.263558 -0.026957
v -0.095334 0.243383 -0.005703
v -0.095899 0.260433 0.009761
v -0.073436 0.259025 -0.020280
v -0.074892 0.274421 -0.003449
v -0.073436 0.259025 -0.020280
v -0.095899 0.260433 0.009761
v -0.095334 0.243383 -0.005703
v -0.074055 0.286342 0.012384
v -0.082210 0.295879 -0.020696
v -0.079120 0.308663 0.000934
v -0.082210 0.295879 -0.020696
v -0.074055 0.286342 0.012384
v -0.074892 0.274421 -0.003449
v -0.103217 0.281891 -0.007486
v -0.098118 0.297494 0.013947
v -0.079120 0.308663 0.000934
v -0.103217 0.281891 -0.007486
v -0.079120 0.308663 0.000934
v -0.082210 0.295879 -0.020696
v -0.093053 0.275172 0.025398
v -0.103217 0.281891 -0.007486
v -0.095899 0.260433 0.009761
v -0.103217 0.281891 -0.007486
v -0.093053 0.275172 0.025398
v -0.098118 0.297494 0.013947
v -0.074055 0.286342 0.012384
v -0.095899 0.260433 0.009761
v -0.074892 0.274421 -0.003449
v -0.095899 0.260433 0.009761
v -0.074055 0.286342 0.012384
v -0.093053 0.275172 0.025398
v -0.070469 0.292199 0.023670
v -0.079120 0.308663 0.000934
v -0.070269 0.314435 0.020512
v -0.079120 0.308663 0.000934
v -0.070469 0.292199 0.023670
v -0.074055 0.286342 0.012384
v -0.098118 0.297494 0.013947
v -0.085027 0.306206 0.035308
v -0.070269 0.314435 0.020512
v -0.098118 0.297494 0.013947
v -0.070269 0.314435 0.020512
v -0.079120 0.308663 0.000934
v -0.085227 0.283970 0.038466
v -0.098118 0.297494 0.013947
v -0.093053 0.275172 0.025398
v -0.098118 0.297494 0.013947
v -0.085227 0.283970 0.038466
v -0.085027 0.306206 0.035308
v -0.093053 0.275172 0.025398
v -0.070469 0.292199 0.023670
v -0.085227 0.283970 0.038466
v -0.070469 0.292199 0.023670
v -0.093053 0.275172 0.025398
v -0.074055 0.286342 0.012384
v -0.070469 0.292199 0.023670
v -0.052876 0.308494 0.032996
v -0.060803 0.290428 0.030895
v -0.052876 0.308494 0.032996
v -0.070469 0.292199 0.023670
v -0.070269 0.314435 0.020512
v -0.070269 0.314435 0.020512
v -0.061736 0.300490 0.048841
v -0.052876 0.308494 0.032996
v -0.061736 0.300490 0.048841
v -0.070269 0.314435 0.020512
v -0.085027 0.306206 0.035308
v -0.069663 0.282424 0.046740
v -0.085027 0.306206 0.035308
v -0.085227 0.283970 0.038466
v -0.085027 0.306206 0.035308
v -0.069663 0.282424 0.046740
v -0.061736 0.300490 0.048841
v -0.069663 0.282424 0.046740
v -0.070469 0.292199 0.023670
v -0.060803 0.290428 0.030895
v -0.070469 0.292199 0.023670
v -0.069663 0.282424 0.046740
v -0.085227 0.283970 0.038466
v -0.024272 0.286531 0.033416
v -0.060803 0.290428 0.030895
v -0.052876 0.308494 0.032996
v -0.060803 0.290428 0.030895
v -0.024272 0.286531 0.033416
v -0.036847 0.272878 0.031043
v -0.029675 0.277037 0.048609
v -0.052876 0.308494 0.032996
v -0.061736 0.300490 0.048841
v -0.052876 0.308494 0.032996
v -0.029675 0.277037 0.048609
v -0.024272 0.286531 0.033416
v -0.029675 0.277037 0.048609
v -0.061736 0.300490 0.048841
v -0.069663 0.282424 0.046740
v -0.069663 0.282424 0.046740
v -0.042250 0.263385 0.046236
v -0.029675 0.277037 0.048609
v -0.042250 0.263385 0.046236
v -0.060803 0.290428 0.030895
v -0.036847 0.272878 0.031043
v -0.069663 0.282424 0.046740
v -0.060803 0.290428 0.030895
v -0.042250 0.263385 0.046236
v -0.037803 0.101273 -0.069025
v -0.036059 0.117475 -0.087309
v -0.039019 0.122026 -0.076229
v -0.037803 0.101273 -0.069025
v -0.039019 0.122026 -0.076229
v -0.037804 0.101273 -0.069025
v -0.047695 0.116009 -0.083478
v -0.037803 0.101273 -0.069025
v -0.037804 0.101273 -0.069025
v -0.037803 0.101273 -0.069025
v -0.047695 0.116009 -0.083478
v -0.036059 0.117475 -0.087309
v -0.047695 0.116009 -0.083478
v -0.037804 0.101273 -0.069025
v -0.050656 0.120560 -0.072399
v -0.037804 0.101273 -0.069025
v -0.047695 0.116009 -0.083478
v -0.037804 0.101273 -0.069025
v -0.039019 0.122026 -0.076229
v -0.037804 0.101273 -0.069025
v -0.037804 0.101273 -0.069025
v -0.037804 0.101273 -0.069025
v -0.039019 0.122026 -0.076229
v -0.050656 0.120560 -0.072399
v -0.036059 0.117475 -0.087309
v -0.041071 0.144383 -0.080970
v -0.039019 0.122026 -0.076229
v -0.036059 0.117475 -0.087309
v -0.036518 0.139393 -0.101514
v -0.041071 0.144383 -0.080970
v -0.036518 0.139393 -0.101514
v -0.036059 0.117475 -0.087309
v -0.047695 0.116009 -0.083478
v -0.047695 0.116009 -0.083478
v -0.056837 0.136329 -0.094773
v -0.036518 0.139393 -0.101514
v -0.056837 0.136329 -0.094773
v -0.047695 0.116009 -0.083478
v -0.050656 0.120560 -0.072399
v -0.061390 0.141319 -0.074228
v -0.056837 0.136329 -0.094773
v -0.050656 0.120560 -0.072399
v -0.050656 0.120560 -0.072399
v -0.041071 0.144383 -0.080970
v -0.061390 0.141319 -0.074228
v -0.041071 0.144383 -0.080970
v -0.050656 0.120560 -0.072399
v -0.039019 0.122026 -0.076229
v -0.043835 0.167329 -0.083383
v -0.041071 0.144383 -0.080970
v -0.036518 0.139393 -0.101514
v -0.038130 0.164235 -0.111274
v -0.043835 0.167329 -0.083383
v -0.036518 0.139393 -0.101514
v -0.038130 0.164235 -0.111274
v -0.036518 0.139393 -0.101514
v -0.056837 0.136329 -0.094773
v -0.065017 0.159416 -0.102678
v -0.038130 0.164235 -0.111274
v -0.056837 0.136329 -0.094773
v -0.056837 0.136329 -0.094773
v -0.070722 0.162510 -0.074787
v -0.065017 0.159416 -0.102678
v -0.070722 0.162510 -0.074787
v -0.056837 0.136329 -0.094773
v -0.061390 0.141319 -0.074228
v -0.061390 0.141319 -0.074228
v -0.043835 0.167329 -0.083383
v -0.070722 0.162510 -0.074787
v -0.043835 0.167329 -0.083383
v -0.061390 0.141319 -0.074228
v -0.041071 0.144383 -0.080970
v -0.047020 0.189594 -0.083217
v -0.043835 0.167329 -0.083383
v -0.038130 0.164235 -0.111274
v -0.040187 0.190284 -0.116452
v -0.047020 0.189594 -0.083217
v -0.038130 0.164235 -0.111274
v -0.038130 0.164235 -0.111274
v -0.072152 0.183659 -0.107178
v -0.040187 0.190284 -0.116452
v -0.072152 0.183659 -0.107178
v -0.038130 0.164235 -0.111274
v -0.065017 0.159416 -0.102678
v -0.065017 0.159416 -0.102678
v -0.078985 0.182969 -0.073943
v -0.072152 0.183659 -0.107178
v -0.078985 0.182969 -0.073943
v -0.065017 0.159416 -0.102678
v -0.070722 0.162510 -0.074787
v -0.047020 0.189594 -0.083217
v -0.070722 0.162510 -0.074787
v -0.043835 0.167329 -0.083383
v -0.070722 0.162510 -0.074787
v -0.047020 0.189594 -0.083217
v -0.078985 0.182969 -0.073943
v -0.050306 0.210068 -0.080290
v -0.047020 0.189594 -0.083217
v -0.040187 0.190284 -0.116452
v -0.042185 0.216370 -0.116767
v -0.050306 0.210068 -0.080290
v -0.040187 0.190284 -0.116452
v -0.040187 0.190284 -0.116452
v -0.078151 0.208234 -0.108019
v -0.042185 0.216370 -0.116767
v -0.078151 0.208234 -0.108019
v -0.040187 0.190284 -0.116452
v -0.072152 0.183659 -0.107178
v -0.072152 0.183659 -0.107178
v -0.086272 0.201932 -0.071542
v -0.078151 0.208234 -0.108019
v -0.086272 0.201932 -0.071542
v -0.072152 0.183659 -0.107178
v -0.078985 0.182969 -0.073943
v -0.050306 0.210068 -0.080290
v -0.078985 0.182969 -0.073943
v -0.047020 0.189594 -0.083217
v -0.078985 0.182969 -0.073943
v -0.050306 0.210068 -0.080290
v -0.086272 0.201932 -0.071542
v -0.053426 0.228157 -0.074614
v -0.042185 0.216370 -0.116767
v -0.043756 0.241474 -0.111827
v -0.050306 0.210068 -0.080290
v -0.042185 0.216370 -0.116767
v -0.053426 0.228157 -0.074614
v -0.042185 0.216370 -0.116767
v -0.082834 0.232750 -0.104582
v -0.043756 0.241474 -0.111827
v -0.082834 0.232750 -0.104582
v -0.042185 0.216370 -0.116767
v -0.078151 0.208234 -0.108019
v -0.078151 0.208234 -0.108019
v -0.092505 0.219434 -0.067369
v -0.082834 0.232750 -0.104582
v -0.092505 0.219434 -0.067369
v -0.078151 0.208234 -0.108019
v -0.086272 0.201932 -0.071542
v -0.053426 0.228157 -0.074614
v -0.086272 0.201932 -0.071542
v -0.050306 0.210068 -0.080290
v -0.086272 0.201932 -0.071542
v -0.053426 0.228157 -0.074614
v -0.092505 0.219434 -0.067369
v -0.044669 0.264553 -0.101469
v -0.053426 0.228157 -0.074614
v -0.043756 0.241474 -0.111827
v -0.053426 0.228157 -0.074614
v -0.044669 0.264553 -0.101469
v -0.056220 0.244246 -0.066227
v -0.043756 0.241474 -0.111827
v -0.085878 0.256790 -0.096051
v -0.044669 0.264553 -0.101469
v -0.085878 0.256790 -0.096051
v -0.043756 0.241474 -0.111827
v -0.082834 0.232750 -0.104582
v -0.082834 0.232750 -0.104582
v -0.097429 0.236483 -0.060809
v -0.085878 0.256790 -0.096051
v -0.097429 0.236483 -0.060809
v -0.082834 0.232750 -0.104582
v -0.092505 0.219434 -0.067369
v -0.056220 0.244246 -0.066227
v -0.092505 0.219434 -0.067369
v -0.053426 0.228157 -0.074614
v -0.092505 0.219434 -0.067369
v -0.056220 0.244246 -0.066227
v -0.097429 0.236483 -0.060809
v -0.044971 0.285023 -0.086061
v -0.056220 0.244246 -0.066227
v -0.044669 0.264553 -0.101469
v -0.056220 0.244246 -0.066227
v -0.044971 0.285023 -0.086061
v -0.058543 0.259736 -0.054763
v -0.044669 0.264553 -0.101469
v -0.086902 0.279730 -0.081947
v -0.044971 0.285023 -0.086061
v -0.086902 0.279730 -0.081947
v -0.044669 0.264553 -0.101469
v -0.085878 0.256790 -0.096051
v -0.085878 0.256790 -0.096051
v -0.100475 0.254443 -0.050650
v -0.086902 0.279730 -0.081947
v -0.100475 0.254443 -0.050650
v -0.085878 0.256790 -0.096051
v -0.097429 0.236483 -0.060809
v -0.058543 0.259736 -0.054763
v -0.097429 0.236483 -0.060809
v -0.056220 0.244246 -0.066227
v -0.097429 0.236483 -0.060809
v -0.058543 0.259736 -0.054763
v -0.100475 0.254443 -0.050650
v -0.044825 0.302852 -0.066569
v -0.058543 0.259736 -0.054763
v -0.044971 0.285023 -0.086061
v -0.058543 0.259736 -0.054763
v -0.044825 0.302852 -0.066569
v -0.060001 0.275473 -0.039976
v -0.044825 0.302852 -0.066569
v -0.086902 0.279730 -0.081947
v -0.085668 0.300793 -0.062735
v -0.086902 0.279730 -0.081947
v -0.044825 0.302852 -0.066569
v -0.044971 0.285023 -0.086061
v -0.086902 0.279730 -0.081947
v -0.100844 0.273414 -0.036143
v -0.085668 0.300793 -0.062735
v -0.100844 0.273414 -0.036143
v -0.086902 0.279730 -0.081947
v -0.100475 0.254443 -0.050650
v -0.060001 0.275473 -0.039976
v -0.100844 0.273414 -0.036143
v -0.058543 0.259736 -0.054763
v -0.100475 0.254443 -0.050650
v -0.058543 0.259736 -0.054763
v -0.100844 0.273414 -0.036143
v -0.044076 0.317595 -0.044621
v -0.060001 0.275473 -0.039976
v -0.044825 0.302852 -0.066569
v -0.060001 0.275473 -0.039976
v -0.044076 0.317595 -0.044621
v -0.059991 0.290398 -0.022974
v -0.044076 0.317595 -0.044621
v -0.085668 0.300793 -0.062735
v -0.081968 0.318884 -0.039720
v -0.085668 0.300793 -0.062735
v -0.044076 0.317595 -0.044621
v -0.044825 0.302852 -0.066569
v -0.085668 0.300793 -0.062735
v -0.097884 0.291688 -0.018073
v -0.081968 0.318884 -0.039720
v -0.097884 0.291688 -0.018073
v -0.085668 0.300793 -0.062735
v -0.100844 0.273414 -0.036143
v -0.059991 0.290398 -0.022974
v -0.100844 0.273414 -0.036143
v -0.060001 0.275473 -0.039976
v -0.100844 0.273414 -0.036143
v -0.059991 0.290398 -0.022974
v -0.097884 0.291688 -0.018073
v -0.042174 0.327608 -0.022906
v -0.059991 0.290398 -0.022974
v -0.044076 0.317595 -0.044621
v -0.059991 0.290398 -0.022974
v -0.042174 0.327608 -0.022906
v -0.058172 0.301800 -0.006851
v -0.042174 0.327608 -0.022906
v -0.081968 0.318884 -0.039720
v -0.075164 0.332193 -0.014517
v -0.081968 0.318884 -0.039720
v -0.042174 0.327608 -0.022906
v -0.044076 0.317595 -0.044621
v -0.075164 0.332193 -0.014517
v -0.097884 0.291688 -0.018073
v -0.091163 0.306385 0.001538
v -0.097884 0.291688 -0.018073
v -0.075164 0.332193 -0.014517
v -0.081968 0.318884 -0.039720
v -0.091163 0.306385 0.001538
v -0.097884 0.291688 -0.018073
v -0.059991 0.290398 -0.022974
v -0.058172 0.301800 -0.006851
v -0.091163 0.306385 0.001538
v -0.059991 0.290398 -0.022974
v -0.038707 0.330325 -0.005737
v -0.058172 0.301800 -0.006851
v -0.042174 0.327608 -0.022906
v -0.058172 0.301800 -0.006851
v -0.038707 0.330325 -0.005737
v -0.055903 0.307105 0.002843
v -0.075164 0.332193 -0.014517
v -0.062732 0.336411 0.011417
v -0.038707 0.330325 -0.005737
v -0.075164 0.332193 -0.014517
v -0.038707 0.330325 -0.005737
v -0.042174 0.327608 -0.022906
v -0.062732 0.336411 0.011417
v -0.091163 0.306385 0.001538
v -0.079929 0.313190 0.019997
v -0.091163 0.306385 0.001538
v -0.062732 0.336411 0.011417
v -0.075164 0.332193 -0.014517
v -0.091163 0.306385 0.001538
v -0.055903 0.307105 0.002843
v -0.079929 0.313190 0.019997
v -0.055903 0.307105 0.002843
v -0.091163 0.306385 0.001538
v -0.058172 0.301800 -0.006851
v -0.052575 0.306265 0.007062
v -0.038707 0.330325 -0.005737
v -0.032391 0.323331 0.003855
v -0.055903 0.307105 0.002843
v -0.038707 0.330325 -0.005737
v -0.052575 0.306265 0.007062
v -0.032391 0.323331 0.003855
v -0.038707 0.330325 -0.005737
v -0.062732 0.336411 0.011417
v -0.043942 0.322337 0.027824
v -0.032391 0.323331 0.003855
v -0.062732 0.336411 0.011417
v -0.062732 0.336411 0.011417
v -0.064126 0.305271 0.031032
v -0.043942 0.322337 0.027824
v -0.064126 0.305271 0.031032
v -0.062732 0.336411 0.011417
v -0.079929 0.313190 0.019997
v -0.052575 0.306265 0.007062
v -0.079929 0.313190 0.019997
v -0.055903 0.307105 0.002843
v -0.079929 0.313190 0.019997
v -0.052575 0.306265 0.007062
v -0.064126 0.305271 0.031032
v -0.019297 0.299565 0.001615
v -0.052575 0.306265 0.007062
v -0.032391 0.323331 0.003855
v -0.052575 0.306265 0.007062
v -0.019297 0.299565 0.001615
v -0.041268 0.287790 0.004660
v -0.043942 0.322337 0.027824
v -0.019297 0.299565 0.001615
v -0.032391 0.323331 0.003855
v -0.043942 0.322337 0.027824
v -0.024193 0.289851 0.024249
v -0.019297 0.299565 0.001615
v -0.024193 0.289851 0.024249
v -0.043942 0.322337 0.027824
v -0.064126 0.305271 0.031032
v -0.064126 0.305271 0.031032
v -0.046164 0.278076 0.027294
v -0.024193 0.289851 0.024249
v -0.041268 0.287790 0.004660
v -0.064126 0.305271 0.031032
v -0.052575 0.306265 0.007062
v -0.064126 0.305271 0.031032
v -0.041268 0.287790 0.004660
v -0.046164 0.278076 0.027294
v 0.007745 0.124406 -0.092584
v 0.027814 0.100472 -0.071728
v 0.027813 0.100472 -0.071728
v 0.027814 0.100472 -0.071728
v 0.007745 0.124406 -0.092584
v 0.018717 0.122568 -0.099098
v 0.007745 0.124406 -0.092584
v 0.027813 0.100472 -0.071728
v 0.018422 0.129927 -0.087925
v 0.027813 0.100472 -0.071728
v 0.007745 0.124406 -0.092584
v 0.027813 0.100472 -0.071728
v 0.027813 0.100472 -0.071728
v 0.029394 0.128089 -0.094439
v 0.018422 0.129927 -0.087925
v 0.029394 0.128089 -0.094439
v 0.027813 0.100472 -0.071728
v 0.027814 0.100472 -0.071728
v 0.027814 0.100472 -0.071728
v 0.018717 0.122568 -0.099098
v 0.029394 0.128089 -0.094439
v 0.018717 0.122568 -0.099098
v 0.027814 0.100472 -0.071728
v 0.027814 0.100472 -0.071728
v 0.014697 0.154669 -0.121268
v 0.018717 0.122568 -0.099098
v 0.007745 0.124406 -0.092584
v 0.007745 0.124406 -0.092584
v -0.004579 0.158220 -0.110024
v 0.014697 0.154669 -0.121268
v -0.004579 0.158220 -0.110024
v 0.007745 0.124406 -0.092584
v 0.018422 0.129927 -0.087925
v -0.004579 0.158220 -0.110024
v 0.018422 0.129927 -0.087925
v 0.014728 0.163498 -0.099537
v 0.018422 0.129927 -0.087925
v 0.034004 0.159947 -0.110781
v 0.014728 0.163498 -0.099537
v 0.034004 0.159947 -0.110781
v 0.018422 0.129927 -0.087925
v 0.029394 0.128089 -0.094439
v 0.029394 0.128089 -0.094439
v 0.014697 0.154669 -0.121268
v 0.034004 0.159947 -0.110781
v 0.014697 0.154669 -0.121268
v 0.029394 0.128089 -0.094439
v 0.018717 0.122568 -0.099098
v 0.014945 0.190825 -0.136290
v 0.014697 0.154669 -0.121268
v -0.004579 0.158220 -0.110024
v -0.010579 0.195274 -0.121326
v 0.014945 0.190825 -0.136290
v -0.004579 0.158220 -0.110024
v -0.010579 0.195274 -0.121326
v -0.004579 0.158220 -0.110024
v 0.014728 0.163498 -0.099537
v 0.014978 0.197137 -0.105880
v -0.010579 0.195274 -0.121326
v 0.014728 0.163498 -0.099537
v 0.014728 0.163498 -0.099537
v 0.040502 0.192688 -0.120845
v 0.014978 0.197137 -0.105880
v 0.040502 0.192688 -0.120845
v 0.014728 0.163498 -0.099537
v 0.034004 0.159947 -0.110781
v 0.034004 0.159947 -0.110781
v 0.014945 0.190825 -0.136290
v 0.040502 0.192688 -0.120845
v 0.014945 0.190825 -0.136290
v 0.034004 0.159947 -0.110781
v 0.014697 0.154669 -0.121268
v 0.018497 0.227140 -0.143215
v 0.014945 0.190825 -0.136290
v -0.010579 0.195274 -0.121326
v -0.011862 0.231254 -0.125362
v 0.018497 0.227140 -0.143215
v -0.010579 0.195274 -0.121326
v -0.010579 0.195274 -0.121326
v 0.017827 0.227152 -0.106413
v -0.011862 0.231254 -0.125362
v 0.017827 0.227152 -0.106413
v -0.010579 0.195274 -0.121326
v 0.014978 0.197137 -0.105880
v 0.017827 0.227152 -0.106413
v 0.014978 0.197137 -0.105880
v 0.040502 0.192688 -0.120845
v 0.048186 0.223038 -0.124266
v 0.017827 0.227152 -0.106413
v 0.040502 0.192688 -0.120845
v 0.040502 0.192688 -0.120845
v 0.018497 0.227140 -0.143215
v 0.048186 0.223038 -0.124266
v 0.018497 0.227140 -0.143215
v 0.040502 0.192688 -0.120845
v 0.014945 0.190825 -0.136290
v 0.018497 0.227140 -0.143215
v -0.009763 0.263303 -0.121656
v 0.024562 0.261089 -0.141276
v -0.009763 0.263303 -0.121656
v 0.018497 0.227140 -0.143215
v -0.011862 0.231254 -0.125362
v -0.011862 0.231254 -0.125362
v 0.022004 0.250886 -0.101541
v -0.009763 0.263303 -0.121656
v 0.022004 0.250886 -0.101541
v -0.011862 0.231254 -0.125362
v 0.017827 0.227152 -0.106413
v 0.022004 0.250886 -0.101541
v 0.017827 0.227152 -0.106413
v 0.048186 0.223038 -0.124266
v 0.056329 0.248672 -0.121160
v 0.022004 0.250886 -0.101541
v 0.048186 0.223038 -0.124266
v 0.056329 0.248672 -0.121160
v 0.048186 0.223038 -0.124266
v 0.018497 0.227140 -0.143215
v 0.056329 0.248672 -0.121160
v 0.018497 0.227140 -0.143215
v 0.024562 0.261089 -0.141276
v 0.024562 0.261089 -0.141276
v -0.005418 0.289428 -0.110423
v 0.032326 0.290455 -0.129964
v -0.005418 0.289428 -0.110423
v 0.024562 0.261089 -0.141276
v -0.009763 0.263303 -0.121656
v -0.009763 0.263303 -0.121656
v 0.026513 0.267786 -0.092548
v -0.005418 0.289428 -0.110423
v 0.026513 0.267786 -0.092548
v -0.009763 0.263303 -0.121656
v 0.022004 0.250886 -0.101541
v 0.026513 0.267786 -0.092548
v 0.022004 0.250886 -0.101541
v 0.056329 0.248672 -0.121160
v 0.064257 0.268813 -0.112088
v 0.026513 0.267786 -0.092548
v 0.056329 0.248672 -0.121160
v 0.064257 0.268813 -0.112088
v 0.024562 0.261089 -0.141276
v 0.032326 0.290455 -0.129964
v 0.056329 0.248672 -0.121160
v 0.024562 0.261089 -0.141276
v 0.064257 0.268813 -0.112088
v -0.005418 0.289428 -0.110423
v 0.040520 0.312925 -0.110446
v 0.032326 0.290455 -0.129964
v 0.000119 0.308554 -0.093114
v 0.040520 0.312925 -0.110446
v -0.005418 0.289428 -0.110423
v -0.005418 0.289428 -0.110423
v 0.031062 0.279798 -0.080178
v 0.000119 0.308554 -0.093114
v 0.031062 0.279798 -0.080178
v -0.005418 0.289428 -0.110423
v 0.026513 0.267786 -0.092548
v 0.026513 0.267786 -0.092548
v 0.071463 0.284169 -0.097510
v 0.031062 0.279798 -0.080178
v 0.071463 0.284169 -0.097510
v 0.026513 0.267786 -0.092548
v 0.064257 0.268813 -0.112088
v 0.071463 0.284169 -0.097510
v 0.032326 0.290455 -0.129964
v 0.040520 0.312925 -0.110446
v 0.064257 0.268813 -0.112088
v 0.032326 0.290455 -0.129964
v 0.071463 0.284169 -0.097510
v 0.000119 0.308554 -0.093114
v 0.047761 0.328026 -0.085959
v 0.040520 0.312925 -0.110446
v 0.047761 0.328026 -0.085959
v 0.000119 0.308554 -0.093114
v 0.006131 0.321354 -0.072139
v 0.035720 0.289261 -0.064200
v 0.000119 0.308554 -0.093114
v 0.031062 0.279798 -0.080178
v 0.000119 0.308554 -0.093114
v 0.035720 0.289261 -0.064200
v 0.006131 0.321354 -0.072139
v 0.031062 0.279798 -0.080178
v 0.077350 0.295933 -0.078019
v 0.035720 0.289261 -0.064200
v 0.077350 0.295933 -0.078019
v 0.031062 0.279798 -0.080178
v 0.071463 0.284169 -0.097510
v 0.077350 0.295933 -0.078019
v 0.040520 0.312925 -0.110446
v 0.047761 0.328026 -0.085959
v 0.040520 0.312925 -0.110446
v 0.077350 0.295933 -0.078019
v 0.071463 0.284169 -0.097510
v 0.006131 0.321354 -0.072139
v 0.053321 0.337140 -0.059317
v 0.047761 0.328026 -0.085959
v 0.053321 0.337140 -0.059317
v 0.006131 0.321354 -0.072139
v 0.012272 0.329329 -0.049530
v 0.040103 0.296914 -0.045471
v 0.006131 0.321354 -0.072139
v 0.035720 0.289261 -0.064200
v 0.006131 0.321354 -0.072139
v 0.040103 0.296914 -0.045471
v 0.012272 0.329329 -0.049530
v 0.035720 0.289261 -0.064200
v 0.081152 0.304724 -0.055258
v 0.040103 0.296914 -0.045471
v 0.081152 0.304724 -0.055258
v 0.035720 0.289261 -0.064200
v 0.077350 0.295933 -0.078019
v 0.047761 0.328026 -0.085959
v 0.081152 0.304724 -0.055258
v 0.077350 0.295933 -0.078019
v 0.047761 0.328026 -0.085959
v 0.053321 0.337140 -0.059317
v 0.081152 0.304724 -0.055258
v 0.018139 0.333121 -0.026768
v 0.053321 0.337140 -0.059317
v 0.012272 0.329329 -0.049530
v 0.053321 0.337140 -0.059317
v 0.018139 0.333121 -0.026768
v 0.056917 0.341134 -0.032018
v 0.043536 0.302292 -0.026405
v 0.012272 0.329329 -0.049530
v 0.040103 0.296914 -0.045471
v 0.012272 0.329329 -0.049530
v 0.043536 0.302292 -0.026405
v 0.018139 0.333121 -0.026768
v 0.040103 0.296914 -0.045471
v 0.082315 0.310305 -0.031655
v 0.043536 0.302292 -0.026405
v 0.082315 0.310305 -0.031655
v 0.040103 0.296914 -0.045471
v 0.081152 0.304724 -0.055258
v 0.053321 0.337140 -0.059317
v 0.082315 0.310305 -0.031655
v 0.081152 0.304724 -0.055258
v 0.053321 0.337140 -0.059317
v 0.056917 0.341134 -0.032018
v 0.082315 0.310305 -0.031655
v 0.023062 0.332203 -0.005281
v 0.056917 0.341134 -0.032018
v 0.018139 0.333121 -0.026768
v 0.056917 0.341134 -0.032018
v 0.023062 0.332203 -0.005281
v 0.058245 0.339281 -0.005065
v 0.045523 0.304632 -0.010107
v 0.018139 0.333121 -0.026768
v 0.043536 0.302292 -0.026405
v 0.018139 0.333121 -0.026768
v 0.045523 0.304632 -0.010107
v 0.023062 0.332203 -0.005281
v 0.043536 0.302292 -0.026405
v 0.080706 0.311710 -0.009891
v 0.045523 0.304632 -0.010107
v 0.080706 0.311710 -0.009891
v 0.043536 0.302292 -0.026405
v 0.082315 0.310305 -0.031655
v 0.056917 0.341134 -0.032018
v 0.080706 0.311710 -0.009891
v 0.082315 0.310305 -0.031655
v 0.056917 0.341134 -0.032018
v 0.058245 0.339281 -0.005065
v 0.080706 0.311710 -0.009891
v 0.026030 0.324679 0.013303
v 0.058245 0.339281 -0.005065
v 0.023062 0.332203 -0.005281
v 0.058245 0.339281 -0.005065
v 0.026030 0.324679 0.013303
v 0.056672 0.328521 0.019481
v 0.046048 0.303605 0.001178
v 0.023062 0.332203 -0.005281
v 0.045523 0.304632 -0.010107
v 0.023062 0.332203 -0.005281
v 0.046048 0.303605 0.001178
v 0.026030 0.324679 0.013303
v 0.046048 0.303605 0.001178
v 0.080706 0.311710 -0.009891
v 0.076689 0.307447 0.007356
v 0.045523 0.304632 -0.010107
v 0.080706 0.311710 -0.009891
v 0.046048 0.303605 0.001178
v 0.076689 0.307447 0.007356
v 0.080706 0.311710 -0.009891
v 0.058245 0.339281 -0.005065
v 0.056672 0.328521 0.019481
v 0.076689 0.307447 0.007356
v 0.058245 0.339281 -0.005065
v 0.051949 0.306356 0.035370
v 0.026030 0.324679 0.013303
v 0.025770 0.307635 0.026042
v 0.026030 0.324679 0.013303
v 0.051949 0.306356 0.035370
v 0.056672 0.328521 0.019481
v 0.025770 0.307635 0.026042
v 0.026030 0.324679 0.013303
v 0.046048 0.303605 0.001178
v 0.044862 0.296427 0.009194
v 0.025770 0.307635 0.026042
v 0.046048 0.303605 0.001178
v 0.071041 0.295148 0.018523
v 0.046048 0.303605 0.001178
v 0.076689 0.307447 0.007356
v 0.046048 0.303605 0.001178
v 0.071041 0.295148 0.018523
v 0.044862 0.296427 0.009194
v 0.051949 0.306356 0.035370
v 0.076689 0.307447 0.007356
v 0.056672 0.328521 0.019481
v 0.076689 0.307447 0.007356
v 0.051949 0.306356 0.035370
v 0.071041 0.295148 0.018523
v 0.045058 0.273400 0.039324
v 0.025770 0.307635 0.026042
v 0.021155 0.278520 0.029790
v 0.025770 0.307635 0.026042
v 0.045058 0.273400 0.039324
v 0.051949 0.306356 0.035370
v 0.044862 0.296427 0.009194
v 0.021155 0.278520 0.029790
v 0.025770 0.307635 0.026042
v 0.021155 0.278520 0.029790
v 0.044862 0.296427 0.009194
v 0.040642 0.275305 0.012516
v 0.044862 0.296427 0.009194
v 0.064545 0.270185 0.022050
v 0.040642 0.275305 0.012516
v 0.064545 0.270185 0.022050
v 0.044862 0.296427 0.009194
v 0.071041 0.295148 0.018523
v 0.045058 0.273400 0.039324
v 0.071041 0.295148 0.018523
v 0.051949 0.306356 0.035370
v 0.071041 0.295148 0.018523
v 0.045058 0.273400 0.039324
v 0.064545 0.270185 0.022050
v 0.075679 0.179477 -0.084916
v 0.083164 0.174147 -0.083846
v 0.074317 0.165923 -0.094086
v 0.074317 0.165923 -0.094086
v 0.083164 0.174147 -0.083846
v 0.074317 0.165923 -0.094086
v 0.074317 0.165923 -0.094086
v 0.074939 0.172158 -0.079306
v 0.075679 0.179477 -0.084916
v 0.074939 0.172158 -0.079306
v 0.074317 0.165923 -0.094086
v 0.074317 0.165923 -0.094086
v 0.074939 0.172158 -0.079306
v 0.074317 0.165923 -0.094086
v 0.074317 0.165922 -0.094086
v 0.074317 0.165922 -0.094086
v 0.082425 0.166828 -0.078236
v 0.074939 0.172158 -0.079306
v 0.074317 0.165922 -0.094086
v 0.083164 0.174147 -0.083846
v 0.082425 0.166828 -0.078236
v 0.083164 0.174147 -0.083846
v 0.074317 0.165922 -0.094086
v 0.074317 0.165923 -0.094086
v 0.076077 0.191706 -0.080849
v 0.090335 0.182954 -0.076457
v 0.075679 0.179477 -0.084916
v 0.075679 0.179477 -0.084916
v 0.090335 0.182954 -0.076457
v 0.083164 0.174147 -0.083846
v 0.075679 0.179477 -0.084916
v 0.074740 0.180213 -0.067992
v 0.076077 0.191706 -0.080849
v 0.074740 0.180213 -0.067992
v 0.075679 0.179477 -0.084916
v 0.074939 0.172158 -0.079306
v 0.074740 0.180213 -0.067992
v 0.074939 0.172158 -0.079306
v 0.082425 0.166828 -0.078236
v 0.088998 0.171462 -0.063600
v 0.074740 0.180213 -0.067992
v 0.082425 0.166828 -0.078236
v 0.082425 0.166828 -0.078236
v 0.090335 0.182954 -0.076457
v 0.088998 0.171462 -0.063600
v 0.090335 0.182954 -0.076457
v 0.082425 0.166828 -0.078236
v 0.083164 0.174147 -0.083846
v 0.076448 0.201981 -0.079710
v 0.095866 0.192031 -0.070488
v 0.076077 0.191706 -0.080849
v 0.076077 0.191706 -0.080849
v 0.095866 0.192031 -0.070488
v 0.090335 0.182954 -0.076457
v 0.076077 0.191706 -0.080849
v 0.073818 0.189097 -0.060008
v 0.076448 0.201981 -0.079710
v 0.073818 0.189097 -0.060008
v 0.076077 0.191706 -0.080849
v 0.074740 0.180213 -0.067992
v 0.093235 0.179146 -0.050786
v 0.073818 0.189097 -0.060008
v 0.088998 0.171462 -0.063600
v 0.074740 0.180213 -0.067992
v 0.088998 0.171462 -0.063600
v 0.073818 0.189097 -0.060008
v 0.095866 0.192031 -0.070488
v 0.088998 0.171462 -0.063600
v 0.090335 0.182954 -0.076457
v 0.088998 0.171462 -0.063600
v 0.095866 0.192031 -0.070488
v 0.093235 0.179146 -0.050786
v 0.077197 0.210663 -0.079386
v 0.099578 0.201412 -0.065021
v 0.076448 0.201981 -0.079710
v 0.095866 0.192031 -0.070488
v 0.076448 0.201981 -0.079710
v 0.099578 0.201412 -0.065021
v 0.076448 0.201981 -0.079710
v 0.072425 0.197644 -0.054879
v 0.077197 0.210663 -0.079386
v 0.072425 0.197644 -0.054879
v 0.076448 0.201981 -0.079710
v 0.073818 0.189097 -0.060008
v 0.073818 0.189097 -0.060008
v 0.094807 0.188392 -0.040514
v 0.072425 0.197644 -0.054879
v 0.094807 0.188392 -0.040514
v 0.073818 0.189097 -0.060008
v 0.093235 0.179146 -0.050786
v 0.099578 0.201412 -0.065021
v 0.093235 0.179146 -0.050786
v 0.095866 0.192031 -0.070488
v 0.093235 0.179146 -0.050786
v 0.099578 0.201412 -0.065021
v 0.094807 0.188392 -0.040514
v 0.078081 0.218514 -0.078347
v 0.101130 0.211040 -0.059615
v 0.077197 0.210663 -0.079386
v 0.099578 0.201412 -0.065021
v 0.077197 0.210663 -0.079386
v 0.101130 0.211040 -0.059615
v 0.077197 0.210663 -0.079386
v 0.070910 0.204963 -0.051834
v 0.078081 0.218514 -0.078347
v 0.070910 0.204963 -0.051834
v 0.077197 0.210663 -0.079386
v 0.072425 0.197644 -0.054879
v 0.094807 0.188392 -0.040514
v 0.070910 0.204963 -0.051834
v 0.072425 0.197644 -0.054879
v 0.093959 0.197489 -0.033102
v 0.070910 0.204963 -0.051834
v 0.094807 0.188392 -0.040514
v 0.101130 0.211040 -0.059615
v 0.094807 0.188392 -0.040514
v 0.099578 0.201412 -0.065021
v 0.094807 0.188392 -0.040514
v 0.101130 0.211040 -0.059615
v 0.093959 0.197489 -0.033102
v 0.078339 0.226109 -0.075671
v 0.101130 0.211040 -0.059615
v 0.078081 0.218514 -0.078347
v 0.101130 0.211040 -0.059615
v 0.078339 0.226109 -0.075671
v 0.100141 0.220575 -0.054062
v 0.078081 0.218514 -0.078347
v 0.069592 0.210626 -0.050045
v 0.078339 0.226109 -0.075671
v 0.069592 0.210626 -0.050045
v 0.078081 0.218514 -0.078347
v 0.070910 0.204963 -0.051834
v 0.069592 0.210626 -0.050045
v 0.070910 0.204963 -0.051834
v 0.093959 0.197489 -0.033102
v 0.091394 0.205091 -0.028436
v 0.069592 0.210626 -0.050045
v 0.093959 0.197489 -0.033102
v 0.100141 0.220575 -0.054062
v 0.093959 0.197489 -0.033102
v 0.101130 0.211040 -0.059615
v 0.093959 0.197489 -0.033102
v 0.100141 0.220575 -0.054062
v 0.091394 0.205091 -0.028436
v 0.076954 0.233406 -0.070949
v 0.100141 0.220575 -0.054062
v 0.078339 0.226109 -0.075671
v 0.100141 0.220575 -0.054062
v 0.076954 0.233406 -0.070949
v 0.096332 0.229288 -0.048237
v 0.078339 0.226109 -0.075671
v 0.068627 0.214768 -0.048778
v 0.076954 0.233406 -0.070949
v 0.068627 0.214768 -0.048778
v 0.078339 0.226109 -0.075671
v 0.069592 0.210626 -0.050045
v 0.088005 0.210650 -0.026066
v 0.068627 0.214768 -0.048778
v 0.091394 0.205091 -0.028436
v 0.069592 0.210626 -0.050045
v 0.091394 0.205091 -0.028436
v 0.068627 0.214768 -0.048778
v 0.088005 0.210650 -0.026066
v 0.100141 0.220575 -0.054062
v 0.096332 0.229288 -0.048237
v 0.091394 0.205091 -0.028436
v 0.100141 0.220575 -0.054062
v 0.088005 0.210650 -0.026066
v 0.073190 0.239487 -0.064364
v 0.096332 0.229288 -0.048237
v 0.076954 0.233406 -0.070949
v 0.096332 0.229288 -0.048237
v 0.073190 0.239487 -0.064364
v 0.089832 0.236084 -0.042196
v 0.076954 0.233406 -0.070949
v 0.067695 0.218074 -0.047298
v 0.073190 0.239487 -0.064364
v 0.067695 0.218074 -0.047298
v 0.076954 0.233406 -0.070949
v 0.068627 0.214768 -0.048778
v 0.084337 0.214671 -0.025129
v 0.067695 0.218074 -0.047298
v 0.088005 0.210650 -0.026066
v 0.068627 0.214768 -0.048778
v 0.088005 0.210650 -0.026066
v 0.067695 0.218074 -0.047298
v 0.084337 0.214671 -0.025129
v 0.096332 0.229288 -0.048237
v 0.089832 0.236084 -0.042196
v 0.088005 0.210650 -0.026066
v 0.096332 0.229288 -0.048237
v 0.084337 0.214671 -0.025129
v 0.067224 0.243238 -0.056803
v 0.089832 0.236084 -0.042196
v 0.073190 0.239487 -0.064364
v 0.089832 0.236084 -0.042196
v 0.067224 0.243238 -0.056803
v 0.081449 0.240173 -0.036213
v 0.065732 0.221101 -0.044826
v 0.073190 0.239487 -0.064364
v 0.067695 0.218074 -0.047298
v 0.073190 0.239487 -0.064364
v 0.065732 0.221101 -0.044826
v 0.067224 0.243238 -0.056803
v 0.079957 0.218036 -0.024237
v 0.067695 0.218074 -0.047298
v 0.084337 0.214671 -0.025129
v 0.067695 0.218074 -0.047298
v 0.079957 0.218036 -0.024237
v 0.065732 0.221101 -0.044826
v 0.089832 0.236084 -0.042196
v 0.079957 0.218036 -0.024237
v 0.084337 0.214671 -0.025129
v 0.081449 0.240173 -0.036213
v 0.079957 0.218036 -0.024237
v 0.089832 0.236084 -0.042196
v 0.059683 0.244654 -0.049315
v 0.081449 0.240173 -0.036213
v 0.067224 0.243238 -0.056803
v 0.081449 0.240173 -0.036213
v 0.059683 0.244654 -0.049315
v 0.072065 0.241858 -0.030351
v 0.059683 0.244654 -0.049315
v 0.065732 0.221101 -0.044826
v 0.061534 0.223491 -0.040978
v 0.065732 0.221101 -0.044826
v 0.059683 0.244654 -0.049315
v 0.067224 0.243238 -0.056803
v 0.073916 0.220694 -0.022013
v 0.065732 0.221101 -0.044826
v 0.079957 0.218036 -0.024237
v 0.065732 0.221101 -0.044826
v 0.073916 0.220694 -0.022013
v 0.061534 0.223491 -0.040978
v 0.081449 0.240173 -0.036213
v 0.073916 0.220694 -0.022013
v 0.079957 0.218036 -0.024237
v 0.072065 0.241858 -0.030351
v 0.073916 0.220694 -0.022013
v 0.081449 0.240173 -0.036213
v 0.050435 0.244780 -0.042481
v 0.072065 0.241858 -0.030351
v 0.059683 0.244654 -0.049315
v 0.072065 0.241858 -0.030351
v 0.050435 0.244780 -0.042481
v 0.061801 0.242123 -0.024106
v 0.054594 0.224385 -0.036107
v 0.059683 0.244654 -0.049315
v 0.061534 0.223491 -0.040978
v 0.059683 0.244654 -0.049315
v 0.054594 0.224385 -0.036107
v 0.050435 0.244780 -0.042481
v 0.065960 0.221728 -0.017733
v 0.061534 0.223491 -0.040978
v 0.073916 0.220694 -0.022013
v 0.061534 0.223491 -0.040978
v 0.065960 0.221728 -0.017733
v 0.054594 0.224385 -0.036107
v 0.072065 0.241858 -0.030351
v 0.065960 0.221728 -0.017733
v 0.073916 0.220694 -0.022013
v 0.061801 0.242123 -0.024106
v 0.065960 0.221728 -0.017733
v 0.072065 0.241858 -0.030351
v 0.060018 0.105231 -0.055388
v 0.054150 0.120122 -0.071520
v 0.061496 0.122169 -0.068613
v 0.054150 0.120122 -0.071520
v 0.060018 0.105231 -0.055388
v 0.060017 0.105231 -0.055388
v 0.054402 0.124152 -0.064427
v 0.060017 0.105231 -0.055388
v 0.060017 0.105231 -0.055387
v 0.060017 0.105231 -0.055388
v 0.054402 0.124152 -0.064427
v 0.054150 0.120122 -0.071520
v 0.054402 0.124152 -0.064427
v 0.060017 0.105231 -0.055387
v 0.060018 0.105231 -0.055387
v 0.060018 0.105231 -0.055387
v 0.061749 0.126200 -0.061521
v 0.054402 0.124152 -0.064427
v 0.060018 0.105231 -0.055388
v 0.061496 0.122169 -0.068613
v 0.061749 0.126200 -0.061521
v 0.060018 0.105231 -0.055388
v 0.061749 0.126200 -0.061521
v 0.060018 0.105231 -0.055387
v 0.061496 0.122169 -0.068613
v 0.050972 0.137023 -0.085979
v 0.064671 0.139228 -0.079601
v 0.050972 0.137023 -0.085979
v 0.061496 0.122169 -0.068613
v 0.054150 0.120122 -0.071520
v 0.051334 0.143297 -0.072061
v 0.054150 0.120122 -0.071520
v 0.054402 0.124152 -0.064427
v 0.054150 0.120122 -0.071520
v 0.051334 0.143297 -0.072061
v 0.050972 0.137023 -0.085979
v 0.051334 0.143297 -0.072061
v 0.054402 0.124152 -0.064427
v 0.061749 0.126200 -0.061521
v 0.065033 0.145502 -0.065683
v 0.051334 0.143297 -0.072061
v 0.061749 0.126200 -0.061521
v 0.061749 0.126200 -0.061521
v 0.064671 0.139228 -0.079601
v 0.065033 0.145502 -0.065683
v 0.064671 0.139228 -0.079601
v 0.061749 0.126200 -0.061521
v 0.061496 0.122169 -0.068613
v 0.064671 0.139228 -0.079601
v 0.050295 0.155182 -0.098017
v 0.069102 0.155949 -0.087817
v 0.050295 0.155182 -0.098017
v 0.064671 0.139228 -0.079601
v 0.050972 0.137023 -0.085979
v 0.050211 0.161709 -0.077628
v 0.050972 0.137023 -0.085979
v 0.051334 0.143297 -0.072061
v 0.050972 0.137023 -0.085979
v 0.050211 0.161709 -0.077628
v 0.050295 0.155182 -0.098017
v 0.050211 0.161709 -0.077628
v 0.051334 0.143297 -0.072061
v 0.065033 0.145502 -0.065683
v 0.069018 0.162476 -0.067428
v 0.050211 0.161709 -0.077628
v 0.065033 0.145502 -0.065683
v 0.065033 0.145502 -0.065683
v 0.069102 0.155949 -0.087817
v 0.069018 0.162476 -0.067428
v 0.069102 0.155949 -0.087817
v 0.065033 0.145502 -0.065683
v 0.064671 0.139228 -0.079601
v 0.069102 0.155949 -0.087817
v 0.052010 0.174141 -0.106991
v 0.074413 0.171907 -0.092827
v 0.052010 0.174141 -0.106991
v 0.069102 0.155949 -0.087817
v 0.050295 0.155182 -0.098017
v 0.050497 0.178731 -0.080835
v 0.050295 0.155182 -0.098017
v 0.050211 0.161709 -0.077628
v 0.050295 0.155182 -0.098017
v 0.050497 0.178731 -0.080835
v 0.052010 0.174141 -0.106991
v 0.050497 0.178731 -0.080835
v 0.050211 0.161709 -0.077628
v 0.069018 0.162476 -0.067428
v 0.072900 0.176497 -0.066670
v 0.050497 0.178731 -0.080835
v 0.069018 0.162476 -0.067428
v 0.069018 0.162476 -0.067428
v 0.074413 0.171907 -0.092827
v 0.072900 0.176497 -0.066670
v 0.074413 0.171907 -0.092827
v 0.069018 0.162476 -0.067428
v 0.069102 0.155949 -0.087817
v 0.056026 0.193495 -0.112192
v 0.074413 0.171907 -0.092827
v 0.052010 0.174141 -0.106991
v 0.074413 0.171907 -0.092827
v 0.056026 0.193495 -0.112192
v 0.080220 0.186686 -0.094372
v 0.051795 0.194018 -0.081678
v 0.052010 0.174141 -0.106991
v 0.050497 0.178731 -0.080835
v 0.052010 0.174141 -0.106991
v 0.051795 0.194018 -0.081678
v 0.056026 0.193495 -0.112192
v 0.050497 0.178731 -0.080835
v 0.075989 0.187208 -0.063858
v 0.051795 0.194018 -0.081678
v 0.075989 0.187208 -0.063858
v 0.050497 0.178731 -0.080835
v 0.072900 0.176497 -0.066670
v 0.080220 0.186686 -0.094372
v 0.072900 0.176497 -0.066670
v 0.074413 0.171907 -0.092827
v 0.072900 0.176497 -0.066670
v 0.080220 0.186686 -0.094372
v 0.075989 0.187208 -0.063858
v 0.086076 0.199878 -0.092489
v 0.056026 0.193495 -0.112192
v 0.062056 0.212470 -0.112913
v 0.080220 0.186686 -0.094372
v 0.056026 0.193495 -0.112192
v 0.086076 0.199878 -0.092489
v 0.056026 0.193495 -0.112192
v 0.053899 0.207546 -0.080326
v 0.062056 0.212470 -0.112913
v 0.053899 0.207546 -0.080326
v 0.056026 0.193495 -0.112192
v 0.051795 0.194018 -0.081678
v 0.051795 0.194018 -0.081678
v 0.077919 0.194954 -0.059902
v 0.053899 0.207546 -0.080326
v 0.077919 0.194954 -0.059902
v 0.051795 0.194018 -0.081678
v 0.075989 0.187208 -0.063858
v 0.086076 0.199878 -0.092489
v 0.075989 0.187208 -0.063858
v 0.080220 0.186686 -0.094372
v 0.075989 0.187208 -0.063858
v 0.086076 0.199878 -0.092489
v 0.077919 0.194954 -0.059902
v 0.091496 0.211217 -0.087629
v 0.062056 0.212470 -0.112913
v 0.069384 0.229701 -0.108993
v 0.086076 0.199878 -0.092489
v 0.062056 0.212470 -0.112913
v 0.091496 0.211217 -0.087629
v 0.069384 0.229701 -0.108993
v 0.062056 0.212470 -0.112913
v 0.053899 0.207546 -0.080326
v 0.056775 0.219478 -0.077001
v 0.069384 0.229701 -0.108993
v 0.053899 0.207546 -0.080326
v 0.053899 0.207546 -0.080326
v 0.078887 0.200994 -0.055637
v 0.056775 0.219478 -0.077001
v 0.078887 0.200994 -0.055637
v 0.053899 0.207546 -0.080326
v 0.077919 0.194954 -0.059902
v 0.091496 0.211217 -0.087629
v 0.077919 0.194954 -0.059902
v 0.086076 0.199878 -0.092489
v 0.077919 0.194954 -0.059902
v 0.091496 0.211217 -0.087629
v 0.078887 0.200994 -0.055637
v 0.096093 0.220904 -0.080551
v 0.069384 0.229701 -0.108993
v 0.076947 0.243949 -0.101204
v 0.069384 0.229701 -0.108993
v 0.096093 0.220904 -0.080551
v 0.091496 0.211217 -0.087629
v 0.076947 0.243949 -0.101204
v 0.069384 0.229701 -0.108993
v 0.056775 0.219478 -0.077001
v 0.060382 0.229812 -0.072050
v 0.076947 0.243949 -0.101204
v 0.056775 0.219478 -0.077001
v 0.056775 0.219478 -0.077001
v 0.079528 0.206767 -0.051396
v 0.060382 0.229812 -0.072050
v 0.079528 0.206767 -0.051396
v 0.056775 0.219478 -0.077001
v 0.078887 0.200994 -0.055637
v 0.096093 0.220904 -0.080551
v 0.078887 0.200994 -0.055637
v 0.091496 0.211217 -0.087629
v 0.078887 0.200994 -0.055637
v 0.096093 0.220904 -0.080551
v 0.079528 0.206767 -0.051396
v 0.099572 0.229534 -0.071793
v 0.076947 0.243949 -0.101204
v 0.083645 0.254980 -0.090558
v 0.076947 0.243949 -0.101204
v 0.099572 0.229534 -0.071793
v 0.096093 0.220904 -0.080551
v 0.060382 0.229812 -0.072050
v 0.083645 0.254980 -0.090558
v 0.076947 0.243949 -0.101204
v 0.064306 0.238174 -0.066126
v 0.083645 0.254980 -0.090558
v 0.060382 0.229812 -0.072050
v 0.060382 0.229812 -0.072050
v 0.080233 0.212728 -0.047361
v 0.064306 0.238174 -0.066126
v 0.080233 0.212728 -0.047361
v 0.060382 0.229812 -0.072050
v 0.079528 0.206767 -0.051396
v 0.099572 0.229534 -0.071793
v 0.079528 0.206767 -0.051396
v 0.096093 0.220904 -0.080551
v 0.079528 0.206767 -0.051396
v 0.099572 0.229534 -0.071793
v 0.080233 0.212728 -0.047361
v 0.101379 0.237531 -0.061384
v 0.083645 0.254980 -0.090558
v 0.088312 0.263251 -0.077524
v 0.083645 0.254980 -0.090558
v 0.101379 0.237531 -0.061384
v 0.099572 0.229534 -0.071793
v 0.088312 0.263251 -0.077524
v 0.064306 0.238174 -0.066126
v 0.067725 0.244112 -0.060128
v 0.064306 0.238174 -0.066126
v 0.088312 0.263251 -0.077524
v 0.083645 0.254980 -0.090558
v 0.064306 0.238174 -0.066126
v 0.080792 0.218392 -0.043988
v 0.067725 0.244112 -0.060128
v 0.080792 0.218392 -0.043988
v 0.064306 0.238174 -0.066126
v 0.080233 0.212728 -0.047361
v 0.101379 0.237531 -0.061384
v 0.080233 0.212728 -0.047361
v 0.099572 0.229534 -0.071793
v 0.080233 0.212728 -0.047361
v 0.101379 0.237531 -0.061384
v 0.080792 0.218392 -0.043988
v 0.089224 0.268943 -0.062373
v 0.101379 0.237531 -0.061384
v 0.088312 0.263251 -0.077524
v 0.101379 0.237531 -0.061384
v 0.089224 0.268943 -0.062373
v 0.100142 0.244636 -0.049148
v 0.089224 0.268943 -0.062373
v 0.067725 0.244112 -0.060128
v 0.069938 0.247577 -0.054859
v 0.067725 0.244112 -0.060128
v 0.089224 0.268943 -0.062373
v 0.088312 0.263251 -0.077524
v 0.080856 0.223270 -0.041634
v 0.067725 0.244112 -0.060128
v 0.080792 0.218392 -0.043988
v 0.067725 0.244112 -0.060128
v 0.080856 0.223270 -0.041634
v 0.069938 0.247577 -0.054859
v 0.080856 0.223270 -0.041634
v 0.101379 0.237531 -0.061384
v 0.100142 0.244636 -0.049148
v 0.080792 0.218392 -0.043988
v 0.101379 0.237531 -0.061384
v 0.080856 0.223270 -0.041634
v 0.100142 0.244636 -0.049148
v 0.084282 0.271276 -0.046819
v 0.093761 0.249424 -0.036093
v 0.084282 0.271276 -0.046819
v 0.100142 0.244636 -0.049148
v 0.089224 0.268943 -0.062373
v 0.070271 0.249410 -0.049642
v 0.089224 0.268943 -0.062373
v 0.069938 0.247577 -0.054859
v 0.089224 0.268943 -0.062373
v 0.070271 0.249410 -0.049642
v 0.084282 0.271276 -0.046819
v 0.079750 0.227558 -0.038916
v 0.069938 0.247577 -0.054859
v 0.080856 0.223270 -0.041634
v 0.069938 0.247577 -0.054859
v 0.079750 0.227558 -0.038916
v 0.070271 0.249410 -0.049642
v 0.100142 0.244636 -0.049148
v 0.093761 0.249424 -0.036093
v 0.079750 0.227558 -0.038916
v 0.080856 0.223270 -0.041634
v 0.100142 0.244636 -0.049148
v 0.079750 0.227558 -0.038916
v 0.093761 0.249424 -0.036093
v 0.073128 0.270040 -0.033476
v 0.081569 0.250618 -0.024299
v 0.073128 0.270040 -0.033476
v 0.093761 0.249424 -0.036093
v 0.084282 0.271276 -0.046819
v 0.065920 0.250026 -0.042430
v 0.084282 0.271276 -0.046819
v 0.070271 0.249410 -0.049642
v 0.084282 0.271276 -0.046819
v 0.065920 0.250026 -0.042430
v 0.073128 0.270040 -0.033476
v 0.065920 0.250026 -0.042430
v 0.079750 0.227558 -0.038916
v 0.074361 0.230604 -0.033253
v 0.070271 0.249410 -0.049642
v 0.079750 0.227558 -0.038916
v 0.065920 0.250026 -0.042430
v 0.081569 0.250618 -0.024299
v 0.079750 0.227558 -0.038916
v 0.093761 0.249424 -0.036093
v 0.079750 0.227558 -0.038916
v 0.081569 0.250618 -0.024299
v 0.074361 0.230604 -0.033253
v 0.063313 0.248268 -0.013317
v 0.081569 0.250618 -0.024299
v 0.073128 0.270040 -0.033476
v 0.055394 0.266603 -0.021976
v 0.063313 0.248268 -0.013317
v 0.073128 0.270040 -0.033476
v 0.055394 0.266603 -0.021976
v 0.065920 0.250026 -0.042430
v 0.052967 0.248237 -0.033406
v 0.073128 0.270040 -0.033476
v 0.065920 0.250026 -0.042430
v 0.055394 0.266603 -0.021976
v 0.060887 0.229902 -0.024748
v 0.065920 0.250026 -0.042430
v 0.074361 0.230604 -0.033253
v 0.065920 0.250026 -0.042430
v 0.060887 0.229902 -0.024748
v 0.052967 0.248237 -0.033406
v 0.074361 0.230604 -0.033253
v 0.063313 0.248268 -0.013317
v 0.060887 0.229902 -0.024748
v 0.063313 0.248268 -0.013317
v 0.074361 0.230604 -0.033253
v 0.081569 0.250618 -0.024299
v 0.046936 0.123485 -0.083803
v 0.048181 0.106142 -0.058613
v 0.034713 0.121805 -0.083709
v 0.048181 0.106142 -0.058613
v 0.046936 0.123485 -0.083803
v 0.048182 0.106142 -0.058613
v 0.034713 0.121805 -0.083709
v 0.048181 0.106143 -0.058613
v 0.039444 0.129644 -0.075439
v 0.048181 0.106143 -0.058613
v 0.034713 0.121805 -0.083709
v 0.048181 0.106142 -0.058613
v 0.048181 0.106143 -0.058613
v 0.051667 0.131323 -0.075532
v 0.039444 0.129644 -0.075439
v 0.051667 0.131323 -0.075532
v 0.048181 0.106143 -0.058613
v 0.048182 0.106143 -0.058613
v 0.048182 0.106143 -0.058613
v 0.046936 0.123485 -0.083803
v 0.051667 0.131323 -0.075532
v 0.046936 0.123485 -0.083803
v 0.048182 0.106143 -0.058613
v 0.048182 0.106142 -0.058613
v 0.048236 0.144250 -0.103857
v 0.046936 0.123485 -0.083803
v 0.034713 0.121805 -0.083709
v 0.026645 0.143651 -0.104940
v 0.048236 0.144250 -0.103857
v 0.034713 0.121805 -0.083709
v 0.026645 0.143651 -0.104940
v 0.039444 0.129644 -0.075439
v 0.035506 0.153847 -0.088051
v 0.039444 0.129644 -0.075439
v 0.026645 0.143651 -0.104940
v 0.034713 0.121805 -0.083709
v 0.035506 0.153847 -0.088051
v 0.039444 0.129644 -0.075439
v 0.051667 0.131323 -0.075532
v 0.057097 0.154445 -0.086968
v 0.035506 0.153847 -0.088051
v 0.051667 0.131323 -0.075532
v 0.051667 0.131323 -0.075532
v 0.048236 0.144250 -0.103857
v 0.057097 0.154445 -0.086968
v 0.048236 0.144250 -0.103857
v 0.051667 0.131323 -0.075532
v 0.046936 0.123485 -0.083803
v 0.051528 0.166812 -0.118490
v 0.048236 0.144250 -0.103857
v 0.026645 0.143651 -0.104940
v 0.023056 0.168767 -0.120844
v 0.051528 0.166812 -0.118490
v 0.026645 0.143651 -0.104940
v 0.034873 0.177153 -0.096145
v 0.026645 0.143651 -0.104940
v 0.035506 0.153847 -0.088051
v 0.026645 0.143651 -0.104940
v 0.034873 0.177153 -0.096145
v 0.023056 0.168767 -0.120844
v 0.034873 0.177153 -0.096145
v 0.035506 0.153847 -0.088051
v 0.057097 0.154445 -0.086968
v 0.063345 0.175198 -0.093790
v 0.034873 0.177153 -0.096145
v 0.057097 0.154445 -0.086968
v 0.048236 0.144250 -0.103857
v 0.051528 0.166812 -0.118490
v 0.063345 0.175198 -0.093790
v 0.048236 0.144250 -0.103857
v 0.063345 0.175198 -0.093790
v 0.057097 0.154445 -0.086968
v 0.056423 0.189888 -0.127454
v 0.051528 0.166812 -0.118490
v 0.023056 0.168767 -0.120844
v 0.023068 0.195060 -0.130978
v 0.056423 0.189888 -0.127454
v 0.023056 0.168767 -0.120844
v 0.036216 0.198341 -0.099864
v 0.023056 0.168767 -0.120844
v 0.034873 0.177153 -0.096145
v 0.023056 0.168767 -0.120844
v 0.036216 0.198341 -0.099864
v 0.023068 0.195060 -0.130978
v 0.036216 0.198341 -0.099864
v 0.034873 0.177153 -0.096145
v 0.063345 0.175198 -0.093790
v 0.069571 0.193169 -0.096340
v 0.036216 0.198341 -0.099864
v 0.063345 0.175198 -0.093790
v 0.069571 0.193169 -0.096340
v 0.063345 0.175198 -0.093790
v 0.051528 0.166812 -0.118490
v 0.056423 0.189888 -0.127454
v 0.069571 0.193169 -0.096340
v 0.051528 0.166812 -0.118490
v 0.025973 0.221115 -0.135249
v 0.062552 0.212367 -0.130589
v 0.023068 0.195060 -0.130978
v 0.056423 0.189888 -0.127454
v 0.023068 0.195060 -0.130978
v 0.062552 0.212367 -0.130589
v 0.023068 0.195060 -0.130978
v 0.038514 0.216735 -0.099755
v 0.025973 0.221115 -0.135249
v 0.038514 0.216735 -0.099755
v 0.023068 0.195060 -0.130978
v 0.036216 0.198341 -0.099864
v 0.038514 0.216735 -0.099755
v 0.036216 0.198341 -0.099864
v 0.069571 0.193169 -0.096340
v 0.075093 0.207986 -0.095095
v 0.038514 0.216735 -0.099755
v 0.069571 0.193169 -0.096340
v 0.075093 0.207986 -0.095095
v 0.069571 0.193169 -0.096340
v 0.056423 0.189888 -0.127454
v 0.062552 0.212367 -0.130589
v 0.075093 0.207986 -0.095095
v 0.056423 0.189888 -0.127454
v 0.069430 0.233129 -0.127996
v 0.025973 0.221115 -0.135249
v 0.031168 0.245747 -0.133698
v 0.062552 0.212367 -0.130589
v 0.025973 0.221115 -0.135249
v 0.069430 0.233129 -0.127996
v 0.025973 0.221115 -0.135249
v 0.041190 0.232383 -0.096595
v 0.031168 0.245747 -0.133698
v 0.041190 0.232383 -0.096595
v 0.025973 0.221115 -0.135249
v 0.038514 0.216735 -0.099755
v 0.038514 0.216735 -0.099755
v 0.079452 0.219765 -0.090892
v 0.041190 0.232383 -0.096595
v 0.079452 0.219765 -0.090892
v 0.038514 0.216735 -0.099755
v 0.075093 0.207986 -0.095095
v 0.069430 0.233129 -0.127996
v 0.079452 0.219765 -0.090892
v 0.062552 0.212367 -0.130589
v 0.075093 0.207986 -0.095095
v 0.062552 0.212367 -0.130589
v 0.079452 0.219765 -0.090892
v 0.076387 0.251124 -0.120400
v 0.031168 0.245747 -0.133698
v 0.037995 0.267640 -0.126808
v 0.069430 0.233129 -0.127996
v 0.031168 0.245747 -0.133698
v 0.076387 0.251124 -0.120400
v 0.031168 0.245747 -0.133698
v 0.044185 0.245987 -0.091022
v 0.037995 0.267640 -0.126808
v 0.044185 0.245987 -0.091022
v 0.031168 0.245747 -0.133698
v 0.041190 0.232383 -0.096595
v 0.041190 0.232383 -0.096595
v 0.082577 0.229471 -0.084614
v 0.044185 0.245987 -0.091022
v 0.082577 0.229471 -0.084614
v 0.041190 0.232383 -0.096595
v 0.079452 0.219765 -0.090892
v 0.076387 0.251124 -0.120400
v 0.079452 0.219765 -0.090892
v 0.069430 0.233129 -0.127996
v 0.079452 0.219765 -0.090892
v 0.076387 0.251124 -0.120400
v 0.082577 0.229471 -0.084614
v 0.082725 0.265960 -0.109188
v 0.037995 0.267640 -0.126808
v 0.045729 0.285738 -0.115770
v 0.076387 0.251124 -0.120400
v 0.037995 0.267640 -0.126808
v 0.082725 0.265960 -0.109188
v 0.037995 0.267640 -0.126808
v 0.047766 0.258247 -0.083471
v 0.045729 0.285738 -0.115770
v 0.047766 0.258247 -0.083471
v 0.037995 0.267640 -0.126808
v 0.044185 0.245987 -0.091022
v 0.044185 0.245987 -0.091022
v 0.084762 0.238469 -0.076888
v 0.047766 0.258247 -0.083471
v 0.084762 0.238469 -0.076888
v 0.044185 0.245987 -0.091022
v 0.082577 0.229471 -0.084614
v 0.082725 0.265960 -0.109188
v 0.082577 0.229471 -0.084614
v 0.076387 0.251124 -0.120400
v 0.082577 0.229471 -0.084614
v 0.082725 0.265960 -0.109188
v 0.084762 0.238469 -0.076888
v 0.087940 0.277988 -0.095667
v 0.045729 0.285738 -0.115770
v 0.053648 0.299730 -0.101867
v 0.082725 0.265960 -0.109188
v 0.045729 0.285738 -0.115770
v 0.087940 0.277988 -0.095667
v 0.045729 0.285738 -0.115770
v 0.051997 0.269137 -0.074510
v 0.053648 0.299730 -0.101867
v 0.051997 0.269137 -0.074510
v 0.045729 0.285738 -0.115770
v 0.047766 0.258247 -0.083471
v 0.047766 0.258247 -0.083471
v 0.086289 0.247395 -0.068310
v 0.051997 0.269137 -0.074510
v 0.086289 0.247395 -0.068310
v 0.047766 0.258247 -0.083471
v 0.084762 0.238469 -0.076888
v 0.087940 0.277988 -0.095667
v 0.084762 0.238469 -0.076888
v 0.082725 0.265960 -0.109188
v 0.084762 0.238469 -0.076888
v 0.087940 0.277988 -0.095667
v 0.086289 0.247395 -0.068310
v 0.087940 0.277988 -0.095667
v 0.060998 0.309730 -0.085827
v 0.091678 0.287532 -0.080581
v 0.060998 0.309730 -0.085827
v 0.087940 0.277988 -0.095667
v 0.053648 0.299730 -0.101867
v 0.060998 0.309730 -0.085827
v 0.051997 0.269137 -0.074510
v 0.056465 0.278035 -0.064937
v 0.051997 0.269137 -0.074510
v 0.060998 0.309730 -0.085827
v 0.053648 0.299730 -0.101867
v 0.051997 0.269137 -0.074510
v 0.087145 0.255837 -0.059691
v 0.056465 0.278035 -0.064937
v 0.087145 0.255837 -0.059691
v 0.051997 0.269137 -0.074510
v 0.086289 0.247395 -0.068310
v 0.087145 0.255837 -0.059691
v 0.087940 0.277988 -0.095667
v 0.091678 0.287532 -0.080581
v 0.087940 0.277988 -0.095667
v 0.087145 0.255837 -0.059691
v 0.086289 0.247395 -0.068310
v 0.066865 0.315659 -0.067874
v 0.091678 0.287532 -0.080581
v 0.060998 0.309730 -0.085827
v 0.091678 0.287532 -0.080581
v 0.066865 0.315659 -0.067874
v 0.093545 0.294339 -0.064209
v 0.066865 0.315659 -0.067874
v 0.056465 0.278035 -0.064937
v 0.060450 0.284211 -0.055640
v 0.056465 0.278035 -0.064937
v 0.066865 0.315659 -0.067874
v 0.060998 0.309730 -0.085827
v 0.087130 0.262891 -0.051975
v 0.060450 0.284211 -0.055640
v 0.087145 0.255837 -0.059691
v 0.056465 0.278035 -0.064937
v 0.087145 0.255837 -0.059691
v 0.060450 0.284211 -0.055640
v 0.087130 0.262891 -0.051975
v 0.091678 0.287532 -0.080581
v 0.093545 0.294339 -0.064209
v 0.091678 0.287532 -0.080581
v 0.087130 0.262891 -0.051975
v 0.087145 0.255837 -0.059691
v 0.069855 0.316609 -0.048263
v 0.093545 0.294339 -0.064209
v 0.066865 0.315659 -0.067874
v 0.093545 0.294339 -0.064209
v 0.069855 0.316609 -0.048263
v 0.092843 0.297174 -0.046722
v 0.069855 0.316609 -0.048263
v 0.060450 0.284211 -0.055640
v 0.063181 0.287233 -0.047245
v 0.060450 0.284211 -0.055640
v 0.069855 0.316609 -0.048263
v 0.066865 0.315659 -0.067874
v 0.086169 0.267798 -0.045704
v 0.063181 0.287233 -0.047245
v 0.087130 0.262891 -0.051975
v 0.060450 0.284211 -0.055640
v 0.087130 0.262891 -0.051975
v 0.063181 0.287233 -0.047245
v 0.093545 0.294339 -0.064209
v 0.086169 0.267798 -0.045704
v 0.087130 0.262891 -0.051975
v 0.093545 0.294339 -0.064209
v 0.092843 0.297174 -0.046722
v 0.086169 0.267798 -0.045704
v 0.088659 0.294007 -0.029371
v 0.069855 0.316609 -0.048263
v 0.068205 0.311047 -0.028913
v 0.069855 0.316609 -0.048263
v 0.088659 0.294007 -0.029371
v 0.092843 0.297174 -0.046722
v 0.063750 0.286779 -0.038920
v 0.069855 0.316609 -0.048263
v 0.063181 0.287233 -0.047245
v 0.069855 0.316609 -0.048263
v 0.063750 0.286779 -0.038920
v 0.068205 0.311047 -0.028913
v 0.084204 0.269739 -0.039377
v 0.063181 0.287233 -0.047245
v 0.086169 0.267798 -0.045704
v 0.063181 0.287233 -0.047245
v 0.084204 0.269739 -0.039377
v 0.063750 0.286779 -0.038920
v 0.092843 0.297174 -0.046722
v 0.084204 0.269739 -0.039377
v 0.086169 0.267798 -0.045704
v 0.088659 0.294007 -0.029371
v 0.084204 0.269739 -0.039377
v 0.092843 0.297174 -0.046722
v 0.061003 0.299066 -0.011921
v 0.088659 0.294007 -0.029371
v 0.068205 0.311047 -0.028913
v 0.088659 0.294007 -0.029371
v 0.061003 0.299066 -0.011921
v 0.080803 0.283709 -0.013587
v 0.061003 0.299066 -0.011921
v 0.068205 0.311047 -0.028913
v 0.063750 0.286779 -0.038920
v 0.060177 0.280944 -0.029286
v 0.061003 0.299066 -0.011921
v 0.063750 0.286779 -0.038920
v 0.079977 0.265587 -0.030952
v 0.063750 0.286779 -0.038920
v 0.084204 0.269739 -0.039377
v 0.063750 0.286779 -0.038920
v 0.079977 0.265587 -0.030952
v 0.060177 0.280944 -0.029286
v 0.080803 0.283709 -0.013587
v 0.079977 0.265587 -0.030952
v 0.088659 0.294007 -0.029371
v 0.084204 0.269739 -0.039377
v 0.088659 0.294007 -0.029371
v 0.079977 0.265587 -0.030952
v -0.080366 0.259466 0.105822
v -0.097504 0.259137 0.102521
v -0.080498 0.251941 0.104945
v -0.097504 0.259137 0.102521
v -0.080366 0.259466 0.105822
v -0.097504 0.259137 0.102522
v -0.080498 0.251941 0.104945
v -0.097504 0.259137 0.102521
v -0.080756 0.256194 0.098680
v -0.097504 0.259137 0.102521
v -0.080498 0.251941 0.104945
v -0.097504 0.259137 0.102521
v -0.097504 0.259137 0.102521
v -0.080756 0.256194 0.098680
v -0.097504 0.259137 0.102521
v -0.097504 0.259137 0.102521
v -0.080625 0.263720 0.099556
v -0.080756 0.256194 0.098680
v -0.080366 0.259466 0.105822
v -0.097504 0.259137 0.102521
v -0.097504 0.259137 0.102522
v -0.097504 0.259137 0.102521
v -0.080366 0.259466 0.105822
v -0.080625 0.263720 0.099556
v -0.067297 0.261245 0.107121
v -0.080498 0.251941 0.104945
v -0.065785 0.248838 0.105528
v -0.080498 0.251941 0.104945
v -0.067297 0.261245 0.107121
v -0.080366 0.259466 0.105822
v -0.067853 0.255810 0.095238
v -0.080498 0.251941 0.104945
v -0.080756 0.256194 0.098680
v -0.080498 0.251941 0.104945
v -0.067853 0.255810 0.095238
v -0.065785 0.248838 0.105528
v -0.080625 0.263720 0.099556
v -0.067853 0.255810 0.095238
v -0.080756 0.256194 0.098680
v -0.080625 0.263720 0.099556
v -0.069366 0.268216 0.096831
v -0.067853 0.255810 0.095238
v -0.069366 0.268216 0.096831
v -0.080366 0.259466 0.105822
v -0.067297 0.261245 0.107121
v -0.080366 0.259466 0.105822
v -0.069366 0.268216 0.096831
v -0.080625 0.263720 0.099556
v -0.056904 0.264296 0.107412
v -0.065785 0.248838 0.105528
v -0.052629 0.248848 0.105064
v -0.065785 0.248838 0.105528
v -0.056904 0.264296 0.107412
v -0.067297 0.261245 0.107121
v -0.057128 0.257413 0.092071
v -0.065785 0.248838 0.105528
v -0.067853 0.255810 0.095238
v -0.065785 0.248838 0.105528
v -0.057128 0.257413 0.092071
v -0.052629 0.248848 0.105064
v -0.069366 0.268216 0.096831
v -0.057128 0.257413 0.092071
v -0.067853 0.255810 0.095238
v -0.057128 0.257413 0.092071
v -0.069366 0.268216 0.096831
v -0.061403 0.272861 0.094420
v -0.061403 0.272861 0.094420
v -0.067297 0.261245 0.107121
v -0.056904 0.264296 0.107412
v -0.067297 0.261245 0.107121
v -0.061403 0.272861 0.094420
v -0.069366 0.268216 0.096831
v -0.047868 0.268380 0.107355
v -0.052629 0.248848 0.105064
v -0.040757 0.250844 0.104257
v -0.052629 0.248848 0.105064
v -0.047868 0.268380 0.107355
v -0.056904 0.264296 0.107412
v -0.047404 0.260500 0.089083
v -0.052629 0.248848 0.105064
v -0.057128 0.257413 0.092071
v -0.052629 0.248848 0.105064
v -0.047404 0.260500 0.089083
v -0.040757 0.250844 0.104257
v -0.061403 0.272861 0.094420
v -0.047404 0.260500 0.089083
v -0.057128 0.257413 0.092071
v -0.047404 0.260500 0.089083
v -0.061403 0.272861 0.094420
v -0.054515 0.278035 0.092181
v -0.054515 0.278035 0.092181
v -0.056904 0.264296 0.107412
v -0.047868 0.268380 0.107355
v -0.056904 0.264296 0.107412
v -0.054515 0.278035 0.092181
v -0.061403 0.272861 0.094420
v -0.039030 0.273294 0.107266
v -0.040757 0.250844 0.104257
v -0.029759 0.253703 0.103536
v -0.040757 0.250844 0.104257
v -0.039030 0.273294 0.107266
v -0.047868 0.268380 0.107355
v -0.037910 0.264531 0.086216
v -0.040757 0.250844 0.104257
v -0.047404 0.260500 0.089083
v -0.040757 0.250844 0.104257
v -0.037910 0.264531 0.086216
v -0.029759 0.253703 0.103536
v -0.037910 0.264531 0.086216
v -0.054515 0.278035 0.092181
v -0.047181 0.284122 0.089946
v -0.054515 0.278035 0.092181
v -0.037910 0.264531 0.086216
v -0.047404 0.260500 0.089083
v -0.047181 0.284122 0.089946
v -0.047868 0.268380 0.107355
v -0.039030 0.273294 0.107266
v -0.047868 0.268380 0.107355
v -0.047181 0.284122 0.089946
v -0.054515 0.278035 0.092181
v -0.029509 0.278821 0.107154
v -0.029759 0.253703 0.103536
v -0.019031 0.256758 0.102946
v -0.029759 0.253703 0.103536
v -0.029509 0.278821 0.107154
v -0.039030 0.273294 0.107266
v -0.028161 0.268988 0.083418
v -0.029759 0.253703 0.103536
v -0.037910 0.264531 0.086216
v -0.029759 0.253703 0.103536
v -0.028161 0.268988 0.083418
v -0.019031 0.256758 0.102946
v -0.028161 0.268988 0.083418
v -0.047181 0.284122 0.089946
v -0.038639 0.291051 0.087627
v -0.047181 0.284122 0.089946
v -0.028161 0.268988 0.083418
v -0.037910 0.264531 0.086216
v -0.038639 0.291051 0.087627
v -0.039030 0.273294 0.107266
v -0.029509 0.278821 0.107154
v -0.039030 0.273294 0.107266
v -0.038639 0.291051 0.087627
v -0.047181 0.284122 0.089946
v -0.018715 0.284648 0.106720
v -0.019031 0.256758 0.102946
v -0.008090 0.259849 0.102225
v -0.019031 0.256758 0.102946
v -0.018715 0.284648 0.106720
v -0.029509 0.278821 0.107154
v -0.017944 0.273452 0.080640
v -0.019031 0.256758 0.102946
v -0.028161 0.268988 0.083418
v -0.019031 0.256758 0.102946
v -0.017944 0.273452 0.080640
v -0.008090 0.259849 0.102225
v -0.017944 0.273452 0.080640
v -0.038639 0.291051 0.087627
v -0.028569 0.298251 0.085135
v -0.038639 0.291051 0.087627
v -0.017944 0.273452 0.080640
v -0.028161 0.268988 0.083418
v -0.028569 0.298251 0.085135
v -0.029509 0.278821 0.107154
v -0.018715 0.284648 0.106720
v -0.029509 0.278821 0.107154
v -0.028569 0.298251 0.085135
v -0.038639 0.291051 0.087627
v -0.006303 0.290344 0.105326
v -0.008090 0.259849 0.102225
v 0.003203 0.263110 0.100882
v -0.008090 0.259849 0.102225
v -0.006303 0.290344 0.105326
v -0.018715 0.284648 0.106720
v -0.007360 0.277606 0.077858
v -0.008090 0.259849 0.102225
v -0.017944 0.273452 0.080640
v -0.008090 0.259849 0.102225
v -0.007360 0.277606 0.077858
v 0.003203 0.263110 0.100882
v -0.007360 0.277606 0.077858
v -0.028569 0.298251 0.085135
v -0.016866 0.304841 0.082301
v -0.028569 0.298251 0.085135
v -0.007360 0.277606 0.077858
v -0.017944 0.273452 0.080640
v -0.016866 0.304841 0.082301
v -0.018715 0.284648 0.106720
v -0.006303 0.290344 0.105326
v -0.018715 0.284648 0.106720
v -0.016866 0.304841 0.082301
v -0.028569 0.298251 0.085135
v 0.014691 0.266533 0.098257
v -0.006303 0.290344 0.105326
v 0.003203 0.263110 0.100882
v -0.006303 0.290344 0.105326
v 0.014691 0.266533 0.098257
v 0.007840 0.295282 0.102033
v 0.003236 0.281109 0.074933
v 0.003203 0.263110 0.100882
v -0.007360 0.277606 0.077858
v 0.003203 0.263110 0.100882
v 0.003236 0.281109 0.074933
v 0.014691 0.266533 0.098257
v -0.016866 0.304841 0.082301
v 0.003236 0.281109 0.074933
v -0.007360 0.277606 0.077858
v 0.003236 0.281109 0.074933
v -0.016866 0.304841 0.082301
v -0.003615 0.309857 0.078708
v -0.003615 0.309857 0.078708
v -0.006303 0.290344 0.105326
v 0.007840 0.295282 0.102033
v -0.006303 0.290344 0.105326
v -0.003615 0.309857 0.078708
v -0.016866 0.304841 0.082301
v 0.026144 0.269678 0.093557
v 0.007840 0.295282 0.102033
v 0.014691 0.266533 0.098257
v 0.007840 0.295282 0.102033
v 0.026144 0.269678 0.093557
v 0.023394 0.298468 0.095660
v 0.013513 0.283557 0.071451
v 0.014691 0.266533 0.098257
v 0.003236 0.281109 0.074933
v 0.014691 0.266533 0.098257
v 0.013513 0.283557 0.071451
v 0.026144 0.269678 0.093557
v -0.003615 0.309857 0.078708
v 0.010763 0.312348 0.073553
v 0.013513 0.283557 0.071451
v -0.003615 0.309857 0.078708
v 0.013513 0.283557 0.071451
v 0.003236 0.281109 0.074933
v 0.010763 0.312348 0.073553
v 0.007840 0.295282 0.102033
v 0.023394 0.298468 0.095660
v 0.007840 0.295282 0.102033
v 0.010763 0.312348 0.073553
v -0.003615 0.309857 0.078708
v 0.037386 0.271631 0.085766
v 0.023394 0.298468 0.095660
v 0.026144 0.269678 0.093557
v 0.023394 0.298468 0.095660
v 0.037386 0.271631 0.085766
v 0.039185 0.298531 0.085005
v 0.023580 0.284483 0.066487
v 0.026144 0.269678 0.093557
v 0.013513 0.283557 0.071451
v 0.026144 0.269678 0.093557
v 0.023580 0.284483 0.066487
v 0.037386 0.271631 0.085766
v 0.013513 0.283557 0.071451
v 0.025379 0.311382 0.065727
v 0.023580 0.284483 0.066487
v 0.025379 0.311382 0.065727
v 0.013513 0.283557 0.071451
v 0.010763 0.312348 0.073553
v 0.025379 0.311382 0.065727
v 0.023394 0.298468 0.095660
v 0.039185 0.298531 0.085005
v 0.023394 0.298468 0.095660
v 0.025379 0.311382 0.065727
v 0.010763 0.312348 0.073553
v 0.053293 0.294194 0.069393
v 0.037386 0.271631 0.085766
v 0.048180 0.270869 0.073531
v 0.039185 0.298531 0.085005
v 0.037386 0.271631 0.085766
v 0.053293 0.294194 0.069393
v 0.048180 0.270869 0.073531
v 0.037386 0.271631 0.085766
v 0.023580 0.284483 0.066487
v 0.033892 0.282872 0.058067
v 0.048180 0.270869 0.073531
v 0.023580 0.284483 0.066487
v 0.023580 0.284483 0.066487
v 0.039005 0.306198 0.053930
v 0.033892 0.282872 0.058067
v 0.039005 0.306198 0.053930
v 0.023580 0.284483 0.066487
v 0.025379 0.311382 0.065727
v 0.025379 0.311382 0.065727
v 0.053293 0.294194 0.069393
v 0.039005 0.306198 0.053930
v 0.053293 0.294194 0.069393
v 0.025379 0.311382 0.065727
v 0.039185 0.298531 0.085005
v 0.064346 0.284709 0.048465
v 0.048180 0.270869 0.073531
v 0.057852 0.265212 0.055323
v 0.053293 0.294194 0.069393
v 0.048180 0.270869 0.073531
v 0.064346 0.284709 0.048465
v 0.057852 0.265212 0.055323
v 0.048180 0.270869 0.073531
v 0.033892 0.282872 0.058067
v 0.033892 0.282872 0.058067
v 0.043944 0.276742 0.043368
v 0.057852 0.265212 0.055323
v 0.033892 0.282872 0.058067
v 0.050438 0.296238 0.036510
v 0.043944 0.276742 0.043368
v 0.050438 0.296238 0.036510
v 0.033892 0.282872 0.058067
v 0.039005 0.306198 0.053930
v 0.039005 0.306198 0.053930
v 0.064346 0.284709 0.048465
v 0.050438 0.296238 0.036510
v 0.064346 0.284709 0.048465
v 0.039005 0.306198 0.053930
v 0.053293 0.294194 0.069393
v 0.072178 0.269165 0.020875
v 0.064346 0.284709 0.048465
v 0.057852 0.265212 0.055323
v 0.065262 0.252076 0.029786
v 0.072178 0.269165 0.020875
v 0.057852 0.265212 0.055323
v 0.065262 0.252076 0.029786
v 0.057852 0.265212 0.055323
v 0.043944 0.276742 0.043368
v 0.051622 0.263822 0.020025
v 0.065262 0.252076 0.029786
v 0.043944 0.276742 0.043368
v 0.043944 0.276742 0.043368
v 0.058538 0.280911 0.011114
v 0.051622 0.263822 0.020025
v 0.058538 0.280911 0.011114
v 0.043944 0.276742 0.043368
v 0.050438 0.296238 0.036510
v 0.050438 0.296238 0.036510
v 0.072178 0.269165 0.020875
v 0.058538 0.280911 0.011114
v 0.072178 0.269165 0.020875
v 0.050438 0.296238 0.036510
v 0.064346 0.284709 0.048465
v -0.108754 0.290571 0.091481
v -0.115547 0.301720 0.095356
v -0.115546 0.301720 0.095356
v -0.115546 0.301720 0.095356
v -0.103459 0.295647 0.093382
v -0.108754 0.290571 0.091481
v -0.115546 0.301720 0.095356
v -0.106939 0.291954 0.099009
v -0.103459 0.295647 0.093382
v -0.106939 0.291954 0.099009
v -0.115546 0.301720 0.095356
v -0.115547 0.301720 0.095357
v -0.115547 0.301719 0.095357
v -0.112234 0.286877 0.097108
v -0.106939 0.291954 0.099009
v -0.115547 0.301719 0.095357
v -0.106939 0.291954 0.099009
v -0.115547 0.301720 0.095357
v -0.115547 0.301719 0.095357
v -0.108754 0.290571 0.091481
v -0.112234 0.286877 0.097108
v -0.108754 0.290571 0.091481
v -0.115547 0.301719 0.095357
v -0.115547 0.301720 0.095356
v -0.100721 0.283456 0.088280
v -0.108754 0.290571 0.091481
v -0.103459 0.295647 0.093382
v -0.094936 0.294120 0.091678
v -0.100721 0.283456 0.088280
v -0.103459 0.295647 0.093382
v -0.098141 0.286077 0.100831
v -0.103459 0.295647 0.093382
v -0.106939 0.291954 0.099009
v -0.103459 0.295647 0.093382
v -0.098141 0.286077 0.100831
v -0.094936 0.294120 0.091678
v -0.098141 0.286077 0.100831
v -0.106939 0.291954 0.099009
v -0.112234 0.286877 0.097108
v -0.112234 0.286877 0.097108
v -0.103927 0.275413 0.097433
v -0.098141 0.286077 0.100831
v -0.100721 0.283456 0.088280
v -0.112234 0.286877 0.097108
v -0.108754 0.290571 0.091481
v -0.112234 0.286877 0.097108
v -0.100721 0.283456 0.088280
v -0.103927 0.275413 0.097433
v -0.091264 0.280179 0.085379
v -0.100721 0.283456 0.088280
v -0.094936 0.294120 0.091678
v -0.088879 0.295426 0.090305
v -0.091264 0.280179 0.085379
v -0.094936 0.294120 0.091678
v -0.088877 0.283832 0.101618
v -0.094936 0.294120 0.091678
v -0.098141 0.286077 0.100831
v -0.094936 0.294120 0.091678
v -0.088877 0.283832 0.101618
v -0.088879 0.295426 0.090305
v -0.088877 0.283832 0.101618
v -0.098141 0.286077 0.100831
v -0.103927 0.275413 0.097433
v -0.091262 0.268585 0.096692
v -0.088877 0.283832 0.101618
v -0.103927 0.275413 0.097433
v -0.103927 0.275413 0.097433
v -0.091264 0.280179 0.085379
v -0.091262 0.268585 0.096692
v -0.091264 0.280179 0.085379
v -0.103927 0.275413 0.097433
v -0.100721 0.283456 0.088280
v -0.080556 0.280413 0.082489
v -0.091264 0.280179 0.085379
v -0.088879 0.295426 0.090305
v -0.082644 0.298346 0.088948
v -0.080556 0.280413 0.082489
v -0.088879 0.295426 0.090305
v -0.078654 0.284715 0.101830
v -0.088879 0.295426 0.090305
v -0.088877 0.283832 0.101618
v -0.088879 0.295426 0.090305
v -0.078654 0.284715 0.101830
v -0.082644 0.298346 0.088948
v -0.076566 0.266782 0.095371
v -0.088877 0.283832 0.101618
v -0.091262 0.268585 0.096692
v -0.088877 0.283832 0.101618
v -0.076566 0.266782 0.095371
v -0.078654 0.284715 0.101830
v -0.091262 0.268585 0.096692
v -0.080556 0.280413 0.082489
v -0.076566 0.266782 0.095371
v -0.080556 0.280413 0.082489
v -0.091262 0.268585 0.096692
v -0.091264 0.280179 0.085379
v -0.082644 0.298346 0.088948
v -0.068838 0.283424 0.079379
v -0.080556 0.280413 0.082489
v -0.068838 0.283424 0.079379
v -0.082644 0.298346 0.088948
v -0.074379 0.303202 0.087241
v -0.067055 0.288259 0.101619
v -0.082644 0.298346 0.088948
v -0.078654 0.284715 0.101830
v -0.082644 0.298346 0.088948
v -0.067055 0.288259 0.101619
v -0.074379 0.303202 0.087241
v -0.061514 0.268481 0.093756
v -0.078654 0.284715 0.101830
v -0.076566 0.266782 0.095371
v -0.078654 0.284715 0.101830
v -0.061514 0.268481 0.093756
v -0.067055 0.288259 0.101619
v -0.076566 0.266782 0.095371
v -0.068838 0.283424 0.079379
v -0.061514 0.268481 0.093756
v -0.068838 0.283424 0.079379
v -0.076566 0.266782 0.095371
v -0.080556 0.280413 0.082489
v -0.056244 0.288261 0.075848
v -0.074379 0.303202 0.087241
v -0.063739 0.310073 0.084921
v -0.074379 0.303202 0.087241
v -0.056244 0.288261 0.075848
v -0.068838 0.283424 0.079379
v -0.063739 0.310073 0.084921
v -0.067055 0.288259 0.101619
v -0.053908 0.293833 0.100855
v -0.067055 0.288259 0.101619
v -0.063739 0.310073 0.084921
v -0.074379 0.303202 0.087241
v -0.046413 0.272021 0.091782
v -0.067055 0.288259 0.101619
v -0.061514 0.268481 0.093756
v -0.067055 0.288259 0.101619
v -0.046413 0.272021 0.091782
v -0.053908 0.293833 0.100855
v -0.061514 0.268481 0.093756
v -0.056244 0.288261 0.075848
v -0.046413 0.272021 0.091782
v -0.056244 0.288261 0.075848
v -0.061514 0.268481 0.093756
v -0.068838 0.283424 0.079379
v -0.042945 0.293874 0.071761
v -0.063739 0.310073 0.084921
v -0.050693 0.318164 0.081662
v -0.063739 0.310073 0.084921
v -0.042945 0.293874 0.071761
v -0.056244 0.288261 0.075848
v -0.050693 0.318164 0.081662
v -0.053908 0.293833 0.100855
v -0.039148 0.300535 0.099097
v -0.053908 0.293833 0.100855
v -0.050693 0.318164 0.081662
v -0.063739 0.310073 0.084921
v -0.031400 0.276245 0.089196
v -0.053908 0.293833 0.100855
v -0.046413 0.272021 0.091782
v -0.053908 0.293833 0.100855
v -0.031400 0.276245 0.089196
v -0.039148 0.300535 0.099097
v -0.046413 0.272021 0.091782
v -0.042945 0.293874 0.071761
v -0.031400 0.276245 0.089196
v -0.042945 0.293874 0.071761
v -0.046413 0.272021 0.091782
v -0.056244 0.288261 0.075848
v -0.029178 0.299162 0.067064
v -0.050693 0.318164 0.081662
v -0.035103 0.325967 0.076975
v -0.050693 0.318164 0.081662
v -0.029178 0.299162 0.067064
v -0.042945 0.293874 0.071761
v -0.035103 0.325967 0.076975
v -0.039148 0.300535 0.099097
v -0.022807 0.307145 0.095587
v -0.039148 0.300535 0.099097
v -0.035103 0.325967 0.076975
v -0.050693 0.318164 0.081662
v -0.016883 0.280340 0.085676
v -0.039148 0.300535 0.099097
v -0.031400 0.276245 0.089196
v -0.039148 0.300535 0.099097
v -0.016883 0.280340 0.085676
v -0.022807 0.307145 0.095587
v -0.031400 0.276245 0.089196
v -0.029178 0.299162 0.067064
v -0.016883 0.280340 0.085676
v -0.029178 0.299162 0.067064
v -0.031400 0.276245 0.089196
v -0.042945 0.293874 0.071761
v -0.035103 0.325967 0.076975
v -0.017117 0.331535 0.070259
v -0.015297 0.303051 0.061714
v -0.035103 0.325967 0.076975
v -0.015297 0.303051 0.061714
v -0.029178 0.299162 0.067064
v -0.017117 0.331535 0.070259
v -0.022807 0.307145 0.095587
v -0.005212 0.312150 0.089499
v -0.022807 0.307145 0.095587
v -0.017117 0.331535 0.070259
v -0.035103 0.325967 0.076975
v -0.003392 0.283666 0.080954
v -0.022807 0.307145 0.095587
v -0.016883 0.280340 0.085676
v -0.022807 0.307145 0.095587
v -0.003392 0.283666 0.080954
v -0.005212 0.312150 0.089499
v -0.015297 0.303051 0.061714
v -0.016883 0.280340 0.085676
v -0.029178 0.299162 0.067064
v -0.016883 0.280340 0.085676
v -0.015297 0.303051 0.061714
v -0.003392 0.283666 0.080954
v -0.017117 0.331535 0.070259
v 0.002360 0.332741 0.060927
v -0.001807 0.304546 0.055582
v -0.017117 0.331535 0.070259
v -0.001807 0.304546 0.055582
v -0.015297 0.303051 0.061714
v 0.002360 0.332741 0.060927
v -0.005212 0.312150 0.089499
v 0.012806 0.313784 0.080223
v -0.005212 0.312150 0.089499
v 0.002360 0.332741 0.060927
v -0.017117 0.331535 0.070259
v 0.008639 0.285589 0.074879
v -0.005212 0.312150 0.089499
v -0.003392 0.283666 0.080954
v -0.005212 0.312150 0.089499
v 0.008639 0.285589 0.074879
v 0.012806 0.313784 0.080223
v -0.003392 0.283666 0.080954
v -0.001807 0.304546 0.055582
v 0.008639 0.285589 0.074879
v -0.001807 0.304546 0.055582
v -0.003392 0.283666 0.080954
v -0.015297 0.303051 0.061714
v 0.010814 0.302644 0.048281
v -0.001807 0.304546 0.055582
v 0.002360 0.332741 0.060927
v 0.021329 0.327478 0.048670
v 0.010814 0.302644 0.048281
v 0.002360 0.332741 0.060927
v 0.029702 0.310127 0.067544
v 0.002360 0.332741 0.060927
v 0.012806 0.313784 0.080223
v 0.002360 0.332741 0.060927
v 0.029702 0.310127 0.067544
v 0.021329 0.327478 0.048670
v 0.019188 0.285293 0.067155
v 0.012806 0.313784 0.080223
v 0.008639 0.285589 0.074879
v 0.012806 0.313784 0.080223
v 0.019188 0.285293 0.067155
v 0.029702 0.310127 0.067544
v 0.019188 0.285293 0.067155
v 0.008639 0.285589 0.074879
v -0.001807 0.304546 0.055582
v 0.010814 0.302644 0.048281
v 0.019188 0.285293 0.067155
v -0.001807 0.304546 0.055582
v 0.036803 0.314435 0.033888
v 0.010814 0.302644 0.048281
v 0.021329 0.327478 0.048670
v 0.010814 0.302644 0.048281
v 0.036803 0.314435 0.033888
v 0.022081 0.295843 0.038883
v 0.021329 0.327478 0.048670
v 0.043263 0.299595 0.051926
v 0.036803 0.314435 0.033888
v 0.043263 0.299595 0.051926
v 0.021329 0.327478 0.048670
v 0.029702 0.310127 0.067544
v 0.028541 0.281003 0.056921
v 0.043263 0.299595 0.051926
v 0.019188 0.285293 0.067155
v 0.029702 0.310127 0.067544
v 0.019188 0.285293 0.067155
v 0.043263 0.299595 0.051926
v 0.028541 0.281003 0.056921
v 0.019188 0.285293 0.067155
v 0.010814 0.302644 0.048281
v 0.022081 0.295843 0.038883
v 0.028541 0.281003 0.056921
v 0.010814 0.302644 0.048281
v 0.046288 0.293619 0.017197
v 0.022081 0.295843 0.038883
v 0.036803 0.314435 0.033888
v 0.022081 0.295843 0.038883
v 0.046288 0.293619 0.017197
v 0.030542 0.281790 0.026223
v 0.036803 0.314435 0.033888
v 0.051555 0.281293 0.034216
v 0.046288 0.293619 0.017197
v 0.051555 0.281293 0.034216
v 0.036803 0.314435 0.033888
v 0.043263 0.299595 0.051926
v 0.051555 0.281293 0.034216
v 0.043263 0.299595 0.051926
v 0.028541 0.281003 0.056921
v 0.035809 0.269464 0.043242
v 0.051555 0.281293 0.034216
v 0.028541 0.281003 0.056921
v 0.035809 0.269464 0.043242
v 0.022081 0.295843 0.038883
v 0.030542 0.281790 0.026223
v 0.028541 0.281003 0.056921
v 0.022081 0.295843 0.038883
v 0.035809 0.269464 0.043242
v 0.048602 0.264890 -0.001959
v 0.030542 0.281790 0.026223
v 0.046288 0.293619 0.017197
v 0.030542 0.281790 0.026223
v 0.048602 0.264890 -0.001959
v 0.033227 0.258203 0.009796
v 0.046288 0.293619 0.017197
v 0.053487 0.254092 0.014738
v 0.048602 0.264890 -0.001959
v 0.053487 0.254092 0.014738
v 0.046288 0.293619 0.017197
v 0.051555 0.281293 0.034216
v 0.053487 0.254092 0.014738
v 0.051555 0.281293 0.034216
v 0.035809 0.269464 0.043242
v 0.035809 0.269464 0.043242
v 0.038113 0.247404 0.026494
v 0.053487 0.254092 0.014738
v 0.038113 0.247404 0.026494
v 0.030542 0.281790 0.026223
v 0.033227 0.258203 0.009796
v 0.035809 0.269464 0.043242
v 0.030542 0.281790 0.026223
v 0.038113 0.247404 0.026494
v 0.074462 0.224056 0.077146
v 0.081198 0.211763 0.076181
v 0.081198 0.211763 0.076181
v 0.081198 0.211763 0.076181
v 0.073422 0.221883 0.083652
v 0.074462 0.224056 0.077146
v 0.079702 0.224375 0.082076
v 0.081198 0.211763 0.076181
v 0.081199 0.211763 0.076181
v 0.081198 0.211763 0.076181
v 0.079702 0.224375 0.082076
v 0.073422 0.221883 0.083652
v 0.079702 0.224375 0.082076
v 0.081199 0.211763 0.076181
v 0.081199 0.211763 0.076180
v 0.081199 0.211763 0.076180
v 0.080742 0.226549 0.075571
v 0.079702 0.224375 0.082076
v 0.081199 0.211763 0.076180
v 0.074462 0.224056 0.077146
v 0.080742 0.226549 0.075571
v 0.074462 0.224056 0.077146
v 0.081199 0.211763 0.076180
v 0.081198 0.211763 0.076181
v 0.069418 0.234240 0.078476
v 0.074462 0.224056 0.077146
v 0.073422 0.221883 0.083652
v 0.073422 0.221883 0.083652
v 0.067614 0.230870 0.089360
v 0.069418 0.234240 0.078476
v 0.078186 0.234585 0.086624
v 0.073422 0.221883 0.083652
v 0.079702 0.224375 0.082076
v 0.073422 0.221883 0.083652
v 0.078186 0.234585 0.086624
v 0.067614 0.230870 0.089360
v 0.078186 0.234585 0.086624
v 0.079702 0.224375 0.082076
v 0.080742 0.226549 0.075571
v 0.079991 0.237955 0.075740
v 0.078186 0.234585 0.086624
v 0.080742 0.226549 0.075571
v 0.080742 0.226549 0.075571
v 0.069418 0.234240 0.078476
v 0.079991 0.237955 0.075740
v 0.069418 0.234240 0.078476
v 0.080742 0.226549 0.075571
v 0.074462 0.224056 0.077146
v 0.065944 0.243217 0.079458
v 0.069418 0.234240 0.078476
v 0.067614 0.230870 0.089360
v 0.063327 0.240152 0.093731
v 0.065944 0.243217 0.079458
v 0.067614 0.230870 0.089360
v 0.077264 0.243464 0.089889
v 0.063327 0.240152 0.093731
v 0.078186 0.234585 0.086624
v 0.067614 0.230870 0.089360
v 0.078186 0.234585 0.086624
v 0.063327 0.240152 0.093731
v 0.079881 0.246529 0.075617
v 0.077264 0.243464 0.089889
v 0.079991 0.237955 0.075740
v 0.078186 0.234585 0.086624
v 0.079991 0.237955 0.075740
v 0.077264 0.243464 0.089889
v 0.079991 0.237955 0.075740
v 0.065944 0.243217 0.079458
v 0.079881 0.246529 0.075617
v 0.065944 0.243217 0.079458
v 0.079991 0.237955 0.075740
v 0.069418 0.234240 0.078476
v 0.063808 0.251503 0.079539
v 0.065944 0.243217 0.079458
v 0.063327 0.240152 0.093731
v 0.060375 0.250389 0.096720
v 0.063808 0.251503 0.079539
v 0.063327 0.240152 0.093731
v 0.077184 0.251971 0.091907
v 0.060375 0.250389 0.096720
v 0.077264 0.243464 0.089889
v 0.063327 0.240152 0.093731
v 0.077264 0.243464 0.089889
v 0.060375 0.250389 0.096720
v 0.080617 0.253085 0.074727
v 0.077184 0.251971 0.091907
v 0.079881 0.246529 0.075617
v 0.077264 0.243464 0.089889
v 0.079881 0.246529 0.075617
v 0.077184 0.251971 0.091907
v 0.079881 0.246529 0.075617
v 0.063808 0.251503 0.079539
v 0.080617 0.253085 0.074727
v 0.063808 0.251503 0.079539
v 0.079881 0.246529 0.075617
v 0.065944 0.243217 0.079458
v 0.058523 0.261364 0.098034
v 0.062605 0.259285 0.078427
v 0.060375 0.250389 0.096720
v 0.063808 0.251503 0.079539
v 0.060375 0.250389 0.096720
v 0.062605 0.259285 0.078427
v 0.077900 0.260886 0.092581
v 0.060375 0.250389 0.096720
v 0.077184 0.251971 0.091907
v 0.060375 0.250389 0.096720
v 0.077900 0.260886 0.092581
v 0.058523 0.261364 0.098034
v 0.081982 0.258807 0.072974
v 0.077900 0.260886 0.092581
v 0.080617 0.253085 0.074727
v 0.077184 0.251971 0.091907
v 0.080617 0.253085 0.074727
v 0.077900 0.260886 0.092581
v 0.062605 0.259285 0.078427
v 0.080617 0.253085 0.074727
v 0.063808 0.251503 0.079539
v 0.080617 0.253085 0.074727
v 0.062605 0.259285 0.078427
v 0.081982 0.258807 0.072974
v 0.057188 0.272341 0.097579
v 0.061795 0.266535 0.076132
v 0.058523 0.261364 0.098034
v 0.062605 0.259285 0.078427
v 0.058523 0.261364 0.098034
v 0.061795 0.266535 0.076132
v 0.079027 0.270697 0.091641
v 0.058523 0.261364 0.098034
v 0.077900 0.260886 0.092581
v 0.058523 0.261364 0.098034
v 0.079027 0.270697 0.091641
v 0.057188 0.272341 0.097579
v 0.079027 0.270697 0.091641
v 0.077900 0.260886 0.092581
v 0.081982 0.258807 0.072974
v 0.083634 0.264892 0.070194
v 0.079027 0.270697 0.091641
v 0.081982 0.258807 0.072974
v 0.061795 0.266535 0.076132
v 0.081982 0.258807 0.072974
v 0.062605 0.259285 0.078427
v 0.081982 0.258807 0.072974
v 0.061795 0.266535 0.076132
v 0.083634 0.264892 0.070194
v 0.055637 0.282552 0.095516
v 0.060842 0.273062 0.072935
v 0.057188 0.272341 0.097579
v 0.061795 0.266535 0.076132
v 0.057188 0.272341 0.097579
v 0.060842 0.273062 0.072935
v 0.079705 0.281551 0.088677
v 0.057188 0.272341 0.097579
v 0.079027 0.270697 0.091641
v 0.057188 0.272341 0.097579
v 0.079705 0.281551 0.088677
v 0.055637 0.282552 0.095516
v 0.079705 0.281551 0.088677
v 0.079027 0.270697 0.091641
v 0.083634 0.264892 0.070194
v 0.084910 0.272061 0.066096
v 0.079705 0.281551 0.088677
v 0.083634 0.264892 0.070194
v 0.060842 0.273062 0.072935
v 0.084910 0.272061 0.066096
v 0.061795 0.266535 0.076132
v 0.083634 0.264892 0.070194
v 0.061795 0.266535 0.076132
v 0.084910 0.272061 0.066096
v 0.053307 0.291537 0.091919
v 0.060842 0.273062 0.072935
v 0.055637 0.282552 0.095516
v 0.060842 0.273062 0.072935
v 0.053307 0.291537 0.091919
v 0.059343 0.278687 0.069281
v 0.078535 0.293047 0.083241
v 0.055637 0.282552 0.095516
v 0.079705 0.281551 0.088677
v 0.055637 0.282552 0.095516
v 0.078535 0.293047 0.083241
v 0.053307 0.291537 0.091919
v 0.078535 0.293047 0.083241
v 0.079705 0.281551 0.088677
v 0.084910 0.272061 0.066096
v 0.084571 0.280197 0.060603
v 0.078535 0.293047 0.083241
v 0.084910 0.272061 0.066096
v 0.059343 0.278687 0.069281
v 0.084571 0.280197 0.060603
v 0.060842 0.273062 0.072935
v 0.084910 0.272061 0.066096
v 0.060842 0.273062 0.072935
v 0.084571 0.280197 0.060603
v 0.049784 0.299158 0.086452
v 0.059343 0.278687 0.069281
v 0.053307 0.291537 0.091919
v 0.059343 0.278687 0.069281
v 0.049784 0.299158 0.086452
v 0.057185 0.283269 0.065552
v 0.074115 0.303878 0.075060
v 0.053307 0.291537 0.091919
v 0.078535 0.293047 0.083241
v 0.053307 0.291537 0.091919
v 0.074115 0.303878 0.075060
v 0.049784 0.299158 0.086452
v 0.084571 0.280197 0.060603
v 0.074115 0.303878 0.075060
v 0.078535 0.293047 0.083241
v 0.081516 0.287989 0.054159
v 0.074115 0.303878 0.075060
v 0.084571 0.280197 0.060603
v 0.057185 0.283269 0.065552
v 0.081516 0.287989 0.054159
v 0.059343 0.278687 0.069281
v 0.084571 0.280197 0.060603
v 0.059343 0.278687 0.069281
v 0.081516 0.287989 0.054159
v 0.044501 0.304733 0.078488
v 0.057185 0.283269 0.065552
v 0.049784 0.299158 0.086452
v 0.057185 0.283269 0.065552
v 0.044501 0.304733 0.078488
v 0.054565 0.286553 0.061964
v 0.065725 0.311658 0.064122
v 0.049784 0.299158 0.086452
v 0.074115 0.303878 0.075060
v 0.049784 0.299158 0.086452
v 0.065725 0.311658 0.064122
v 0.044501 0.304733 0.078488
v 0.065725 0.311658 0.064122
v 0.081516 0.287989 0.054159
v 0.075789 0.293479 0.047597
v 0.081516 0.287989 0.054159
v 0.065725 0.311658 0.064122
v 0.074115 0.303878 0.075060
v 0.075789 0.293479 0.047597
v 0.057185 0.283269 0.065552
v 0.054565 0.286553 0.061964
v 0.081516 0.287989 0.054159
v 0.057185 0.283269 0.065552
v 0.075789 0.293479 0.047597
v 0.037062 0.305930 0.067742
v 0.054565 0.286553 0.061964
v 0.044501 0.304733 0.078488
v 0.054565 0.286553 0.061964
v 0.037062 0.305930 0.067742
v 0.051322 0.288254 0.058049
v 0.037062 0.305930 0.067742
v 0.065725 0.311658 0.064122
v 0.054054 0.312802 0.051196
v 0.065725 0.311658 0.064122
v 0.037062 0.305930 0.067742
v 0.044501 0.304733 0.078488
v 0.068314 0.295126 0.041503
v 0.065725 0.311658 0.064122
v 0.075789 0.293479 0.047597
v 0.065725 0.311658 0.064122
v 0.068314 0.295126 0.041503
v 0.054054 0.312802 0.051196
v 0.068314 0.295126 0.041503
v 0.054565 0.286553 0.061964
v 0.051322 0.288254 0.058049
v 0.075789 0.293479 0.047597
v 0.054565 0.286553 0.061964
v 0.068314 0.295126 0.041503
v 0.046165 0.286236 0.052039
v 0.037062 0.305930 0.067742
v 0.028469 0.299222 0.055287
v 0.051322 0.288254 0.058049
v 0.037062 0.305930 0.067742
v 0.046165 0.286236 0.052039
v 0.028469 0.299222 0.055287
v 0.054054 0.312802 0.051196
v 0.041973 0.304349 0.038445
v 0.054054 0.312802 0.051196
v 0.028469 0.299222 0.055287
v 0.037062 0.305930 0.067742
v 0.054054 0.312802 0.051196
v 0.059669 0.291364 0.035197
v 0.041973 0.304349 0.038445
v 0.059669 0.291364 0.035197
v 0.054054 0.312802 0.051196
v 0.068314 0.295126 0.041503
v 0.046165 0.286236 0.052039
v 0.068314 0.295126 0.041503
v 0.051322 0.288254 0.058049
v 0.068314 0.295126 0.041503
v 0.046165 0.286236 0.052039
v 0.059669 0.291364 0.035197
v 0.020614 0.282006 0.042860
v 0.046165 0.286236 0.052039
v 0.028469 0.299222 0.055287
v 0.046165 0.286236 0.052039
v 0.020614 0.282006 0.042860
v 0.039112 0.274860 0.043193
v 0.020614 0.282006 0.042860
v 0.041973 0.304349 0.038445
v 0.032099 0.285616 0.027099
v 0.028469 0.299222 0.055287
v 0.041973 0.304349 0.038445
v 0.020614 0.282006 0.042860
v 0.050598 0.278470 0.027431
v 0.041973 0.304349 0.038445
v 0.059669 0.291364 0.035197
v 0.041973 0.304349 0.038445
v 0.050598 0.278470 0.027431
v 0.032099 0.285616 0.027099
v 0.039112 0.274860 0.043193
v 0.059669 0.291364 0.035197
v 0.046165 0.286236 0.052039
v 0.059669 0.291364 0.035197
v 0.039112 0.274860 0.043193
v 0.050598 0.278470 0.027431
v 0.014549 0.251549 0.031250
v 0.039112 0.274860 0.043193
v 0.020614 0.282006 0.042860
v 0.039112 0.274860 0.043193
v 0.014549 0.251549 0.031250
v 0.032983 0.248663 0.033071
v 0.014549 0.251549 0.031250
v 0.032099 0.285616 0.027099
v 0.025297 0.254516 0.016179
v 0.032099 0.285616 0.027099
v 0.014549 0.251549 0.031250
v 0.020614 0.282006 0.042860
v 0.050598 0.278470 0.027431
v 0.025297 0.254516 0.016179
v 0.032099 0.285616 0.027099
v 0.025297 0.254516 0.016179
v 0.050598 0.278470 0.027431
v 0.043731 0.251630 0.018000
v 0.050598 0.278470 0.027431
v 0.032983 0.248663 0.033071
v 0.043731 0.251630 0.018000
v 0.032983 0.248663 0.033071
v 0.050598 0.278470 0.027431
v 0.039112 0.274860 0.043193
v 0.054401 0.219226 0.097620
v 0.046143 0.231754 0.099732
v 0.049771 0.232253 0.093840
v 0.046143 0.231754 0.099732
v 0.054401 0.219226 0.097620
v 0.054401 0.219226 0.097620
v 0.052890 0.233281 0.100249
v 0.054401 0.219226 0.097620
v 0.054401 0.219226 0.097620
v 0.054401 0.219226 0.097620
v 0.052890 0.233281 0.100249
v 0.046143 0.231754 0.099732
v 0.052890 0.233281 0.100249
v 0.054401 0.219226 0.097620
v 0.054402 0.219226 0.097620
v 0.054402 0.219226 0.097620
v 0.056519 0.233780 0.094357
v 0.052890 0.233281 0.100249
v 0.054402 0.219226 0.097620
v 0.049771 0.232253 0.093840
v 0.056519 0.233780 0.094357
v 0.049771 0.232253 0.093840
v 0.054402 0.219226 0.097620
v 0.054401 0.219226 0.097620
v 0.049771 0.232253 0.093840
v 0.040112 0.243003 0.100779
v 0.046215 0.243490 0.091002
v 0.040112 0.243003 0.100779
v 0.049771 0.232253 0.093840
v 0.046143 0.231754 0.099732
v 0.046143 0.231754 0.099732
v 0.051403 0.245196 0.101659
v 0.040112 0.243003 0.100779
v 0.051403 0.245196 0.101659
v 0.046143 0.231754 0.099732
v 0.052890 0.233281 0.100249
v 0.051403 0.245196 0.101659
v 0.052890 0.233281 0.100249
v 0.056519 0.233780 0.094357
v 0.057506 0.245683 0.091882
v 0.051403 0.245196 0.101659
v 0.056519 0.233780 0.094357
v 0.056519 0.233780 0.094357
v 0.046215 0.243490 0.091002
v 0.057506 0.245683 0.091882
v 0.046215 0.243490 0.091002
v 0.056519 0.233780 0.094357
v 0.049771 0.232253 0.093840
v 0.046215 0.243490 0.091002
v 0.035862 0.253706 0.101223
v 0.043828 0.253537 0.088714
v 0.035862 0.253706 0.101223
v 0.046215 0.243490 0.091002
v 0.040112 0.243003 0.100779
v 0.050542 0.255428 0.102438
v 0.040112 0.243003 0.100779
v 0.051403 0.245196 0.101659
v 0.040112 0.243003 0.100779
v 0.050542 0.255428 0.102438
v 0.035862 0.253706 0.101223
v 0.050542 0.255428 0.102438
v 0.051403 0.245196 0.101659
v 0.057506 0.245683 0.091882
v 0.058508 0.255260 0.089929
v 0.050542 0.255428 0.102438
v 0.057506 0.245683 0.091882
v 0.057506 0.245683 0.091882
v 0.043828 0.253537 0.088714
v 0.058508 0.255260 0.089929
v 0.043828 0.253537 0.088714
v 0.057506 0.245683 0.091882
v 0.046215 0.243490 0.091002
v 0.043828 0.253537 0.088714
v 0.033133 0.264338 0.101248
v 0.042643 0.262673 0.086587
v 0.033133 0.264338 0.101248
v 0.043828 0.253537 0.088714
v 0.035862 0.253706 0.101223
v 0.050612 0.264540 0.102868
v 0.035862 0.253706 0.101223
v 0.050542 0.255428 0.102438
v 0.035862 0.253706 0.101223
v 0.050612 0.264540 0.102868
v 0.033133 0.264338 0.101248
v 0.050612 0.264540 0.102868
v 0.050542 0.255428 0.102438
v 0.058508 0.255260 0.089929
v 0.060123 0.262875 0.088207
v 0.050612 0.264540 0.102868
v 0.058508 0.255260 0.089929
v 0.058508 0.255260 0.089929
v 0.042643 0.262673 0.086587
v 0.060123 0.262875 0.088207
v 0.042643 0.262673 0.086587
v 0.058508 0.255260 0.089929
v 0.043828 0.253537 0.088714
v 0.031776 0.275084 0.100741
v 0.042554 0.270883 0.084261
v 0.033133 0.264338 0.101248
v 0.042643 0.262673 0.086587
v 0.033133 0.264338 0.101248
v 0.042554 0.270883 0.084261
v 0.051703 0.273175 0.102913
v 0.033133 0.264338 0.101248
v 0.050612 0.264540 0.102868
v 0.033133 0.264338 0.101248
v 0.051703 0.273175 0.102913
v 0.031776 0.275084 0.100741
v 0.050612 0.264540 0.102868
v 0.062480 0.268973 0.086432
v 0.051703 0.273175 0.102913
v 0.062480 0.268973 0.086432
v 0.050612 0.264540 0.102868
v 0.060123 0.262875 0.088207
v 0.042554 0.270883 0.084261
v 0.060123 0.262875 0.088207
v 0.042643 0.262673 0.086587
v 0.060123 0.262875 0.088207
v 0.042554 0.270883 0.084261
v 0.062480 0.268973 0.086432
v 0.031583 0.285780 0.099296
v 0.043225 0.277923 0.081473
v 0.031776 0.275084 0.100741
v 0.042554 0.270883 0.084261
v 0.031776 0.275084 0.100741
v 0.043225 0.277923 0.081473
v 0.031776 0.275084 0.100741
v 0.053774 0.281986 0.102137
v 0.031583 0.285780 0.099296
v 0.053774 0.281986 0.102137
v 0.031776 0.275084 0.100741
v 0.051703 0.273175 0.102913
v 0.051703 0.273175 0.102913
v 0.065415 0.274130 0.084315
v 0.053774 0.281986 0.102137
v 0.065415 0.274130 0.084315
v 0.051703 0.273175 0.102913
v 0.062480 0.268973 0.086432
v 0.043225 0.277923 0.081473
v 0.062480 0.268973 0.086432
v 0.042554 0.270883 0.084261
v 0.062480 0.268973 0.086432
v 0.043225 0.277923 0.081473
v 0.065415 0.274130 0.084315
v 0.044159 0.283542 0.078175
v 0.031583 0.285780 0.099296
v 0.032178 0.295953 0.096326
v 0.043225 0.277923 0.081473
v 0.031583 0.285780 0.099296
v 0.044159 0.283542 0.078175
v 0.031583 0.285780 0.099296
v 0.056587 0.291426 0.099601
v 0.032178 0.295953 0.096326
v 0.056587 0.291426 0.099601
v 0.031583 0.285780 0.099296
v 0.053774 0.281986 0.102137
v 0.053774 0.281986 0.102137
v 0.068569 0.279015 0.081450
v 0.056587 0.291426 0.099601
v 0.068569 0.279015 0.081450
v 0.053774 0.281986 0.102137
v 0.065415 0.274130 0.084315
v 0.044159 0.283542 0.078175
v 0.065415 0.274130 0.084315
v 0.043225 0.277923 0.081473
v 0.065415 0.274130 0.084315
v 0.044159 0.283542 0.078175
v 0.068569 0.279015 0.081450
v 0.044984 0.287924 0.074439
v 0.032178 0.295953 0.096326
v 0.033190 0.305150 0.091119
v 0.032178 0.295953 0.096326
v 0.044984 0.287924 0.074439
v 0.044159 0.283542 0.078175
v 0.033190 0.305150 0.091119
v 0.032178 0.295953 0.096326
v 0.056587 0.291426 0.099601
v 0.059468 0.301243 0.093989
v 0.033190 0.305150 0.091119
v 0.056587 0.291426 0.099601
v 0.056587 0.291426 0.099601
v 0.071262 0.284017 0.077309
v 0.059468 0.301243 0.093989
v 0.071262 0.284017 0.077309
v 0.056587 0.291426 0.099601
v 0.068569 0.279015 0.081450
v 0.044984 0.287924 0.074439
v 0.068569 0.279015 0.081450
v 0.044159 0.283542 0.078175
v 0.068569 0.279015 0.081450
v 0.044984 0.287924 0.074439
v 0.071262 0.284017 0.077309
v 0.045646 0.291532 0.070148
v 0.033190 0.305150 0.091119
v 0.034479 0.312991 0.082753
v 0.033190 0.305150 0.091119
v 0.045646 0.291532 0.070148
v 0.044984 0.287924 0.074439
v 0.061552 0.310103 0.084428
v 0.034479 0.312991 0.082753
v 0.059468 0.301243 0.093989
v 0.033190 0.305150 0.091119
v 0.059468 0.301243 0.093989
v 0.034479 0.312991 0.082753
v 0.059468 0.301243 0.093989
v 0.072719 0.288644 0.071823
v 0.061552 0.310103 0.084428
v 0.072719 0.288644 0.071823
v 0.059468 0.301243 0.093989
v 0.071262 0.284017 0.077309
v 0.071262 0.284017 0.077309
v 0.045646 0.291532 0.070148
v 0.072719 0.288644 0.071823
v 0.045646 0.291532 0.070148
v 0.071262 0.284017 0.077309
v 0.044984 0.287924 0.074439
v 0.046241 0.294320 0.065024
v 0.034479 0.312991 0.082753
v 0.035977 0.318234 0.070277
v 0.034479 0.312991 0.082753
v 0.046241 0.294320 0.065024
v 0.045646 0.291532 0.070148
v 0.062409 0.315835 0.070952
v 0.035977 0.318234 0.070277
v 0.061552 0.310103 0.084428
v 0.034479 0.312991 0.082753
v 0.061552 0.310103 0.084428
v 0.035977 0.318234 0.070277
v 0.072672 0.291921 0.065699
v 0.061552 0.310103 0.084428
v 0.072719 0.288644 0.071823
v 0.061552 0.310103 0.084428
v 0.072672 0.291921 0.065699
v 0.062409 0.315835 0.070952
v 0.046241 0.294320 0.065024
v 0.072719 0.288644 0.071823
v 0.045646 0.291532 0.070148
v 0.072719 0.288644 0.071823
v 0.046241 0.294320 0.065024
v 0.072672 0.291921 0.065699
v 0.035977 0.318234 0.070277
v 0.046881 0.295450 0.058425
v 0.046241 0.294320 0.065024
v 0.037635 0.317898 0.053914
v 0.046881 0.295450 0.058425
v 0.035977 0.318234 0.070277
v 0.037635 0.317898 0.053914
v 0.035977 0.318234 0.070277
v 0.062409 0.315835 0.070952
v 0.062212 0.315662 0.054757
v 0.037635 0.317898 0.053914
v 0.062409 0.315835 0.070952
v 0.071458 0.293214 0.059268
v 0.062409 0.315835 0.070952
v 0.072672 0.291921 0.065699
v 0.062409 0.315835 0.070952
v 0.071458 0.293214 0.059268
v 0.062212 0.315662 0.054757
v 0.071458 0.293214 0.059268
v 0.046241 0.294320 0.065024
v 0.046881 0.295450 0.058425
v 0.046241 0.294320 0.065024
v 0.071458 0.293214 0.059268
v 0.072672 0.291921 0.065699
v 0.047739 0.292297 0.049097
v 0.046881 0.295450 0.058425
v 0.037635 0.317898 0.053914
v 0.039647 0.308695 0.036530
v 0.047739 0.292297 0.049097
v 0.037635 0.317898 0.053914
v 0.037635 0.317898 0.053914
v 0.061701 0.307200 0.038446
v 0.039647 0.308695 0.036530
v 0.061701 0.307200 0.038446
v 0.037635 0.317898 0.053914
v 0.062212 0.315662 0.054757
v 0.069793 0.290801 0.051013
v 0.062212 0.315662 0.054757
v 0.071458 0.293214 0.059268
v 0.062212 0.315662 0.054757
v 0.069793 0.290801 0.051013
v 0.061701 0.307200 0.038446
v 0.069793 0.290801 0.051013
v 0.046881 0.295450 0.058425
v 0.047739 0.292297 0.049097
v 0.046881 0.295450 0.058425
v 0.069793 0.290801 0.051013
v 0.071458 0.293214 0.059268
v 0.042348 0.289246 0.021193
v 0.047739 0.292297 0.049097
v 0.039647 0.308695 0.036530
v 0.047739 0.292297 0.049097
v 0.042348 0.289246 0.021193
v 0.049237 0.279843 0.037240
v 0.042348 0.289246 0.021193
v 0.061701 0.307200 0.038446
v 0.061987 0.289059 0.023960
v 0.061701 0.307200 0.038446
v 0.042348 0.289246 0.021193
v 0.039647 0.308695 0.036530
v 0.061701 0.307200 0.038446
v 0.068876 0.279656 0.040006
v 0.061987 0.289059 0.023960
v 0.068876 0.279656 0.040006
v 0.061701 0.307200 0.038446
v 0.069793 0.290801 0.051013
v 0.049237 0.279843 0.037240
v 0.069793 0.290801 0.051013
v 0.047739 0.292297 0.049097
v 0.069793 0.290801 0.051013
v 0.049237 0.279843 0.037240
v 0.068876 0.279656 0.040006
v 0.052123 0.253019 0.025544
v 0.042348 0.289246 0.021193
v 0.046034 0.257435 0.008372
v 0.042348 0.289246 0.021193
v 0.052123 0.253019 0.025544
v 0.049237 0.279843 0.037240
v 0.046034 0.257435 0.008372
v 0.061987 0.289059 0.023960
v 0.064479 0.258509 0.011548
v 0.061987 0.289059 0.023960
v 0.046034 0.257435 0.008372
v 0.042348 0.289246 0.021193
v 0.061987 0.289059 0.023960
v 0.070568 0.254093 0.028719
v 0.064479 0.258509 0.011548
v 0.070568 0.254093 0.028719
v 0.061987 0.289059 0.023960
v 0.068876 0.279656 0.040006
v 0.052123 0.253019 0.025544
v 0.068876 0.279656 0.040006
v 0.049237 0.279843 0.037240
v 0.068876 0.279656 0.040006
v 0.052123 0.253019 0.025544
v 0.070568 0.254093 0.028719
v -0.077381 0.157429 0.048706
v -0.079551 0.167766 0.036094
v -0.076962 0.170572 0.041260
v -0.077381 0.157429 0.048706
v -0.076962 0.170572 0.041260
v -0.077381 0.157429 0.048706
v -0.083430 0.168962 0.041073
v -0.077381 0.157429 0.048706
v -0.077382 0.157429 0.048706
v -0.077381 0.157429 0.048706
v -0.083430 0.168962 0.041073
v -0.079551 0.167766 0.036094
v -0.083430 0.168962 0.041073
v -0.077381 0.157429 0.048707
v -0.080841 0.171769 0.046239
v -0.077381 0.157429 0.048707
v -0.083430 0.168962 0.041073
v -0.077382 0.157429 0.048706
v -0.077381 0.157429 0.048707
v -0.076962 0.170572 0.041260
v -0.080841 0.171769 0.046239
v -0.076962 0.170572 0.041260
v -0.077381 0.157429 0.048707
v -0.077381 0.157429 0.048706
v -0.076962 0.170572 0.041260
v -0.082651 0.180934 0.028551
v -0.077647 0.183630 0.038099
v -0.082651 0.180934 0.028551
v -0.076962 0.170572 0.041260
v -0.079551 0.167766 0.036094
v -0.088824 0.180795 0.037790
v -0.079551 0.167766 0.036094
v -0.083430 0.168962 0.041073
v -0.079551 0.167766 0.036094
v -0.088824 0.180795 0.037790
v -0.082651 0.180934 0.028551
v -0.088824 0.180795 0.037790
v -0.083430 0.168962 0.041073
v -0.080841 0.171769 0.046239
v -0.083820 0.183490 0.047338
v -0.088824 0.180795 0.037790
v -0.080841 0.171769 0.046239
v -0.080841 0.171769 0.046239
v -0.077647 0.183630 0.038099
v -0.083820 0.183490 0.047338
v -0.077647 0.183630 0.038099
v -0.080841 0.171769 0.046239
v -0.076962 0.170572 0.041260
v -0.077647 0.183630 0.038099
v -0.086097 0.194833 0.024730
v -0.078971 0.196544 0.037564
v -0.086097 0.194833 0.024730
v -0.077647 0.183630 0.038099
v -0.082651 0.180934 0.028551
v -0.082651 0.180934 0.028551
v -0.093842 0.192799 0.037151
v -0.086097 0.194833 0.024730
v -0.093842 0.192799 0.037151
v -0.082651 0.180934 0.028551
v -0.088824 0.180795 0.037790
v -0.093842 0.192799 0.037151
v -0.088824 0.180795 0.037790
v -0.083820 0.183490 0.047338
v -0.086717 0.194510 0.049985
v -0.093842 0.192799 0.037151
v -0.083820 0.183490 0.047338
v -0.083820 0.183490 0.047338
v -0.078971 0.196544 0.037564
v -0.086717 0.194510 0.049985
v -0.078971 0.196544 0.037564
v -0.083820 0.183490 0.047338
v -0.077647 0.183630 0.038099
v -0.078971 0.196544 0.037564
v -0.089368 0.208267 0.022839
v -0.080441 0.209151 0.038347
v -0.089368 0.208267 0.022839
v -0.078971 0.196544 0.037564
v -0.086097 0.194833 0.024730
v -0.086097 0.194833 0.024730
v -0.098550 0.204946 0.037860
v -0.089368 0.208267 0.022839
v -0.098550 0.204946 0.037860
v -0.086097 0.194833 0.024730
v -0.093842 0.192799 0.037151
v -0.098550 0.204946 0.037860
v -0.093842 0.192799 0.037151
v -0.086717 0.194510 0.049985
v -0.089623 0.205831 0.053368
v -0.098550 0.204946 0.037860
v -0.086717 0.194510 0.049985
v -0.089623 0.205831 0.053368
v -0.086717 0.194510 0.049985
v -0.078971 0.196544 0.037564
v -0.080441 0.209151 0.038347
v -0.089623 0.205831 0.053368
v -0.078971 0.196544 0.037564
v -0.080441 0.209151 0.038347
v -0.092066 0.220879 0.021575
v -0.081557 0.221182 0.039506
v -0.092066 0.220879 0.021575
v -0.080441 0.209151 0.038347
v -0.089368 0.208267 0.022839
v -0.089368 0.208267 0.022839
v -0.102777 0.217303 0.039026
v -0.092066 0.220879 0.021575
v -0.102777 0.217303 0.039026
v -0.089368 0.208267 0.022839
v -0.098550 0.204946 0.037860
v -0.102777 0.217303 0.039026
v -0.098550 0.204946 0.037860
v -0.089623 0.205831 0.053368
v -0.092268 0.217606 0.056957
v -0.102777 0.217303 0.039026
v -0.089623 0.205831 0.053368
v -0.081557 0.221182 0.039506
v -0.092268 0.217606 0.056957
v -0.080441 0.209151 0.038347
v -0.089623 0.205831 0.053368
v -0.080441 0.209151 0.038347
v -0.092268 0.217606 0.056957
v -0.081857 0.232231 0.040487
v -0.081557 0.221182 0.039506
v -0.092066 0.220879 0.021575
v -0.093813 0.232709 0.020347
v -0.081857 0.232231 0.040487
v -0.092066 0.220879 0.021575
v -0.092066 0.220879 0.021575
v -0.106076 0.230068 0.040133
v -0.093813 0.232709 0.020347
v -0.106076 0.230068 0.040133
v -0.092066 0.220879 0.021575
v -0.102777 0.217303 0.039026
v -0.106076 0.230068 0.040133
v -0.102777 0.217303 0.039026
v -0.092268 0.217606 0.056957
v -0.094119 0.229590 0.060273
v -0.106076 0.230068 0.040133
v -0.092268 0.217606 0.056957
v -0.081857 0.232231 0.040487
v -0.092268 0.217606 0.056957
v -0.081557 0.221182 0.039506
v -0.092268 0.217606 0.056957
v -0.081857 0.232231 0.040487
v -0.094119 0.229590 0.060273
v -0.094147 0.244121 0.019208
v -0.081033 0.241787 0.041130
v -0.093813 0.232709 0.020347
v -0.081857 0.232231 0.040487
v -0.093813 0.232709 0.020347
v -0.081033 0.241787 0.041130
v -0.093813 0.232709 0.020347
v -0.107602 0.243536 0.041040
v -0.094147 0.244121 0.019208
v -0.107602 0.243536 0.041040
v -0.093813 0.232709 0.020347
v -0.106076 0.230068 0.040133
v -0.107602 0.243536 0.041040
v -0.106076 0.230068 0.040133
v -0.094119 0.229590 0.060273
v -0.094488 0.241202 0.062962
v -0.107602 0.243536 0.041040
v -0.094119 0.229590 0.060273
v -0.081033 0.241787 0.041130
v -0.094119 0.229590 0.060273
v -0.081857 0.232231 0.040487
v -0.094119 0.229590 0.060273
v -0.081033 0.241787 0.041130
v -0.094488 0.241202 0.062962
v -0.092239 0.255783 0.018803
v -0.079089 0.249601 0.041616
v -0.094147 0.244121 0.019208
v -0.081033 0.241787 0.041130
v -0.094147 0.244121 0.019208
v -0.079089 0.249601 0.041616
v -0.105960 0.257732 0.042031
v -0.092239 0.255783 0.018803
v -0.107602 0.243536 0.041040
v -0.094147 0.244121 0.019208
v -0.107602 0.243536 0.041040
v -0.092239 0.255783 0.018803
v -0.107602 0.243536 0.041040
v -0.092810 0.251549 0.064844
v -0.105960 0.257732 0.042031
v -0.092810 0.251549 0.064844
v -0.107602 0.243536 0.041040
v -0.094488 0.241202 0.062962
v -0.079089 0.249601 0.041616
v -0.094488 0.241202 0.062962
v -0.081033 0.241787 0.041130
v -0.094488 0.241202 0.062962
v -0.079089 0.249601 0.041616
v -0.092810 0.251549 0.064844
v -0.086649 0.267953 0.020444
v -0.076000 0.256498 0.042424
v -0.092239 0.255783 0.018803
v -0.079089 0.249601 0.041616
v -0.092239 0.255783 0.018803
v -0.076000 0.256498 0.042424
v -0.099539 0.271598 0.043859
v -0.086649 0.267953 0.020444
v -0.105960 0.257732 0.042031
v -0.092239 0.255783 0.018803
v -0.105960 0.257732 0.042031
v -0.086649 0.267953 0.020444
v -0.105960 0.257732 0.042031
v -0.088891 0.260143 0.065839
v -0.099539 0.271598 0.043859
v -0.088891 0.260143 0.065839
v -0.105960 0.257732 0.042031
v -0.092810 0.251549 0.064844
v -0.076000 0.256498 0.042424
v -0.092810 0.251549 0.064844
v -0.079089 0.249601 0.041616
v -0.092810 0.251549 0.064844
v -0.076000 0.256498 0.042424
v -0.088891 0.260143 0.065839
v -0.070557 0.264340 0.044616
v -0.086649 0.267953 0.020444
v -0.076236 0.279370 0.026024
v -0.076000 0.256498 0.042424
v -0.086649 0.267953 0.020444
v -0.070557 0.264340 0.044616
v -0.087676 0.283035 0.047460
v -0.086649 0.267953 0.020444
v -0.099539 0.271598 0.043859
v -0.086649 0.267953 0.020444
v -0.087676 0.283035 0.047460
v -0.076236 0.279370 0.026024
v -0.099539 0.271598 0.043859
v -0.081997 0.268005 0.066053
v -0.087676 0.283035 0.047460
v -0.081997 0.268005 0.066053
v -0.099539 0.271598 0.043859
v -0.088891 0.260143 0.065839
v -0.070557 0.264340 0.044616
v -0.088891 0.260143 0.065839
v -0.076000 0.256498 0.042424
v -0.088891 0.260143 0.065839
v -0.070557 0.264340 0.044616
v -0.081997 0.268005 0.066053
v -0.060539 0.274282 0.050130
v -0.076236 0.279370 0.026024
v -0.061409 0.288068 0.037455
v -0.070557 0.264340 0.044616
v -0.076236 0.279370 0.026024
v -0.060539 0.274282 0.050130
v -0.061409 0.288068 0.037455
v -0.076236 0.279370 0.026024
v -0.087676 0.283035 0.047460
v -0.061409 0.288068 0.037455
v -0.087676 0.283035 0.047460
v -0.070473 0.290639 0.053663
v -0.069603 0.276853 0.066338
v -0.087676 0.283035 0.047460
v -0.081997 0.268005 0.066053
v -0.087676 0.283035 0.047460
v -0.069603 0.276853 0.066338
v -0.070473 0.290639 0.053663
v -0.069603 0.276853 0.066338
v -0.070557 0.264340 0.044616
v -0.060539 0.274282 0.050130
v -0.081997 0.268005 0.066053
v -0.070557 0.264340 0.044616
v -0.069603 0.276853 0.066338
v 0.080936 0.160570 0.036665
v 0.082368 0.169969 0.045991
v 0.081596 0.171754 0.041601
v 0.080936 0.160570 0.036665
v 0.081596 0.171754 0.041601
v 0.080936 0.160570 0.036665
v 0.080936 0.160570 0.036665
v 0.086110 0.170159 0.042988
v 0.082368 0.169969 0.045991
v 0.086110 0.170159 0.042988
v 0.080936 0.160570 0.036665
v 0.080936 0.160570 0.036665
v 0.086110 0.170159 0.042988
v 0.080936 0.160570 0.036665
v 0.085338 0.171944 0.038597
v 0.080936 0.160570 0.036665
v 0.086110 0.170159 0.042988
v 0.080936 0.160570 0.036665
v 0.080936 0.160570 0.036665
v 0.081596 0.171754 0.041601
v 0.085338 0.171944 0.038597
v 0.081596 0.171754 0.041601
v 0.080936 0.160570 0.036665
v 0.080936 0.160570 0.036665
v 0.082368 0.169969 0.045991
v 0.083807 0.181998 0.051699
v 0.081942 0.183087 0.043223
v 0.082368 0.169969 0.045991
v 0.081942 0.183087 0.043223
v 0.081596 0.171754 0.041601
v 0.083807 0.181998 0.051699
v 0.082368 0.169969 0.045991
v 0.086110 0.170159 0.042988
v 0.086110 0.170159 0.042988
v 0.090397 0.181278 0.045992
v 0.083807 0.181998 0.051699
v 0.090397 0.181278 0.045992
v 0.086110 0.170159 0.042988
v 0.085338 0.171944 0.038597
v 0.088531 0.182367 0.037517
v 0.090397 0.181278 0.045992
v 0.085338 0.171944 0.038597
v 0.085338 0.171944 0.038597
v 0.081942 0.183087 0.043223
v 0.088531 0.182367 0.037517
v 0.081942 0.183087 0.043223
v 0.085338 0.171944 0.038597
v 0.081596 0.171754 0.041601
v 0.082064 0.194593 0.042346
v 0.081942 0.183087 0.043223
v 0.083807 0.181998 0.051699
v 0.085080 0.195427 0.054228
v 0.082064 0.194593 0.042346
v 0.083807 0.181998 0.051699
v 0.085080 0.195427 0.054228
v 0.083807 0.181998 0.051699
v 0.090397 0.181278 0.045992
v 0.090397 0.181278 0.045992
v 0.094135 0.193204 0.046225
v 0.085080 0.195427 0.054228
v 0.094135 0.193204 0.046225
v 0.090397 0.181278 0.045992
v 0.088531 0.182367 0.037517
v 0.091118 0.192370 0.034343
v 0.094135 0.193204 0.046225
v 0.088531 0.182367 0.037517
v 0.091118 0.192370 0.034343
v 0.088531 0.182367 0.037517
v 0.081942 0.183087 0.043223
v 0.082064 0.194593 0.042346
v 0.091118 0.192370 0.034343
v 0.081942 0.183087 0.043223
v 0.081922 0.206135 0.039644
v 0.082064 0.194593 0.042346
v 0.085080 0.195427 0.054228
v 0.086046 0.209237 0.054461
v 0.081922 0.206135 0.039644
v 0.085080 0.195427 0.054228
v 0.085080 0.195427 0.054228
v 0.097483 0.205461 0.044405
v 0.086046 0.209237 0.054461
v 0.097483 0.205461 0.044405
v 0.085080 0.195427 0.054228
v 0.094135 0.193204 0.046225
v 0.097483 0.205461 0.044405
v 0.094135 0.193204 0.046225
v 0.091118 0.192370 0.034343
v 0.093358 0.202358 0.029588
v 0.097483 0.205461 0.044405
v 0.091118 0.192370 0.034343
v 0.093358 0.202358 0.029588
v 0.091118 0.192370 0.034343
v 0.082064 0.194593 0.042346
v 0.081922 0.206135 0.039644
v 0.093358 0.202358 0.029588
v 0.082064 0.194593 0.042346
v 0.086530 0.222681 0.053372
v 0.081384 0.217421 0.035818
v 0.086046 0.209237 0.054461
v 0.081922 0.206135 0.039644
v 0.086046 0.209237 0.054461
v 0.081384 0.217421 0.035818
v 0.086046 0.209237 0.054461
v 0.100375 0.217804 0.041256
v 0.086530 0.222681 0.053372
v 0.100375 0.217804 0.041256
v 0.086046 0.209237 0.054461
v 0.097483 0.205461 0.044405
v 0.100375 0.217804 0.041256
v 0.097483 0.205461 0.044405
v 0.093358 0.202358 0.029588
v 0.095230 0.212544 0.023703
v 0.100375 0.217804 0.041256
v 0.093358 0.202358 0.029588
v 0.081384 0.217421 0.035818
v 0.093358 0.202358 0.029588
v 0.081922 0.206135 0.039644
v 0.093358 0.202358 0.029588
v 0.081384 0.217421 0.035818
v 0.095230 0.212544 0.023703
v 0.086302 0.235027 0.051864
v 0.080271 0.228063 0.031655
v 0.086530 0.222681 0.053372
v 0.081384 0.217421 0.035818
v 0.086530 0.222681 0.053372
v 0.080271 0.228063 0.031655
v 0.086530 0.222681 0.053372
v 0.102486 0.230167 0.037451
v 0.086302 0.235027 0.051864
v 0.102486 0.230167 0.037451
v 0.086530 0.222681 0.053372
v 0.100375 0.217804 0.041256
v 0.102486 0.230167 0.037451
v 0.100375 0.217804 0.041256
v 0.095230 0.212544 0.023703
v 0.096455 0.223203 0.017241
v 0.102486 0.230167 0.037451
v 0.095230 0.212544 0.023703
v 0.080271 0.228063 0.031655
v 0.095230 0.212544 0.023703
v 0.081384 0.217421 0.035818
v 0.095230 0.212544 0.023703
v 0.080271 0.228063 0.031655
v 0.096455 0.223203 0.017241
v 0.085189 0.245353 0.050694
v 0.078417 0.237593 0.027997
v 0.086302 0.235027 0.051864
v 0.080271 0.228063 0.031655
v 0.086302 0.235027 0.051864
v 0.078417 0.237593 0.027997
v 0.086302 0.235027 0.051864
v 0.103158 0.242642 0.033635
v 0.085189 0.245353 0.050694
v 0.103158 0.242642 0.033635
v 0.086302 0.235027 0.051864
v 0.102486 0.230167 0.037451
v 0.103158 0.242642 0.033635
v 0.102486 0.230167 0.037451
v 0.096455 0.223203 0.017241
v 0.096386 0.234882 0.010938
v 0.103158 0.242642 0.033635
v 0.096455 0.223203 0.017241
v 0.078417 0.237593 0.027997
v 0.096455 0.223203 0.017241
v 0.080271 0.228063 0.031655
v 0.096455 0.223203 0.017241
v 0.078417 0.237593 0.027997
v 0.096386 0.234882 0.010938
v 0.083349 0.252722 0.050195
v 0.075807 0.245614 0.025592
v 0.085189 0.245353 0.050694
v 0.078417 0.237593 0.027997
v 0.085189 0.245353 0.050694
v 0.075807 0.245614 0.025592
v 0.083349 0.252722 0.050195
v 0.085189 0.245353 0.050694
v 0.103158 0.242642 0.033635
v 0.101274 0.255334 0.030584
v 0.083349 0.252722 0.050195
v 0.103158 0.242642 0.033635
v 0.103158 0.242642 0.033635
v 0.093732 0.248225 0.005980
v 0.101274 0.255334 0.030584
v 0.093732 0.248225 0.005980
v 0.103158 0.242642 0.033635
v 0.096386 0.234882 0.010938
v 0.075807 0.245614 0.025592
v 0.096386 0.234882 0.010938
v 0.078417 0.237593 0.027997
v 0.096386 0.234882 0.010938
v 0.075807 0.245614 0.025592
v 0.093732 0.248225 0.005980
v 0.081099 0.257507 0.049786
v 0.072454 0.252476 0.024859
v 0.083349 0.252722 0.050195
v 0.075807 0.245614 0.025592
v 0.083349 0.252722 0.050195
v 0.072454 0.252476 0.024859
v 0.095374 0.267678 0.029434
v 0.081099 0.257507 0.049786
v 0.101274 0.255334 0.030584
v 0.083349 0.252722 0.050195
v 0.101274 0.255334 0.030584
v 0.081099 0.257507 0.049786
v 0.101274 0.255334 0.030584
v 0.086729 0.262647 0.004507
v 0.095374 0.267678 0.029434
v 0.086729 0.262647 0.004507
v 0.101274 0.255334 0.030584
v 0.093732 0.248225 0.005980
v 0.093732 0.248225 0.005980
v 0.072454 0.252476 0.024859
v 0.086729 0.262647 0.004507
v 0.072454 0.252476 0.024859
v 0.093732 0.248225 0.005980
v 0.075807 0.245614 0.025592
v 0.076963 0.262534 0.048777
v 0.067421 0.259792 0.026317
v 0.081099 0.257507 0.049786
v 0.072454 0.252476 0.024859
v 0.081099 0.257507 0.049786
v 0.067421 0.259792 0.026317
v 0.076963 0.262534 0.048777
v 0.095374 0.267678 0.029434
v 0.084637 0.277930 0.031253
v 0.095374 0.267678 0.029434
v 0.076963 0.262534 0.048777
v 0.081099 0.257507 0.049786
v 0.084637 0.277930 0.031253
v 0.095374 0.267678 0.029434
v 0.086729 0.262647 0.004507
v 0.075096 0.275188 0.008793
v 0.084637 0.277930 0.031253
v 0.086729 0.262647 0.004507
v 0.086729 0.262647 0.004507
v 0.067421 0.259792 0.026317
v 0.075096 0.275188 0.008793
v 0.067421 0.259792 0.026317
v 0.086729 0.262647 0.004507
v 0.072454 0.252476 0.024859
v 0.067217 0.270171 0.048010
v 0.067421 0.259792 0.026317
v 0.076963 0.262534 0.048777
v 0.067421 0.259792 0.026317
v 0.067217 0.270171 0.048010
v 0.058669 0.268933 0.031371
v 0.084637 0.277930 0.031253
v 0.067217 0.270171 0.048010
v 0.076963 0.262534 0.048777
v 0.084637 0.277930 0.031253
v 0.069031 0.284664 0.036257
v 0.067217 0.270171 0.048010
v 0.084637 0.277930 0.031253
v 0.060483 0.283426 0.019618
v 0.069031 0.284664 0.036257
v 0.060483 0.283426 0.019618
v 0.084637 0.277930 0.031253
v 0.075096 0.275188 0.008793
v 0.058669 0.268933 0.031371
v 0.075096 0.275188 0.008793
v 0.067421 0.259792 0.026317
v 0.075096 0.275188 0.008793
v 0.058669 0.268933 0.031371
v 0.060483 0.283426 0.019618
v -0.036995 0.129049 -0.087489
v -0.020620 0.097017 -0.079110
v -0.020621 0.097017 -0.079109
v -0.020620 0.097017 -0.079110
v -0.036995 0.129049 -0.087489
v -0.027383 0.125800 -0.099613
v -0.020621 0.097017 -0.079109
v -0.021593 0.132069 -0.085596
v -0.036995 0.129049 -0.087489
v -0.021593 0.132069 -0.085596
v -0.020621 0.097017 -0.079109
v -0.020620 0.097017 -0.079109
v -0.020620 0.097017 -0.079109
v -0.011980 0.128820 -0.097720
v -0.021593 0.132069 -0.085596
v -0.011980 0.128820 -0.097720
v -0.020620 0.097017 -0.079109
v -0.020619 0.097017 -0.079109
v -0.020619 0.097017 -0.079109
v -0.027383 0.125800 -0.099613
v -0.011980 0.128820 -0.097720
v -0.027383 0.125800 -0.099613
v -0.020619 0.097017 -0.079109
v -0.020620 0.097017 -0.079110
v -0.051005 0.160227 -0.094881
v -0.027383 0.125800 -0.099613
v -0.036995 0.129049 -0.087489
v -0.027383 0.125800 -0.099613
v -0.051005 0.160227 -0.094881
v -0.035190 0.156889 -0.116006
v -0.036995 0.129049 -0.087489
v -0.025196 0.165935 -0.091909
v -0.051005 0.160227 -0.094881
v -0.025196 0.165935 -0.091909
v -0.036995 0.129049 -0.087489
v -0.021593 0.132069 -0.085596
v -0.025196 0.165935 -0.091909
v -0.021593 0.132069 -0.085596
v -0.011980 0.128820 -0.097720
v -0.011980 0.128820 -0.097720
v -0.009381 0.162597 -0.113034
v -0.025196 0.165935 -0.091909
v -0.011980 0.128820 -0.097720
v -0.035190 0.156889 -0.116006
v -0.009381 0.162597 -0.113034
v -0.035190 0.156889 -0.116006
v -0.011980 0.128820 -0.097720
v -0.027383 0.125800 -0.099613
v -0.062629 0.189932 -0.099851
v -0.035190 0.156889 -0.116006
v -0.051005 0.160227 -0.094881
v -0.035190 0.156889 -0.116006
v -0.062629 0.189932 -0.099851
v -0.043103 0.188829 -0.127482
v -0.051005 0.160227 -0.094881
v -0.029751 0.197034 -0.096030
v -0.062629 0.189932 -0.099851
v -0.029751 0.197034 -0.096030
v -0.051005 0.160227 -0.094881
v -0.025196 0.165935 -0.091909
v -0.029751 0.197034 -0.096030
v -0.025196 0.165935 -0.091909
v -0.009381 0.162597 -0.113034
v -0.009381 0.162597 -0.113034
v -0.010225 0.195930 -0.123661
v -0.029751 0.197034 -0.096030
v -0.009381 0.162597 -0.113034
v -0.043103 0.188829 -0.127482
v -0.010225 0.195930 -0.123661
v -0.043103 0.188829 -0.127482
v -0.009381 0.162597 -0.113034
v -0.035190 0.156889 -0.116006
v -0.043103 0.188829 -0.127482
v -0.071768 0.217354 -0.101232
v -0.050273 0.220556 -0.133258
v -0.071768 0.217354 -0.101232
v -0.043103 0.188829 -0.127482
v -0.062629 0.189932 -0.099851
v -0.033926 0.224115 -0.096731
v -0.062629 0.189932 -0.099851
v -0.029751 0.197034 -0.096030
v -0.062629 0.189932 -0.099851
v -0.033926 0.224115 -0.096731
v -0.071768 0.217354 -0.101232
v -0.033926 0.224115 -0.096731
v -0.029751 0.197034 -0.096030
v -0.010225 0.195930 -0.123661
v -0.012431 0.227316 -0.128757
v -0.033926 0.224115 -0.096731
v -0.010225 0.195930 -0.123661
v -0.010225 0.195930 -0.123661
v -0.050273 0.220556 -0.133258
v -0.012431 0.227316 -0.128757
v -0.050273 0.220556 -0.133258
v -0.010225 0.195930 -0.123661
v -0.043103 0.188829 -0.127482
v -0.050273 0.220556 -0.133258
v -0.078271 0.241935 -0.098288
v -0.055874 0.251321 -0.132492
v -0.078271 0.241935 -0.098288
v -0.050273 0.220556 -0.133258
v -0.071768 0.217354 -0.101232
v -0.036811 0.246335 -0.093661
v -0.071768 0.217354 -0.101232
v -0.033926 0.224115 -0.096731
v -0.071768 0.217354 -0.101232
v -0.036811 0.246335 -0.093661
v -0.078271 0.241935 -0.098288
v -0.036811 0.246335 -0.093661
v -0.033926 0.224115 -0.096731
v -0.012431 0.227316 -0.128757
v -0.014414 0.255721 -0.127865
v -0.036811 0.246335 -0.093661
v -0.012431 0.227316 -0.128757
v -0.012431 0.227316 -0.128757
v -0.055874 0.251321 -0.132492
v -0.014414 0.255721 -0.127865
v -0.055874 0.251321 -0.132492
v -0.012431 0.227316 -0.128757
v -0.050273 0.220556 -0.133258
v -0.055874 0.251321 -0.132492
v -0.081927 0.263593 -0.090656
v -0.058989 0.280134 -0.124412
v -0.081927 0.263593 -0.090656
v -0.055874 0.251321 -0.132492
v -0.078271 0.241935 -0.098288
v -0.038026 0.263816 -0.087213
v -0.078271 0.241935 -0.098288
v -0.036811 0.246335 -0.093661
v -0.078271 0.241935 -0.098288
v -0.038026 0.263816 -0.087213
v -0.081927 0.263593 -0.090656
v -0.038026 0.263816 -0.087213
v -0.014414 0.255721 -0.127865
v -0.015088 0.280357 -0.120968
v -0.036811 0.246335 -0.093661
v -0.014414 0.255721 -0.127865
v -0.038026 0.263816 -0.087213
v -0.015088 0.280357 -0.120968
v -0.014414 0.255721 -0.127865
v -0.055874 0.251321 -0.132492
v -0.058989 0.280134 -0.124412
v -0.015088 0.280357 -0.120968
v -0.055874 0.251321 -0.132492
v -0.081927 0.263593 -0.090656
v -0.058787 0.305363 -0.109165
v -0.058989 0.280134 -0.124412
v -0.058787 0.305363 -0.109165
v -0.081927 0.263593 -0.090656
v -0.082383 0.282622 -0.078218
v -0.037546 0.278045 -0.077674
v -0.081927 0.263593 -0.090656
v -0.038026 0.263816 -0.087213
v -0.081927 0.263593 -0.090656
v -0.037546 0.278045 -0.077674
v -0.082383 0.282622 -0.078218
v -0.013950 0.300786 -0.108620
v -0.038026 0.263816 -0.087213
v -0.015088 0.280357 -0.120968
v -0.038026 0.263816 -0.087213
v -0.013950 0.300786 -0.108620
v -0.037546 0.278045 -0.077674
v -0.058787 0.305363 -0.109165
v -0.013950 0.300786 -0.108620
v -0.058989 0.280134 -0.124412
v -0.015088 0.280357 -0.120968
v -0.058989 0.280134 -0.124412
v -0.013950 0.300786 -0.108620
v -0.082383 0.282622 -0.078218
v -0.055003 0.325721 -0.088315
v -0.058787 0.305363 -0.109165
v -0.055003 0.325721 -0.088315
v -0.082383 0.282622 -0.078218
v -0.079174 0.299205 -0.061403
v -0.035245 0.290783 -0.064722
v -0.079174 0.299205 -0.061403
v -0.037546 0.278045 -0.077674
v -0.082383 0.282622 -0.078218
v -0.037546 0.278045 -0.077674
v -0.079174 0.299205 -0.061403
v -0.011074 0.317300 -0.091635
v -0.037546 0.278045 -0.077674
v -0.013950 0.300786 -0.108620
v -0.037546 0.278045 -0.077674
v -0.011074 0.317300 -0.091635
v -0.035245 0.290783 -0.064722
v -0.055003 0.325721 -0.088315
v -0.013950 0.300786 -0.108620
v -0.058787 0.305363 -0.109165
v -0.013950 0.300786 -0.108620
v -0.055003 0.325721 -0.088315
v -0.011074 0.317300 -0.091635
v -0.048046 0.340878 -0.063721
v -0.079174 0.299205 -0.061403
v -0.072303 0.312903 -0.041565
v -0.079174 0.299205 -0.061403
v -0.048046 0.340878 -0.063721
v -0.055003 0.325721 -0.088315
v -0.072303 0.312903 -0.041565
v -0.079174 0.299205 -0.061403
v -0.035245 0.290783 -0.064722
v -0.031040 0.302346 -0.048479
v -0.072303 0.312903 -0.041565
v -0.035245 0.290783 -0.064722
v -0.006783 0.330321 -0.070635
v -0.035245 0.290783 -0.064722
v -0.011074 0.317300 -0.091635
v -0.035245 0.290783 -0.064722
v -0.006783 0.330321 -0.070635
v -0.031040 0.302346 -0.048479
v -0.011074 0.317300 -0.091635
v -0.048046 0.340878 -0.063721
v -0.006783 0.330321 -0.070635
v -0.048046 0.340878 -0.063721
v -0.011074 0.317300 -0.091635
v -0.055003 0.325721 -0.088315
v -0.038717 0.350398 -0.036707
v -0.072303 0.312903 -0.041565
v -0.062675 0.322637 -0.020627
v -0.072303 0.312903 -0.041565
v -0.038717 0.350398 -0.036707
v -0.048046 0.340878 -0.063721
v -0.062675 0.322637 -0.020627
v -0.072303 0.312903 -0.041565
v -0.031040 0.302346 -0.048479
v -0.025425 0.311549 -0.030255
v -0.062675 0.322637 -0.020627
v -0.031040 0.302346 -0.048479
v -0.001467 0.339310 -0.046335
v -0.031040 0.302346 -0.048479
v -0.006783 0.330321 -0.070635
v -0.031040 0.302346 -0.048479
v -0.001467 0.339310 -0.046335
v -0.025425 0.311549 -0.030255
v -0.006783 0.330321 -0.070635
v -0.038717 0.350398 -0.036707
v -0.001467 0.339310 -0.046335
v -0.038717 0.350398 -0.036707
v -0.006783 0.330321 -0.070635
v -0.048046 0.340878 -0.063721
v -0.062675 0.322637 -0.020627
v -0.028163 0.352711 -0.008404
v -0.038717 0.350398 -0.036707
v -0.028163 0.352711 -0.008404
v -0.062675 0.322637 -0.020627
v -0.051989 0.326942 -0.000758
v -0.051989 0.326942 -0.000758
v -0.062675 0.322637 -0.020627
v -0.025425 0.311549 -0.030255
v -0.019541 0.316637 -0.012208
v -0.051989 0.326942 -0.000758
v -0.025425 0.311549 -0.030255
v -0.025425 0.311549 -0.030255
v 0.004284 0.342405 -0.019853
v -0.019541 0.316637 -0.012208
v 0.004284 0.342405 -0.019853
v -0.025425 0.311549 -0.030255
v -0.001467 0.339310 -0.046335
v -0.038717 0.350398 -0.036707
v 0.004284 0.342405 -0.019853
v -0.001467 0.339310 -0.046335
v 0.004284 0.342405 -0.019853
v -0.038717 0.350398 -0.036707
v -0.028163 0.352711 -0.008404
v -0.028163 0.352711 -0.008404
v -0.042405 0.324369 0.016080
v -0.018354 0.344466 0.019224
v -0.042405 0.324369 0.016080
v -0.028163 0.352711 -0.008404
v -0.051989 0.326942 -0.000758
v -0.042405 0.324369 0.016080
v -0.051989 0.326942 -0.000758
v -0.019541 0.316637 -0.012208
v -0.014703 0.315929 0.003687
v -0.042405 0.324369 0.016080
v -0.019541 0.316637 -0.012208
v -0.014703 0.315929 0.003687
v -0.019541 0.316637 -0.012208
v 0.004284 0.342405 -0.019853
v 0.009348 0.336026 0.006831
v -0.014703 0.315929 0.003687
v 0.004284 0.342405 -0.019853
v -0.028163 0.352711 -0.008404
v -0.018354 0.344466 0.019224
v 0.009348 0.336026 0.006831
v -0.028163 0.352711 -0.008404
v 0.009348 0.336026 0.006831
v 0.004284 0.342405 -0.019853
v -0.012696 0.322265 0.041458
v -0.018354 0.344466 0.019224
v -0.042405 0.324369 0.016080
v -0.042405 0.324369 0.016080
v -0.035946 0.312379 0.029811
v -0.012696 0.322265 0.041458
v -0.042405 0.324369 0.016080
v -0.011777 0.306088 0.017553
v -0.035946 0.312379 0.029811
v -0.011777 0.306088 0.017553
v -0.042405 0.324369 0.016080
v -0.014703 0.315929 0.003687
v 0.011473 0.315974 0.029200
v -0.011777 0.306088 0.017553
v 0.009348 0.336026 0.006831
v -0.014703 0.315929 0.003687
v 0.009348 0.336026 0.006831
v -0.011777 0.306088 0.017553
v -0.018354 0.344466 0.019224
v 0.011473 0.315974 0.029200
v 0.009348 0.336026 0.006831
v -0.018354 0.344466 0.019224
v -0.012696 0.322265 0.041458
v 0.011473 0.315974 0.029200
v -0.014194 0.284923 0.054590
v -0.035946 0.312379 0.029811
v -0.035847 0.284929 0.039770
v -0.035946 0.312379 0.029811
v -0.014194 0.284923 0.054590
v -0.012696 0.322265 0.041458
v -0.035847 0.284929 0.039770
v -0.011777 0.306088 0.017553
v -0.013026 0.279858 0.027854
v -0.011777 0.306088 0.017553
v -0.035847 0.284929 0.039770
v -0.035946 0.312379 0.029811
v 0.008626 0.279852 0.042675
v -0.011777 0.306088 0.017553
v 0.011473 0.315974 0.029200
v -0.011777 0.306088 0.017553
v 0.008626 0.279852 0.042675
v -0.013026 0.279858 0.027854
v -0.014194 0.284923 0.054590
v 0.011473 0.315974 0.029200
v -0.012696 0.322265 0.041458
v 0.011473 0.315974 0.029200
v -0.014194 0.284923 0.054590
v 0.008626 0.279852 0.042675
v -0.012429 0.124673 -0.100697
v -0.001514 0.092492 -0.076856
v -0.001515 0.092493 -0.076856
v -0.001514 0.092492 -0.076856
v -0.012429 0.124673 -0.100697
v -0.002913 0.120615 -0.107845
v -0.012429 0.124673 -0.100697
v -0.001515 0.092493 -0.076856
v -0.001514 0.092493 -0.076856
v -0.001514 0.092493 -0.076856
v -0.000756 0.127439 -0.096930
v -0.012429 0.124673 -0.100697
v -0.001514 0.092493 -0.076856
v 0.008759 0.123382 -0.104078
v -0.000756 0.127439 -0.096930
v 0.008759 0.123382 -0.104078
v -0.001514 0.092493 -0.076856
v -0.001513 0.092493 -0.076856
v -0.001514 0.092492 -0.076856
v 0.008759 0.123382 -0.104078
v -0.001513 0.092493 -0.076856
v 0.008759 0.123382 -0.104078
v -0.001514 0.092492 -0.076856
v -0.002913 0.120615 -0.107845
v -0.022792 0.162386 -0.116277
v -0.002913 0.120615 -0.107845
v -0.012429 0.124673 -0.100697
v -0.002913 0.120615 -0.107845
v -0.022792 0.162386 -0.116277
v -0.006211 0.158724 -0.130515
v -0.022792 0.162386 -0.116277
v -0.012429 0.124673 -0.100697
v -0.000756 0.127439 -0.096930
v -0.002163 0.166226 -0.109150
v -0.022792 0.162386 -0.116277
v -0.000756 0.127439 -0.096930
v -0.000756 0.127439 -0.096930
v 0.014418 0.162563 -0.123388
v -0.002163 0.166226 -0.109150
v 0.014418 0.162563 -0.123388
v -0.000756 0.127439 -0.096930
v 0.008759 0.123382 -0.104078
v 0.008759 0.123382 -0.104078
v -0.006211 0.158724 -0.130515
v 0.014418 0.162563 -0.123388
v -0.006211 0.158724 -0.130515
v 0.008759 0.123382 -0.104078
v -0.002913 0.120615 -0.107845
v -0.010153 0.200180 -0.143857
v -0.006211 0.158724 -0.130515
v -0.022792 0.162386 -0.116277
v -0.022792 0.162386 -0.116277
v -0.031933 0.201076 -0.123992
v -0.010153 0.200180 -0.143857
v -0.031933 0.201076 -0.123992
v -0.022792 0.162386 -0.116277
v -0.002163 0.166226 -0.109150
v -0.004350 0.204399 -0.114096
v -0.031933 0.201076 -0.123992
v -0.002163 0.166226 -0.109150
v -0.002163 0.166226 -0.109150
v 0.017429 0.203503 -0.133961
v -0.004350 0.204399 -0.114096
v 0.017429 0.203503 -0.133961
v -0.002163 0.166226 -0.109150
v 0.014418 0.162563 -0.123388
v 0.014418 0.162563 -0.123388
v -0.010153 0.200180 -0.143857
v 0.017429 0.203503 -0.133961
v -0.010153 0.200180 -0.143857
v 0.014418 0.162563 -0.123388
v -0.006211 0.158724 -0.130515
v -0.013660 0.240675 -0.147770
v -0.010153 0.200180 -0.143857
v -0.031933 0.201076 -0.123992
v -0.031933 0.201076 -0.123992
v -0.039266 0.237005 -0.124037
v -0.013660 0.240675 -0.147770
v -0.031933 0.201076 -0.123992
v -0.006229 0.237920 -0.112202
v -0.039266 0.237005 -0.124037
v -0.006229 0.237920 -0.112202
v -0.031933 0.201076 -0.123992
v -0.004350 0.204399 -0.114096
v -0.006229 0.237920 -0.112202
v -0.004350 0.204399 -0.114096
v 0.017429 0.203503 -0.133961
v 0.019377 0.241590 -0.135935
v -0.006229 0.237920 -0.112202
v 0.017429 0.203503 -0.133961
v 0.017429 0.203503 -0.133961
v -0.013660 0.240675 -0.147770
v 0.019377 0.241590 -0.135935
v -0.013660 0.240675 -0.147770
v 0.017429 0.203503 -0.133961
v -0.010153 0.200180 -0.143857
v -0.013660 0.240675 -0.147770
v -0.044258 0.267708 -0.116834
v -0.015786 0.277513 -0.142152
v -0.044258 0.267708 -0.116834
v -0.013660 0.240675 -0.147770
v -0.039266 0.237005 -0.124037
v -0.039266 0.237005 -0.124037
v -0.007043 0.263885 -0.104661
v -0.044258 0.267708 -0.116834
v -0.007043 0.263885 -0.104661
v -0.039266 0.237005 -0.124037
v -0.006229 0.237920 -0.112202
v -0.007043 0.263885 -0.104661
v -0.006229 0.237920 -0.112202
v 0.019377 0.241590 -0.135935
v 0.021428 0.273689 -0.129978
v -0.007043 0.263885 -0.104661
v 0.019377 0.241590 -0.135935
v 0.021428 0.273689 -0.129978
v 0.019377 0.241590 -0.135935
v -0.013660 0.240675 -0.147770
v -0.015786 0.277513 -0.142152
v 0.021428 0.273689 -0.129978
v -0.013660 0.240675 -0.147770
v -0.015605 0.308451 -0.126991
v -0.015786 0.277513 -0.142152
v -0.044258 0.267708 -0.116834
v -0.044258 0.267708 -0.116834
v -0.046395 0.292084 -0.102957
v -0.015605 0.308451 -0.126991
v -0.044258 0.267708 -0.116834
v -0.006487 0.281677 -0.093338
v -0.046395 0.292084 -0.102957
v -0.006487 0.281677 -0.093338
v -0.044258 0.267708 -0.116834
v -0.007043 0.263885 -0.104661
v 0.024302 0.298044 -0.117371
v -0.007043 0.263885 -0.104661
v 0.021428 0.273689 -0.129978
v -0.007043 0.263885 -0.104661
v 0.024302 0.298044 -0.117371
v -0.006487 0.281677 -0.093338
v -0.015605 0.308451 -0.126991
v 0.024302 0.298044 -0.117371
v -0.015786 0.277513 -0.142152
v 0.021428 0.273689 -0.129978
v -0.015786 0.277513 -0.142152
v 0.024302 0.298044 -0.117371
v -0.046395 0.292084 -0.102957
v -0.012460 0.331120 -0.104001
v -0.015605 0.308451 -0.126991
v -0.012460 0.331120 -0.104001
v -0.046395 0.292084 -0.102957
v -0.045125 0.310056 -0.083204
v -0.004452 0.293554 -0.079131
v -0.045125 0.310056 -0.083204
v -0.006487 0.281677 -0.093338
v -0.046395 0.292084 -0.102957
v -0.006487 0.281677 -0.093338
v -0.045125 0.310056 -0.083204
v 0.028212 0.314618 -0.099927
v -0.006487 0.281677 -0.093338
v 0.024302 0.298044 -0.117371
v -0.006487 0.281677 -0.093338
v 0.028212 0.314618 -0.099927
v -0.004452 0.293554 -0.079131
v -0.012460 0.331120 -0.104001
v 0.028212 0.314618 -0.099927
v -0.015605 0.308451 -0.126991
v 0.024302 0.298044 -0.117371
v -0.015605 0.308451 -0.126991
v 0.028212 0.314618 -0.099927
v -0.045125 0.310056 -0.083204
v -0.040010 0.322316 -0.059263
v -0.006469 0.345190 -0.077029
v -0.045125 0.310056 -0.083204
v -0.006469 0.345190 -0.077029
v -0.012460 0.331120 -0.104001
v -0.000547 0.302282 -0.061540
v -0.040010 0.322316 -0.059263
v -0.004452 0.293554 -0.079131
v -0.045125 0.310056 -0.083204
v -0.004452 0.293554 -0.079131
v -0.040010 0.322316 -0.059263
v -0.004452 0.293554 -0.079131
v 0.032994 0.325156 -0.079306
v -0.000547 0.302282 -0.061540
v 0.032994 0.325156 -0.079306
v -0.004452 0.293554 -0.079131
v 0.028212 0.314618 -0.099927
v 0.028212 0.314618 -0.099927
v -0.006469 0.345190 -0.077029
v 0.032994 0.325156 -0.079306
v -0.006469 0.345190 -0.077029
v 0.028212 0.314618 -0.099927
v -0.012460 0.331120 -0.104001
v -0.040010 0.322316 -0.059263
v -0.031237 0.329834 -0.033735
v 0.001749 0.352510 -0.049142
v -0.040010 0.322316 -0.059263
v 0.001749 0.352510 -0.049142
v -0.006469 0.345190 -0.077029
v -0.031237 0.329834 -0.033735
v -0.040010 0.322316 -0.059263
v -0.000547 0.302282 -0.061540
v 0.005387 0.308834 -0.041303
v -0.031237 0.329834 -0.033735
v -0.000547 0.302282 -0.061540
v -0.000547 0.302282 -0.061540
v 0.038373 0.331510 -0.056709
v 0.005387 0.308834 -0.041303
v 0.038373 0.331510 -0.056709
v -0.000547 0.302282 -0.061540
v 0.032994 0.325156 -0.079306
v 0.032994 0.325156 -0.079306
v 0.001749 0.352510 -0.049142
v 0.038373 0.331510 -0.056709
v 0.001749 0.352510 -0.049142
v 0.032994 0.325156 -0.079306
v -0.006469 0.345190 -0.077029
v -0.031237 0.329834 -0.033735
v 0.011490 0.354387 -0.021802
v 0.001749 0.352510 -0.049142
v 0.011490 0.354387 -0.021802
v -0.031237 0.329834 -0.033735
v -0.019859 0.333059 -0.009268
v -0.019859 0.333059 -0.009268
v -0.031237 0.329834 -0.033735
v 0.005387 0.308834 -0.041303
v 0.012613 0.312958 -0.020940
v -0.019859 0.333059 -0.009268
v 0.005387 0.308834 -0.041303
v 0.005387 0.308834 -0.041303
v 0.043962 0.334285 -0.033475
v 0.012613 0.312958 -0.020940
v 0.043962 0.334285 -0.033475
v 0.005387 0.308834 -0.041303
v 0.038373 0.331510 -0.056709
v 0.038373 0.331510 -0.056709
v 0.011490 0.354387 -0.021802
v 0.043962 0.334285 -0.033475
v 0.011490 0.354387 -0.021802
v 0.038373 0.331510 -0.056709
v 0.001749 0.352510 -0.049142
v 0.011490 0.354387 -0.021802
v -0.007715 0.331667 0.011680
v 0.021878 0.350468 0.004031
v -0.007715 0.331667 0.011680
v 0.011490 0.354387 -0.021802
v -0.019859 0.333059 -0.009268
v -0.007715 0.331667 0.011680
v -0.019859 0.333059 -0.009268
v 0.012613 0.312958 -0.020940
v 0.019567 0.314088 -0.003631
v -0.007715 0.331667 0.011680
v 0.012613 0.312958 -0.020940
v 0.012613 0.312958 -0.020940
v 0.049159 0.332889 -0.011280
v 0.019567 0.314088 -0.003631
v 0.049159 0.332889 -0.011280
v 0.012613 0.312958 -0.020940
v 0.043962 0.334285 -0.033475
v 0.011490 0.354387 -0.021802
v 0.021878 0.350468 0.004031
v 0.049159 0.332889 -0.011280
v 0.011490 0.354387 -0.021802
v 0.049159 0.332889 -0.011280
v 0.043962 0.334285 -0.033475
v 0.021878 0.350468 0.004031
v 0.002635 0.324851 0.026749
v 0.031279 0.337939 0.026796
v 0.002635 0.324851 0.026749
v 0.021878 0.350468 0.004031
v -0.007715 0.331667 0.011680
v -0.007715 0.331667 0.011680
v 0.024437 0.312156 0.007899
v 0.002635 0.324851 0.026749
v 0.024437 0.312156 0.007899
v -0.007715 0.331667 0.011680
v 0.019567 0.314088 -0.003631
v 0.024437 0.312156 0.007899
v 0.019567 0.314088 -0.003631
v 0.049159 0.332889 -0.011280
v 0.053081 0.325244 0.007946
v 0.024437 0.312156 0.007899
v 0.049159 0.332889 -0.011280
v 0.021878 0.350468 0.004031
v 0.031279 0.337939 0.026796
v 0.053081 0.325244 0.007946
v 0.021878 0.350468 0.004031
v 0.053081 0.325244 0.007946
v 0.049159 0.332889 -0.011280
v 0.031279 0.337939 0.026796
v 0.008600 0.311146 0.034959
v 0.035634 0.314088 0.040832
v 0.008600 0.311146 0.034959
v 0.031279 0.337939 0.026796
v 0.002635 0.324851 0.026749
v 0.002635 0.324851 0.026749
v 0.026838 0.305022 0.014863
v 0.008600 0.311146 0.034959
v 0.026838 0.305022 0.014863
v 0.002635 0.324851 0.026749
v 0.024437 0.312156 0.007899
v 0.053871 0.307964 0.020737
v 0.024437 0.312156 0.007899
v 0.053081 0.325244 0.007946
v 0.024437 0.312156 0.007899
v 0.053871 0.307964 0.020737
v 0.026838 0.305022 0.014863
v 0.053871 0.307964 0.020737
v 0.031279 0.337939 0.026796
v 0.035634 0.314088 0.040832
v 0.053081 0.325244 0.007946
v 0.031279 0.337939 0.026796
v 0.053871 0.307964 0.020737
v 0.031694 0.280230 0.042369
v 0.008600 0.311146 0.034959
v 0.006997 0.286231 0.035848
v 0.008600 0.311146 0.034959
v 0.031694 0.280230 0.042369
v 0.035634 0.314088 0.040832
v 0.006997 0.286231 0.035848
v 0.026838 0.305022 0.014863
v 0.024572 0.284551 0.016437
v 0.026838 0.305022 0.014863
v 0.006997 0.286231 0.035848
v 0.008600 0.311146 0.034959
v 0.049269 0.278550 0.022957
v 0.026838 0.305022 0.014863
v 0.053871 0.307964 0.020737
v 0.026838 0.305022 0.014863
v 0.049269 0.278550 0.022957
v 0.024572 0.284551 0.016437
v 0.031694 0.280230 0.042369
v 0.053871 0.307964 0.020737
v 0.035634 0.314088 0.040832
v 0.053871 0.307964 0.020737
v 0.031694 0.280230 0.042369
v 0.049269 0.278550 0.022957
v 0.088542 0.174928 -0.042031
v 0.090725 0.182715 -0.024695
v 0.087321 0.185942 -0.029163
v 0.088542 0.174928 -0.042031
v 0.087321 0.185942 -0.029163
v 0.088542 0.174929 -0.042031
v 0.088542 0.174928 -0.042031
v 0.094013 0.185425 -0.029574
v 0.090725 0.182715 -0.024695
v 0.094013 0.185425 -0.029574
v 0.088542 0.174928 -0.042031
v 0.088542 0.174928 -0.042031
v 0.094013 0.185425 -0.029574
v 0.088542 0.174929 -0.042031
v 0.090610 0.188652 -0.034042
v 0.088542 0.174929 -0.042031
v 0.094013 0.185425 -0.029574
v 0.088542 0.174928 -0.042031
v 0.088542 0.174929 -0.042031
v 0.087321 0.185942 -0.029163
v 0.090610 0.188652 -0.034042
v 0.087321 0.185942 -0.029163
v 0.088542 0.174929 -0.042031
v 0.088542 0.174929 -0.042031
v 0.090725 0.182715 -0.024695
v 0.092075 0.199937 -0.013851
v 0.084744 0.201469 -0.024837
v 0.090725 0.182715 -0.024695
v 0.084744 0.201469 -0.024837
v 0.087321 0.185942 -0.029163
v 0.098531 0.201170 -0.025409
v 0.090725 0.182715 -0.024695
v 0.094013 0.185425 -0.029574
v 0.090725 0.182715 -0.024695
v 0.098531 0.201170 -0.025409
v 0.092075 0.199937 -0.013851
v 0.098531 0.201170 -0.025409
v 0.094013 0.185425 -0.029574
v 0.090610 0.188652 -0.034042
v 0.091201 0.202702 -0.036395
v 0.098531 0.201170 -0.025409
v 0.090610 0.188652 -0.034042
v 0.090610 0.188652 -0.034042
v 0.084744 0.201469 -0.024837
v 0.091201 0.202702 -0.036395
v 0.084744 0.201469 -0.024837
v 0.090610 0.188652 -0.034042
v 0.087321 0.185942 -0.029163
v 0.081159 0.219574 -0.025136
v 0.084744 0.201469 -0.024837
v 0.092075 0.199937 -0.013851
v 0.092147 0.220982 -0.008539
v 0.081159 0.219574 -0.025136
v 0.092075 0.199937 -0.013851
v 0.092075 0.199937 -0.013851
v 0.101846 0.220219 -0.025961
v 0.092147 0.220982 -0.008539
v 0.101846 0.220219 -0.025961
v 0.092075 0.199937 -0.013851
v 0.098531 0.201170 -0.025409
v 0.101846 0.220219 -0.025961
v 0.098531 0.201170 -0.025409
v 0.091201 0.202702 -0.036395
v 0.090858 0.218811 -0.042557
v 0.101846 0.220219 -0.025961
v 0.091201 0.202702 -0.036395
v 0.091201 0.202702 -0.036395
v 0.081159 0.219574 -0.025136
v 0.090858 0.218811 -0.042557
v 0.081159 0.219574 -0.025136
v 0.091201 0.202702 -0.036395
v 0.084744 0.201469 -0.024837
v 0.076878 0.238560 -0.026987
v 0.081159 0.219574 -0.025136
v 0.092147 0.220982 -0.008539
v 0.091119 0.241585 -0.005455
v 0.076878 0.238560 -0.026987
v 0.092147 0.220982 -0.008539
v 0.092147 0.220982 -0.008539
v 0.103740 0.240795 -0.028163
v 0.091119 0.241585 -0.005455
v 0.103740 0.240795 -0.028163
v 0.092147 0.220982 -0.008539
v 0.101846 0.220219 -0.025961
v 0.103740 0.240795 -0.028163
v 0.101846 0.220219 -0.025961
v 0.090858 0.218811 -0.042557
v 0.089499 0.237771 -0.049694
v 0.103740 0.240795 -0.028163
v 0.090858 0.218811 -0.042557
v 0.090858 0.218811 -0.042557
v 0.076878 0.238560 -0.026987
v 0.089499 0.237771 -0.049694
v 0.076878 0.238560 -0.026987
v 0.090858 0.218811 -0.042557
v 0.081159 0.219574 -0.025136
v 0.072204 0.256813 -0.028071
v 0.076878 0.238560 -0.026987
v 0.091119 0.241585 -0.005455
v 0.089323 0.259219 -0.002351
v 0.072204 0.256813 -0.028071
v 0.091119 0.241585 -0.005455
v 0.091119 0.241585 -0.005455
v 0.104003 0.261450 -0.029553
v 0.089323 0.259219 -0.002351
v 0.104003 0.261450 -0.029553
v 0.091119 0.241585 -0.005455
v 0.103740 0.240795 -0.028163
v 0.104003 0.261450 -0.029553
v 0.103740 0.240795 -0.028163
v 0.089499 0.237771 -0.049694
v 0.086884 0.259044 -0.055274
v 0.104003 0.261450 -0.029553
v 0.089499 0.237771 -0.049694
v 0.089499 0.237771 -0.049694
v 0.072204 0.256813 -0.028071
v 0.086884 0.259044 -0.055274
v 0.072204 0.256813 -0.028071
v 0.089499 0.237771 -0.049694
v 0.076878 0.238560 -0.026987
v 0.087239 0.271888 0.001484
v 0.067459 0.272882 -0.026861
v 0.089323 0.259219 -0.002351
v 0.072204 0.256813 -0.028071
v 0.089323 0.259219 -0.002351
v 0.067459 0.272882 -0.026861
v 0.102401 0.280975 -0.028234
v 0.087239 0.271888 0.001484
v 0.104003 0.261450 -0.029553
v 0.089323 0.259219 -0.002351
v 0.104003 0.261450 -0.029553
v 0.087239 0.271888 0.001484
v 0.104003 0.261450 -0.029553
v 0.082622 0.281970 -0.056579
v 0.102401 0.280975 -0.028234
v 0.082622 0.281970 -0.056579
v 0.104003 0.261450 -0.029553
v 0.086884 0.259044 -0.055274
v 0.086884 0.259044 -0.055274
v 0.067459 0.272882 -0.026861
v 0.082622 0.281970 -0.056579
v 0.067459 0.272882 -0.026861
v 0.086884 0.259044 -0.055274
v 0.072204 0.256813 -0.028071
v 0.085420 0.278994 0.005188
v 0.062986 0.285716 -0.022704
v 0.087239 0.271888 0.001484
v 0.067459 0.272882 -0.026861
v 0.087239 0.271888 0.001484
v 0.062986 0.285716 -0.022704
v 0.085420 0.278994 0.005188
v 0.102401 0.280975 -0.028234
v 0.098679 0.298176 -0.022788
v 0.087239 0.271888 0.001484
v 0.102401 0.280975 -0.028234
v 0.085420 0.278994 0.005188
v 0.076245 0.304898 -0.050680
v 0.102401 0.280975 -0.028234
v 0.082622 0.281970 -0.056579
v 0.102401 0.280975 -0.028234
v 0.076245 0.304898 -0.050680
v 0.098679 0.298176 -0.022788
v 0.082622 0.281970 -0.056579
v 0.062986 0.285716 -0.022704
v 0.076245 0.304898 -0.050680
v 0.062986 0.285716 -0.022704
v 0.082622 0.281970 -0.056579
v 0.067459 0.272882 -0.026861
v 0.059007 0.295049 -0.015590
v 0.062986 0.285716 -0.022704
v 0.085420 0.278994 0.005188
v 0.083809 0.282843 0.007825
v 0.059007 0.295049 -0.015590
v 0.085420 0.278994 0.005188
v 0.083809 0.282843 0.007825
v 0.098679 0.298176 -0.022788
v 0.092694 0.311476 -0.012512
v 0.098679 0.298176 -0.022788
v 0.083809 0.282843 0.007825
v 0.085420 0.278994 0.005188
v 0.067893 0.323682 -0.035927
v 0.098679 0.298176 -0.022788
v 0.076245 0.304898 -0.050680
v 0.098679 0.298176 -0.022788
v 0.067893 0.323682 -0.035927
v 0.092694 0.311476 -0.012512
v 0.076245 0.304898 -0.050680
v 0.059007 0.295049 -0.015590
v 0.067893 0.323682 -0.035927
v 0.059007 0.295049 -0.015590
v 0.076245 0.304898 -0.050680
v 0.062986 0.285716 -0.022704
v 0.055437 0.301202 -0.005495
v 0.083809 0.282843 0.007825
v 0.081070 0.286837 0.011109
v 0.059007 0.295049 -0.015590
v 0.083809 0.282843 0.007825
v 0.055437 0.301202 -0.005495
v 0.081070 0.286837 0.011109
v 0.092694 0.311476 -0.012512
v 0.084612 0.319121 0.001927
v 0.092694 0.311476 -0.012512
v 0.081070 0.286837 0.011109
v 0.083809 0.282843 0.007825
v 0.058979 0.333486 -0.014677
v 0.092694 0.311476 -0.012512
v 0.067893 0.323682 -0.035927
v 0.092694 0.311476 -0.012512
v 0.058979 0.333486 -0.014677
v 0.084612 0.319121 0.001927
v 0.055437 0.301202 -0.005495
v 0.067893 0.323682 -0.035927
v 0.059007 0.295049 -0.015590
v 0.067893 0.323682 -0.035927
v 0.055437 0.301202 -0.005495
v 0.058979 0.333486 -0.014677
v 0.052023 0.304150 0.007556
v 0.081070 0.286837 0.011109
v 0.075629 0.291346 0.017921
v 0.055437 0.301202 -0.005495
v 0.081070 0.286837 0.011109
v 0.052023 0.304150 0.007556
v 0.084612 0.319121 0.001927
v 0.075629 0.291346 0.017921
v 0.081070 0.286837 0.011109
v 0.084612 0.319121 0.001927
v 0.074762 0.320112 0.018556
v 0.075629 0.291346 0.017921
v 0.051155 0.332916 0.008191
v 0.084612 0.319121 0.001927
v 0.058979 0.333486 -0.014677
v 0.084612 0.319121 0.001927
v 0.051155 0.332916 0.008191
v 0.074762 0.320112 0.018556
v 0.051155 0.332916 0.008191
v 0.055437 0.301202 -0.005495
v 0.052023 0.304150 0.007556
v 0.058979 0.333486 -0.014677
v 0.055437 0.301202 -0.005495
v 0.051155 0.332916 0.008191
v 0.066781 0.294337 0.028638
v 0.052023 0.304150 0.007556
v 0.075629 0.291346 0.017921
v 0.052023 0.304150 0.007556
v 0.066781 0.294337 0.028638
v 0.048508 0.303366 0.022914
v 0.074762 0.320112 0.018556
v 0.066781 0.294337 0.028638
v 0.075629 0.291346 0.017921
v 0.063472 0.314359 0.034669
v 0.066781 0.294337 0.028638
v 0.074762 0.320112 0.018556
v 0.063472 0.314359 0.034669
v 0.051155 0.332916 0.008191
v 0.045199 0.323388 0.028945
v 0.074762 0.320112 0.018556
v 0.051155 0.332916 0.008191
v 0.063472 0.314359 0.034669
v 0.045199 0.323388 0.028945
v 0.052023 0.304150 0.007556
v 0.048508 0.303366 0.022914
v 0.051155 0.332916 0.008191
v 0.052023 0.304150 0.007556
v 0.045199 0.323388 0.028945
v -0.086371 0.207484 0.066154
v -0.079150 0.181734 0.050669
v -0.079150 0.181734 0.050669
v -0.079150 0.181734 0.050669
v -0.079279 0.207722 0.068077
v -0.086371 0.207484 0.066154
v -0.081035 0.209994 0.061309
v -0.079150 0.181734 0.050669
v -0.079150 0.181734 0.050669
v -0.079150 0.181734 0.050669
v -0.081035 0.209994 0.061309
v -0.079279 0.207722 0.068077
v -0.081035 0.209994 0.061309
v -0.079150 0.181734 0.050669
v -0.079151 0.181734 0.050669
v -0.079151 0.181734 0.050669
v -0.088127 0.209757 0.059386
v -0.081035 0.209994 0.061309
v -0.079151 0.181734 0.050669
v -0.086371 0.207484 0.066154
v -0.088127 0.209757 0.059386
v -0.086371 0.207484 0.066154
v -0.079151 0.181734 0.050669
v -0.079150 0.181734 0.050669
v -0.086371 0.207484 0.066154
v -0.077223 0.232502 0.079388
v -0.091763 0.232520 0.075712
v -0.077223 0.232502 0.079388
v -0.086371 0.207484 0.066154
v -0.079279 0.207722 0.068077
v -0.080707 0.234616 0.064955
v -0.079279 0.207722 0.068077
v -0.081035 0.209994 0.061309
v -0.079279 0.207722 0.068077
v -0.080707 0.234616 0.064955
v -0.077223 0.232502 0.079388
v -0.080707 0.234616 0.064955
v -0.081035 0.209994 0.061309
v -0.088127 0.209757 0.059386
v -0.088127 0.209757 0.059386
v -0.095246 0.234635 0.061279
v -0.080707 0.234616 0.064955
v -0.088127 0.209757 0.059386
v -0.091763 0.232520 0.075712
v -0.095246 0.234635 0.061279
v -0.091763 0.232520 0.075712
v -0.088127 0.209757 0.059386
v -0.086371 0.207484 0.066154
v -0.093718 0.257510 0.079805
v -0.091763 0.232520 0.075712
v -0.077223 0.232502 0.079388
v -0.071940 0.255267 0.084800
v -0.093718 0.257510 0.079805
v -0.077223 0.232502 0.079388
v -0.077223 0.232502 0.079388
v -0.077695 0.254766 0.063100
v -0.071940 0.255267 0.084800
v -0.077695 0.254766 0.063100
v -0.077223 0.232502 0.079388
v -0.080707 0.234616 0.064955
v -0.077695 0.254766 0.063100
v -0.080707 0.234616 0.064955
v -0.095246 0.234635 0.061279
v -0.099473 0.257009 0.058105
v -0.077695 0.254766 0.063100
v -0.095246 0.234635 0.061279
v -0.095246 0.234635 0.061279
v -0.093718 0.257510 0.079805
v -0.099473 0.257009 0.058105
v -0.093718 0.257510 0.079805
v -0.095246 0.234635 0.061279
v -0.091763 0.232520 0.075712
v -0.090717 0.282072 0.078825
v -0.093718 0.257510 0.079805
v -0.071940 0.255267 0.084800
v -0.063124 0.274546 0.085176
v -0.090717 0.282072 0.078825
v -0.071940 0.255267 0.084800
v -0.063124 0.274546 0.085176
v -0.071940 0.255267 0.084800
v -0.077695 0.254766 0.063100
v -0.072212 0.270568 0.057609
v -0.063124 0.274546 0.085176
v -0.077695 0.254766 0.063100
v -0.099804 0.278095 0.051258
v -0.072212 0.270568 0.057609
v -0.099473 0.257009 0.058105
v -0.077695 0.254766 0.063100
v -0.099473 0.257009 0.058105
v -0.072212 0.270568 0.057609
v -0.099473 0.257009 0.058105
v -0.090717 0.282072 0.078825
v -0.099804 0.278095 0.051258
v -0.090717 0.282072 0.078825
v -0.099473 0.257009 0.058105
v -0.093718 0.257510 0.079805
v -0.082013 0.304633 0.073796
v -0.090717 0.282072 0.078825
v -0.063124 0.274546 0.085176
v -0.051541 0.289261 0.082137
v -0.082013 0.304633 0.073796
v -0.063124 0.274546 0.085176
v -0.051541 0.289261 0.082137
v -0.063124 0.274546 0.085176
v -0.072212 0.270568 0.057609
v -0.064465 0.283254 0.050023
v -0.051541 0.289261 0.082137
v -0.072212 0.270568 0.057609
v -0.094937 0.298626 0.041681
v -0.072212 0.270568 0.057609
v -0.099804 0.278095 0.051258
v -0.072212 0.270568 0.057609
v -0.094937 0.298626 0.041681
v -0.064465 0.283254 0.050023
v -0.082013 0.304633 0.073796
v -0.099804 0.278095 0.051258
v -0.090717 0.282072 0.078825
v -0.099804 0.278095 0.051258
v -0.082013 0.304633 0.073796
v -0.094937 0.298626 0.041681
v -0.051541 0.289261 0.082137
v -0.068137 0.323502 0.066524
v -0.082013 0.304633 0.073796
v -0.068137 0.323502 0.066524
v -0.051541 0.289261 0.082137
v -0.038550 0.299499 0.077420
v -0.054162 0.294079 0.041404
v -0.038550 0.299499 0.077420
v -0.064465 0.283254 0.050023
v -0.051541 0.289261 0.082137
v -0.064465 0.283254 0.050023
v -0.038550 0.299499 0.077420
v -0.083749 0.318083 0.030507
v -0.064465 0.283254 0.050023
v -0.094937 0.298626 0.041681
v -0.064465 0.283254 0.050023
v -0.083749 0.318083 0.030507
v -0.054162 0.294079 0.041404
v -0.068137 0.323502 0.066524
v -0.094937 0.298626 0.041681
v -0.082013 0.304633 0.073796
v -0.094937 0.298626 0.041681
v -0.068137 0.323502 0.066524
v -0.083749 0.318083 0.030507
v -0.038550 0.299499 0.077420
v -0.050510 0.337740 0.058975
v -0.068137 0.323502 0.066524
v -0.050510 0.337740 0.058975
v -0.038550 0.299499 0.077420
v -0.025533 0.306143 0.072475
v -0.040887 0.303464 0.032958
v -0.025533 0.306143 0.072475
v -0.054162 0.294079 0.041404
v -0.038550 0.299499 0.077420
v -0.054162 0.294079 0.041404
v -0.025533 0.306143 0.072475
v -0.065864 0.335061 0.019459
v -0.054162 0.294079 0.041404
v -0.083749 0.318083 0.030507
v -0.054162 0.294079 0.041404
v -0.065864 0.335061 0.019459
v -0.040887 0.303464 0.032958
v -0.050510 0.337740 0.058975
v -0.083749 0.318083 0.030507
v -0.068137 0.323502 0.066524
v -0.083749 0.318083 0.030507
v -0.050510 0.337740 0.058975
v -0.065864 0.335061 0.019459
v -0.030727 0.347156 0.052755
v -0.025533 0.306143 0.072475
v -0.013565 0.310443 0.068427
v -0.025533 0.306143 0.072475
v -0.030727 0.347156 0.052755
v -0.050510 0.337740 0.058975
v -0.024809 0.310991 0.026460
v -0.013565 0.310443 0.068427
v -0.040887 0.303464 0.032958
v -0.025533 0.306143 0.072475
v -0.040887 0.303464 0.032958
v -0.013565 0.310443 0.068427
v -0.041970 0.347704 0.010787
v -0.040887 0.303464 0.032958
v -0.065864 0.335061 0.019459
v -0.040887 0.303464 0.032958
v -0.041970 0.347704 0.010787
v -0.024809 0.310991 0.026460
v -0.030727 0.347156 0.052755
v -0.065864 0.335061 0.019459
v -0.050510 0.337740 0.058975
v -0.065864 0.335061 0.019459
v -0.030727 0.347156 0.052755
v -0.041970 0.347704 0.010787
v -0.009867 0.351904 0.048733
v -0.013565 0.310443 0.068427
v -0.002770 0.313621 0.065706
v -0.013565 0.310443 0.068427
v -0.009867 0.351904 0.048733
v -0.030727 0.347156 0.052755
v -0.002770 0.313621 0.065706
v -0.024809 0.310991 0.026460
v -0.007212 0.315830 0.023523
v -0.013565 0.310443 0.068427
v -0.024809 0.310991 0.026460
v -0.002770 0.313621 0.065706
v -0.024809 0.310991 0.026460
v -0.014309 0.354113 0.006550
v -0.007212 0.315830 0.023523
v -0.014309 0.354113 0.006550
v -0.024809 0.310991 0.026460
v -0.041970 0.347704 0.010787
v -0.014309 0.354113 0.006550
v -0.030727 0.347156 0.052755
v -0.009867 0.351904 0.048733
v -0.030727 0.347156 0.052755
v -0.014309 0.354113 0.006550
v -0.041970 0.347704 0.010787
v 0.007700 0.316110 0.064136
v -0.009867 0.351904 0.048733
v -0.002770 0.313621 0.065706
v -0.009867 0.351904 0.048733
v 0.007700 0.316110 0.064136
v 0.011504 0.351842 0.047111
v 0.007700 0.316110 0.064136
v -0.007212 0.315830 0.023523
v 0.009666 0.317398 0.024442
v -0.002770 0.313621 0.065706
v -0.007212 0.315830 0.023523
v 0.007700 0.316110 0.064136
v -0.007212 0.315830 0.023523
v 0.013470 0.353130 0.007417
v 0.009666 0.317398 0.024442
v 0.013470 0.353130 0.007417
v -0.007212 0.315830 0.023523
v -0.014309 0.354113 0.006550
v 0.013470 0.353130 0.007417
v -0.009867 0.351904 0.048733
v 0.011504 0.351842 0.047111
v -0.014309 0.354113 0.006550
v -0.009867 0.351904 0.048733
v 0.013470 0.353130 0.007417
v 0.018765 0.317036 0.063435
v 0.011504 0.351842 0.047111
v 0.007700 0.316110 0.064136
v 0.011504 0.351842 0.047111
v 0.018765 0.317036 0.063435
v 0.032591 0.346046 0.047589
v 0.023391 0.315846 0.027924
v 0.007700 0.316110 0.064136
v 0.009666 0.317398 0.024442
v 0.007700 0.316110 0.064136
v 0.023391 0.315846 0.027924
v 0.018765 0.317036 0.063435
v 0.013470 0.353130 0.007417
v 0.023391 0.315846 0.027924
v 0.009666 0.317398 0.024442
v 0.037216 0.344856 0.012078
v 0.023391 0.315846 0.027924
v 0.013470 0.353130 0.007417
v 0.037216 0.344856 0.012078
v 0.011504 0.351842 0.047111
v 0.032591 0.346046 0.047589
v 0.013470 0.353130 0.007417
v 0.011504 0.351842 0.047111
v 0.037216 0.344856 0.012078
v 0.030568 0.313866 0.063103
v 0.032591 0.346046 0.047589
v 0.018765 0.317036 0.063435
v 0.032591 0.346046 0.047589
v 0.030568 0.313866 0.063103
v 0.051291 0.332709 0.048728
v 0.032409 0.312161 0.031721
v 0.018765 0.317036 0.063435
v 0.023391 0.315846 0.027924
v 0.018765 0.317036 0.063435
v 0.032409 0.312161 0.031721
v 0.030568 0.313866 0.063103
v 0.032409 0.312161 0.031721
v 0.037216 0.344856 0.012078
v 0.053132 0.331004 0.017346
v 0.023391 0.315846 0.027924
v 0.037216 0.344856 0.012078
v 0.032409 0.312161 0.031721
v 0.053132 0.331004 0.017346
v 0.032591 0.346046 0.047589
v 0.051291 0.332709 0.048728
v 0.037216 0.344856 0.012078
v 0.032591 0.346046 0.047589
v 0.053132 0.331004 0.017346
v 0.040599 0.302362 0.061154
v 0.051291 0.332709 0.048728
v 0.030568 0.313866 0.063103
v 0.051291 0.332709 0.048728
v 0.040599 0.302362 0.061154
v 0.062718 0.311293 0.046839
v 0.037526 0.306015 0.033747
v 0.030568 0.313866 0.063103
v 0.032409 0.312161 0.031721
v 0.030568 0.313866 0.063103
v 0.037526 0.306015 0.033747
v 0.040599 0.302362 0.061154
v 0.059645 0.314947 0.019433
v 0.032409 0.312161 0.031721
v 0.053132 0.331004 0.017346
v 0.032409 0.312161 0.031721
v 0.059645 0.314947 0.019433
v 0.037526 0.306015 0.033747
v 0.059645 0.314947 0.019433
v 0.051291 0.332709 0.048728
v 0.062718 0.311293 0.046839
v 0.051291 0.332709 0.048728
v 0.059645 0.314947 0.019433
v 0.053132 0.331004 0.017346
v 0.062969 0.284965 0.037745
v 0.040599 0.302362 0.061154
v 0.042158 0.281336 0.053307
v 0.040599 0.302362 0.061154
v 0.062969 0.284965 0.037745
v 0.062718 0.311293 0.046839
v 0.042158 0.281336 0.053307
v 0.037526 0.306015 0.033747
v 0.038134 0.293326 0.030317
v 0.037526 0.306015 0.033747
v 0.042158 0.281336 0.053307
v 0.040599 0.302362 0.061154
v 0.058946 0.296955 0.014756
v 0.037526 0.306015 0.033747
v 0.059645 0.314947 0.019433
v 0.037526 0.306015 0.033747
v 0.058946 0.296955 0.014756
v 0.038134 0.293326 0.030317
v 0.062718 0.311293 0.046839
v 0.062969 0.284965 0.037745
v 0.058946 0.296955 0.014756
v 0.062718 0.311293 0.046839
v 0.058946 0.296955 0.014756
v 0.059645 0.314947 0.019433
v 0.082988 0.172442 -0.005173
v 0.082247 0.155594 -0.005524
v 0.082247 0.155594 -0.005524
v 0.082247 0.155594 -0.005524
v 0.086257 0.171560 -0.000542
v 0.082988 0.172442 -0.005173
v 0.082247 0.155594 -0.005524
v 0.088793 0.171214 -0.005676
v 0.086257 0.171560 -0.000542
v 0.088793 0.171214 -0.005676
v 0.082247 0.155594 -0.005524
v 0.082247 0.155594 -0.005524
v 0.088793 0.171214 -0.005676
v 0.082247 0.155594 -0.005524
v 0.082247 0.155594 -0.005524
v 0.082247 0.155594 -0.005524
v 0.085524 0.172096 -0.010306
v 0.088793 0.171214 -0.005676
v 0.085524 0.172096 -0.010306
v 0.082247 0.155594 -0.005524
v 0.082247 0.155594 -0.005524
v 0.082247 0.155594 -0.005524
v 0.082988 0.172442 -0.005173
v 0.085524 0.172096 -0.010306
v 0.083612 0.190996 -0.003630
v 0.082988 0.172442 -0.005173
v 0.086257 0.171560 -0.000542
v 0.086257 0.171560 -0.000542
v 0.090245 0.188806 0.005848
v 0.083612 0.190996 -0.003630
v 0.086257 0.171560 -0.000542
v 0.095602 0.188850 -0.004637
v 0.090245 0.188806 0.005848
v 0.095602 0.188850 -0.004637
v 0.086257 0.171560 -0.000542
v 0.088793 0.171214 -0.005676
v 0.095602 0.188850 -0.004637
v 0.088793 0.171214 -0.005676
v 0.085524 0.172096 -0.010306
v 0.085524 0.172096 -0.010306
v 0.088969 0.191040 -0.014115
v 0.095602 0.188850 -0.004637
v 0.085524 0.172096 -0.010306
v 0.083612 0.190996 -0.003630
v 0.088969 0.191040 -0.014115
v 0.083612 0.190996 -0.003630
v 0.085524 0.172096 -0.010306
v 0.082988 0.172442 -0.005173
v 0.083737 0.209973 -0.001010
v 0.083612 0.190996 -0.003630
v 0.090245 0.188806 0.005848
v 0.090245 0.188806 0.005848
v 0.093630 0.206318 0.013167
v 0.083737 0.209973 -0.001010
v 0.090245 0.188806 0.005848
v 0.101871 0.207606 -0.002411
v 0.093630 0.206318 0.013167
v 0.101871 0.207606 -0.002411
v 0.090245 0.188806 0.005848
v 0.095602 0.188850 -0.004637
v 0.101871 0.207606 -0.002411
v 0.095602 0.188850 -0.004637
v 0.088969 0.191040 -0.014115
v 0.091978 0.211261 -0.016587
v 0.101871 0.207606 -0.002411
v 0.088969 0.191040 -0.014115
v 0.088969 0.191040 -0.014115
v 0.083737 0.209973 -0.001010
v 0.091978 0.211261 -0.016587
v 0.083737 0.209973 -0.001010
v 0.088969 0.191040 -0.014115
v 0.083612 0.190996 -0.003630
v 0.083074 0.228238 0.002566
v 0.083737 0.209973 -0.001010
v 0.093630 0.206318 0.013167
v 0.093630 0.206318 0.013167
v 0.095922 0.223129 0.020966
v 0.083074 0.228238 0.002566
v 0.106868 0.226721 0.001040
v 0.093630 0.206318 0.013167
v 0.101871 0.207606 -0.002411
v 0.093630 0.206318 0.013167
v 0.106868 0.226721 0.001040
v 0.095922 0.223129 0.020966
v 0.106868 0.226721 0.001040
v 0.101871 0.207606 -0.002411
v 0.091978 0.211261 -0.016587
v 0.094020 0.231830 -0.017359
v 0.106868 0.226721 0.001040
v 0.091978 0.211261 -0.016587
v 0.091978 0.211261 -0.016587
v 0.083074 0.228238 0.002566
v 0.094020 0.231830 -0.017359
v 0.083074 0.228238 0.002566
v 0.091978 0.211261 -0.016587
v 0.083737 0.209973 -0.001010
v 0.081450 0.244819 0.006957
v 0.083074 0.228238 0.002566
v 0.095922 0.223129 0.020966
v 0.096759 0.238382 0.028805
v 0.081450 0.244819 0.006957
v 0.095922 0.223129 0.020966
v 0.109905 0.245557 0.005809
v 0.095922 0.223129 0.020966
v 0.106868 0.226721 0.001040
v 0.095922 0.223129 0.020966
v 0.109905 0.245557 0.005809
v 0.096759 0.238382 0.028805
v 0.109905 0.245557 0.005809
v 0.106868 0.226721 0.001040
v 0.094020 0.231830 -0.017359
v 0.094596 0.251995 -0.016039
v 0.109905 0.245557 0.005809
v 0.094020 0.231830 -0.017359
v 0.094020 0.231830 -0.017359
v 0.081450 0.244819 0.006957
v 0.094596 0.251995 -0.016039
v 0.081450 0.244819 0.006957
v 0.094020 0.231830 -0.017359
v 0.083074 0.228238 0.002566
v 0.078848 0.258965 0.011991
v 0.081450 0.244819 0.006957
v 0.096759 0.238382 0.028805
v 0.095958 0.251409 0.036235
v 0.078848 0.258965 0.011991
v 0.096759 0.238382 0.028805
v 0.110302 0.263535 0.012052
v 0.096759 0.238382 0.028805
v 0.109905 0.245557 0.005809
v 0.096759 0.238382 0.028805
v 0.110302 0.263535 0.012052
v 0.095958 0.251409 0.036235
v 0.110302 0.263535 0.012052
v 0.094596 0.251995 -0.016039
v 0.093192 0.271091 -0.012191
v 0.109905 0.245557 0.005809
v 0.094596 0.251995 -0.016039
v 0.110302 0.263535 0.012052
v 0.094596 0.251995 -0.016039
v 0.078848 0.258965 0.011991
v 0.093192 0.271091 -0.012191
v 0.078848 0.258965 0.011991
v 0.094596 0.251995 -0.016039
v 0.081450 0.244819 0.006957
v 0.075412 0.270327 0.017510
v 0.078848 0.258965 0.011991
v 0.095958 0.251409 0.036235
v 0.093536 0.261944 0.042836
v 0.075412 0.270327 0.017510
v 0.095958 0.251409 0.036235
v 0.093536 0.261944 0.042836
v 0.110302 0.263535 0.012052
v 0.107381 0.279959 0.019948
v 0.110302 0.263535 0.012052
v 0.093536 0.261944 0.042836
v 0.095958 0.251409 0.036235
v 0.089258 0.288342 -0.005378
v 0.110302 0.263535 0.012052
v 0.093192 0.271091 -0.012191
v 0.110302 0.263535 0.012052
v 0.089258 0.288342 -0.005378
v 0.107381 0.279959 0.019948
v 0.093192 0.271091 -0.012191
v 0.075412 0.270327 0.017510
v 0.089258 0.288342 -0.005378
v 0.075412 0.270327 0.017510
v 0.093192 0.271091 -0.012191
v 0.078848 0.258965 0.011991
v 0.071285 0.279190 0.023573
v 0.075412 0.270327 0.017510
v 0.093536 0.261944 0.042836
v 0.089534 0.270399 0.048449
v 0.071285 0.279190 0.023573
v 0.093536 0.261944 0.042836
v 0.089534 0.270399 0.048449
v 0.107381 0.279959 0.019948
v 0.100629 0.293779 0.029490
v 0.107381 0.279959 0.019948
v 0.089534 0.270399 0.048449
v 0.093536 0.261944 0.042836
v 0.082380 0.302569 0.004614
v 0.107381 0.279959 0.019948
v 0.089258 0.288342 -0.005378
v 0.107381 0.279959 0.019948
v 0.082380 0.302569 0.004614
v 0.100629 0.293779 0.029490
v 0.089258 0.288342 -0.005378
v 0.071285 0.279190 0.023573
v 0.082380 0.302569 0.004614
v 0.071285 0.279190 0.023573
v 0.089258 0.288342 -0.005378
v 0.075412 0.270327 0.017510
v 0.066203 0.286348 0.030740
v 0.089534 0.270399 0.048449
v 0.083556 0.277772 0.053512
v 0.089534 0.270399 0.048449
v 0.066203 0.286348 0.030740
v 0.071285 0.279190 0.023573
v 0.083556 0.277772 0.053512
v 0.100629 0.293779 0.029490
v 0.090099 0.303722 0.040206
v 0.089534 0.270399 0.048449
v 0.100629 0.293779 0.029490
v 0.083556 0.277772 0.053512
v 0.072746 0.312298 0.017434
v 0.100629 0.293779 0.029490
v 0.082380 0.302569 0.004614
v 0.100629 0.293779 0.029490
v 0.072746 0.312298 0.017434
v 0.090099 0.303722 0.040206
v 0.066203 0.286348 0.030740
v 0.082380 0.302569 0.004614
v 0.071285 0.279190 0.023573
v 0.082380 0.302569 0.004614
v 0.066203 0.286348 0.030740
v 0.072746 0.312298 0.017434
v 0.059387 0.292356 0.039952
v 0.083556 0.277772 0.053512
v 0.074592 0.284809 0.058968
v 0.083556 0.277772 0.053512
v 0.059387 0.292356 0.039952
v 0.066203 0.286348 0.030740
v 0.090099 0.303722 0.040206
v 0.076524 0.309035 0.051277
v 0.074592 0.284809 0.058968
v 0.090099 0.303722 0.040206
v 0.074592 0.284809 0.058968
v 0.083556 0.277772 0.053512
v 0.061319 0.316582 0.032261
v 0.090099 0.303722 0.040206
v 0.072746 0.312298 0.017434
v 0.090099 0.303722 0.040206
v 0.061319 0.316582 0.032261
v 0.076524 0.309035 0.051277
v 0.059387 0.292356 0.039952
v 0.072746 0.312298 0.017434
v 0.066203 0.286348 0.030740
v 0.072746 0.312298 0.017434
v 0.059387 0.292356 0.039952
v 0.061319 0.316582 0.032261
v 0.050198 0.297120 0.051887
v 0.074592 0.284809 0.058968
v 0.061715 0.291490 0.065566
v 0.074592 0.284809 0.058968
v 0.050198 0.297120 0.051887
v 0.059387 0.292356 0.039952
v 0.076524 0.309035 0.051277
v 0.060660 0.309899 0.062180
v 0.061715 0.291490 0.065566
v 0.076524 0.309035 0.051277
v 0.061715 0.291490 0.065566
v 0.074592 0.284809 0.058968
v 0.049143 0.315529 0.048502
v 0.076524 0.309035 0.051277
v 0.061319 0.316582 0.032261
v 0.076524 0.309035 0.051277
v 0.049143 0.315529 0.048502
v 0.060660 0.309899 0.062180
v 0.049143 0.315529 0.048502
v 0.059387 0.292356 0.039952
v 0.050198 0.297120 0.051887
v 0.061319 0.316582 0.032261
v 0.059387 0.292356 0.039952
v 0.049143 0.315529 0.048502
v 0.091270 0.191972 0.039228
v 0.087401 0.201515 0.042441
v 0.091270 0.191973 0.039227
v 0.091270 0.191972 0.039228
v 0.087701 0.199537 0.046806
v 0.087401 0.201515 0.042441
v 0.087701 0.199537 0.046806
v 0.091270 0.191972 0.039228
v 0.091270 0.191973 0.039228
v 0.091270 0.191973 0.039228
v 0.091774 0.201094 0.044796
v 0.087701 0.199537 0.046806
v 0.091774 0.201094 0.044796
v 0.091270 0.191973 0.039228
v 0.091270 0.191973 0.039227
v 0.091270 0.191973 0.039227
v 0.091475 0.203072 0.040431
v 0.091774 0.201094 0.044796
v 0.091270 0.191973 0.039227
v 0.087401 0.201515 0.042441
v 0.091475 0.203072 0.040431
v 0.087401 0.201515 0.042441
v 0.091270 0.191973 0.039227
v 0.091270 0.191973 0.039227
v 0.087701 0.199537 0.046806
v 0.084455 0.210748 0.045610
v 0.087401 0.201515 0.042441
v 0.087701 0.199537 0.046806
v 0.084960 0.207465 0.053701
v 0.084455 0.210748 0.045610
v 0.084960 0.207465 0.053701
v 0.087701 0.199537 0.046806
v 0.091774 0.201094 0.044796
v 0.092443 0.209802 0.049821
v 0.084960 0.207465 0.053701
v 0.091774 0.201094 0.044796
v 0.092443 0.209802 0.049821
v 0.091774 0.201094 0.044796
v 0.091475 0.203072 0.040431
v 0.091938 0.213085 0.041730
v 0.092443 0.209802 0.049821
v 0.091475 0.203072 0.040431
v 0.091475 0.203072 0.040431
v 0.084455 0.210748 0.045610
v 0.091938 0.213085 0.041730
v 0.084455 0.210748 0.045610
v 0.091475 0.203072 0.040431
v 0.087401 0.201515 0.042441
v 0.084960 0.207465 0.053701
v 0.082214 0.219684 0.047983
v 0.084455 0.210748 0.045610
v 0.084960 0.207465 0.053701
v 0.082841 0.216167 0.059740
v 0.082214 0.219684 0.047983
v 0.082841 0.216167 0.059740
v 0.084960 0.207465 0.053701
v 0.092443 0.209802 0.049821
v 0.093426 0.218479 0.053944
v 0.082841 0.216167 0.059740
v 0.092443 0.209802 0.049821
v 0.092799 0.221996 0.042187
v 0.093426 0.218479 0.053944
v 0.091938 0.213085 0.041730
v 0.092443 0.209802 0.049821
v 0.091938 0.213085 0.041730
v 0.093426 0.218479 0.053944
v 0.091938 0.213085 0.041730
v 0.082214 0.219684 0.047983
v 0.092799 0.221996 0.042187
v 0.082214 0.219684 0.047983
v 0.091938 0.213085 0.041730
v 0.084455 0.210748 0.045610
v 0.080368 0.228270 0.049160
v 0.082214 0.219684 0.047983
v 0.082841 0.216167 0.059740
v 0.081081 0.225714 0.064624
v 0.080368 0.228270 0.049160
v 0.082841 0.216167 0.059740
v 0.081081 0.225714 0.064624
v 0.082841 0.216167 0.059740
v 0.093426 0.218479 0.053944
v 0.094650 0.227497 0.056950
v 0.081081 0.225714 0.064624
v 0.093426 0.218479 0.053944
v 0.093937 0.230053 0.041486
v 0.094650 0.227497 0.056950
v 0.092799 0.221996 0.042187
v 0.093426 0.218479 0.053944
v 0.092799 0.221996 0.042187
v 0.094650 0.227497 0.056950
v 0.092799 0.221996 0.042187
v 0.080368 0.228270 0.049160
v 0.093937 0.230053 0.041486
v 0.080368 0.228270 0.049160
v 0.092799 0.221996 0.042187
v 0.082214 0.219684 0.047983
v 0.078547 0.236413 0.049115
v 0.080368 0.228270 0.049160
v 0.081081 0.225714 0.064624
v 0.079288 0.235696 0.068121
v 0.078547 0.236413 0.049115
v 0.081081 0.225714 0.064624
v 0.095783 0.237192 0.058743
v 0.079288 0.235696 0.068121
v 0.094650 0.227497 0.056950
v 0.081081 0.225714 0.064624
v 0.094650 0.227497 0.056950
v 0.079288 0.235696 0.068121
v 0.095042 0.237909 0.039737
v 0.095783 0.237192 0.058743
v 0.093937 0.230053 0.041486
v 0.094650 0.227497 0.056950
v 0.093937 0.230053 0.041486
v 0.095783 0.237192 0.058743
v 0.093937 0.230053 0.041486
v 0.078547 0.236413 0.049115
v 0.095042 0.237909 0.039737
v 0.078547 0.236413 0.049115
v 0.093937 0.230053 0.041486
v 0.080368 0.228270 0.049160
v 0.077019 0.245251 0.070330
v 0.076383 0.244076 0.048161
v 0.079288 0.235696 0.068121
v 0.078547 0.236413 0.049115
v 0.079288 0.235696 0.068121
v 0.076383 0.244076 0.048161
v 0.096179 0.247773 0.059384
v 0.077019 0.245251 0.070330
v 0.095783 0.237192 0.058743
v 0.079288 0.235696 0.068121
v 0.095783 0.237192 0.058743
v 0.077019 0.245251 0.070330
v 0.095543 0.246598 0.037214
v 0.096179 0.247773 0.059384
v 0.095042 0.237909 0.039737
v 0.095783 0.237192 0.058743
v 0.095042 0.237909 0.039737
v 0.096179 0.247773 0.059384
v 0.095042 0.237909 0.039737
v 0.076383 0.244076 0.048161
v 0.095543 0.246598 0.037214
v 0.076383 0.244076 0.048161
v 0.095042 0.237909 0.039737
v 0.078547 0.236413 0.049115
v 0.074062 0.253431 0.071669
v 0.073521 0.251390 0.046834
v 0.077019 0.245251 0.070330
v 0.076383 0.244076 0.048161
v 0.077019 0.245251 0.070330
v 0.073521 0.251390 0.046834
v 0.094860 0.259202 0.059204
v 0.077019 0.245251 0.070330
v 0.096179 0.247773 0.059384
v 0.077019 0.245251 0.070330
v 0.094860 0.259202 0.059204
v 0.074062 0.253431 0.071669
v 0.094860 0.259202 0.059204
v 0.096179 0.247773 0.059384
v 0.095543 0.246598 0.037214
v 0.094319 0.257161 0.034368
v 0.094860 0.259202 0.059204
v 0.095543 0.246598 0.037214
v 0.094319 0.257161 0.034368
v 0.095543 0.246598 0.037214
v 0.076383 0.244076 0.048161
v 0.073521 0.251390 0.046834
v 0.094319 0.257161 0.034368
v 0.076383 0.244076 0.048161
v 0.070532 0.259942 0.072472
v 0.069493 0.258802 0.045819
v 0.074062 0.253431 0.071669
v 0.073521 0.251390 0.046834
v 0.074062 0.253431 0.071669
v 0.069493 0.258802 0.045819
v 0.090644 0.271053 0.058878
v 0.074062 0.253431 0.071669
v 0.094860 0.259202 0.059204
v 0.074062 0.253431 0.071669
v 0.090644 0.271053 0.058878
v 0.070532 0.259942 0.072472
v 0.089606 0.269913 0.032225
v 0.090644 0.271053 0.058878
v 0.094319 0.257161 0.034368
v 0.094860 0.259202 0.059204
v 0.094319 0.257161 0.034368
v 0.090644 0.271053 0.058878
v 0.089606 0.269913 0.032225
v 0.094319 0.257161 0.034368
v 0.073521 0.251390 0.046834
v 0.069493 0.258802 0.045819
v 0.089606 0.269913 0.032225
v 0.073521 0.251390 0.046834
v 0.066087 0.265964 0.072748
v 0.063416 0.267073 0.046044
v 0.070532 0.259942 0.072472
v 0.069493 0.258802 0.045819
v 0.070532 0.259942 0.072472
v 0.063416 0.267073 0.046044
v 0.066087 0.265964 0.072748
v 0.090644 0.271053 0.058878
v 0.082452 0.282510 0.059336
v 0.090644 0.271053 0.058878
v 0.066087 0.265964 0.072748
v 0.070532 0.259942 0.072472
v 0.079781 0.283618 0.032633
v 0.090644 0.271053 0.058878
v 0.089606 0.269913 0.032225
v 0.090644 0.271053 0.058878
v 0.079781 0.283618 0.032633
v 0.082452 0.282510 0.059336
v 0.089606 0.269913 0.032225
v 0.063416 0.267073 0.046044
v 0.079781 0.283618 0.032633
v 0.063416 0.267073 0.046044
v 0.089606 0.269913 0.032225
v 0.069493 0.258802 0.045819
v 0.058710 0.273735 0.072797
v 0.053906 0.276893 0.048922
v 0.066087 0.265964 0.072748
v 0.063416 0.267073 0.046044
v 0.066087 0.265964 0.072748
v 0.053906 0.276893 0.048922
v 0.058710 0.273735 0.072797
v 0.082452 0.282510 0.059336
v 0.069386 0.292754 0.061514
v 0.082452 0.282510 0.059336
v 0.058710 0.273735 0.072797
v 0.066087 0.265964 0.072748
v 0.082452 0.282510 0.059336
v 0.064583 0.295913 0.037640
v 0.069386 0.292754 0.061514
v 0.064583 0.295913 0.037640
v 0.082452 0.282510 0.059336
v 0.079781 0.283618 0.032633
v 0.079781 0.283618 0.032633
v 0.053906 0.276893 0.048922
v 0.064583 0.295913 0.037640
v 0.053906 0.276893 0.048922
v 0.079781 0.283618 0.032633
v 0.063416 0.267073 0.046044
v 0.039544 0.288529 0.056350
v 0.058710 0.273735 0.072797
v 0.045161 0.284912 0.073866
v 0.058710 0.273735 0.072797
v 0.039544 0.288529 0.056350
v 0.053906 0.276893 0.048922
v 0.045161 0.284912 0.073866
v 0.069386 0.292754 0.061514
v 0.050270 0.301314 0.066360
v 0.069386 0.292754 0.061514
v 0.045161 0.284912 0.073866
v 0.058710 0.273735 0.072797
v 0.069386 0.292754 0.061514
v 0.044652 0.304932 0.048844
v 0.050270 0.301314 0.066360
v 0.044652 0.304932 0.048844
v 0.069386 0.292754 0.061514
v 0.064583 0.295913 0.037640
v 0.039544 0.288529 0.056350
v 0.064583 0.295913 0.037640
v 0.053906 0.276893 0.048922
v 0.064583 0.295913 0.037640
v 0.039544 0.288529 0.056350
v 0.044652 0.304932 0.048844
v -0.020308 0.210675 0.096450
v -0.064157 0.212789 0.081986
v -0.023034 0.208823 0.103954
v -0.066883 0.210937 0.091438
v -0.023034 0.208823 0.103954
v -0.064157 0.212789 0.081986
v -0.020308 0.210675 0.096450
v -0.024336 0.200366 0.100384
v -0.021610 0.202218 0.092880
v -0.024336 0.200366 0.100384
v -0.020308 0.210675 0.096450
v -0.023034 0.208823 0.103954
v -0.067255 0.203076 0.089251
v -0.064157 0.212789 0.081986
v -0.064529 0.204927 0.079796
v -0.064157 0.212789 0.081986
v -0.067255 0.203076 0.089251
v -0.066883 0.210937 0.091438
v -0.024336 0.200366 0.100384
v -0.064529 0.204927 0.079796
v -0.021610 0.202218 0.092880
v -0.064529 0.204927 0.079796
v -0.024336 0.200366 0.100384
v -0.067255 0.203076 0.089251
v -0.024336 0.200366 0.100384
v -0.066883 0.210937 0.091438
v -0.067255 0.203076 0.089251
v -0.066883 0.210937 0.091438
v -0.024336 0.200366 0.100384
v -0.023034 0.208823 0.103954
v -0.064157 0.212789 0.081986
v -0.020308 0.210675 0.096450
v -0.021610 0.202218 0.092880
v -0.064157 0.212789 0.081986
v -0.021610 0.202218 0.092880
v -0.064529 0.204927 0.079796
v 0.064157 0.212789 0.081986
v 0.023034 0.208823 0.103954
v 0.066883 0.210937 0.091438
v 0.023034 0.208823 0.103954
v 0.064157 0.212789 0.081986
v 0.020308 0.210675 0.096450
v 0.020308 0.210675 0.096450
v 0.021610 0.202218 0.092880
v 0.024336 0.200366 0.100384
v 0.024336 0.200366 0.100384
v 0.023034 0.208823 0.103954
v 0.020308 0.210675 0.096450
v 0.064157 0.212789 0.081986
v 0.067255 0.203076 0.089251
v 0.064529 0.204927 0.079796
v 0.067255 0.203076 0.089251
v 0.064157 0.212789 0.081986
v 0.066883 0.210937 0.091438
v 0.064529 0.204927 0.079796
v 0.024336 0.200366 0.100384
v 0.021610 0.202218 0.092880
v 0.024336 0.200366 0.100384
v 0.064529 0.204927 0.079796
v 0.067255 0.203076 0.089251
v 0.066883 0.210937 0.091438
v 0.023034 0.208823 0.103954
v 0.024336 0.200366 0.100384
v 0.066883 0.210937 0.091438
v 0.024336 0.200366 0.100384
v 0.067255 0.203076 0.089251
v 0.021610 0.202218 0.092880
v 0.064157 0.212789 0.081986
v 0.064529 0.204927 0.079796
v 0.064157 0.212789 0.081986
v 0.021610 0.202218 0.092880
v 0.020308 0.210675 0.096450
v -0.050279 0.207741 0.071099
v -0.056243 0.204405 0.089617
v -0.037445 0.202500 0.095328
v -0.037445 0.202500 0.095328
v -0.031481 0.205837 0.076810
v -0.050279 0.207741 0.071099
v -0.038266 0.183139 0.091574
v -0.051101 0.188380 0.067346
v -0.032302 0.186475 0.073056
v -0.051101 0.188380 0.067346
v -0.038266 0.183139 0.091574
v -0.057064 0.185044 0.085863
v -0.037445 0.202500 0.095328
v -0.057064 0.185044 0.085863
v -0.038266 0.183139 0.091574
v -0.037445 0.202500 0.095328
v -0.056243 0.204405 0.089617
v -0.057064 0.185044 0.085863
v -0.057064 0.185044 0.085863
v -0.050279 0.207741 0.071099
v -0.051101 0.188380 0.067346
v -0.050279 0.207741 0.071099
v -0.057064 0.185044 0.085863
v -0.056243 0.204405 0.089617
v -0.051101 0.188380 0.067346
v -0.031481 0.205837 0.076810
v -0.032302 0.186475 0.073056
v -0.031481 0.205837 0.076810
v -0.051101 0.188380 0.067346
v -0.050279 0.207741 0.071099
v -0.038266 0.183139 0.091574
v -0.032302 0.186475 0.073056
v -0.031481 0.205837 0.076810
v -0.031481 0.205837 0.076810
v -0.037445 0.202500 0.095328
v -0.038266 0.183139 0.091574
v 0.050279 0.207741 0.071099
v 0.037444 0.202500 0.095328
v 0.056243 0.204405 0.089617
v 0.037444 0.202500 0.095328
v 0.050279 0.207741 0.071099
v 0.031481 0.205837 0.076810
v 0.051100 0.188380 0.067346
v 0.038266 0.183139 0.091574
v 0.032302 0.186475 0.073056
v 0.038266 0.183139 0.091574
v 0.051100 0.188380 0.067346
v 0.057064 0.185044 0.085863
v 0.057064 0.185044 0.085863
v 0.037444 0.202500 0.095328
v 0.038266 0.183139 0.091574
v 0.037444 0.202500 0.095328
v 0.057064 0.185044 0.085863
v 0.056243 0.204405 0.089617
v 0.050279 0.207741 0.071099
v 0.057064 0.185044 0.085863
v 0.051100 0.188380 0.067346
v 0.057064 0.185044 0.085863
v 0.050279 0.207741 0.071099
v 0.056243 0.204405 0.089617
v 0.051100 0.188380 0.067346
v 0.031481 0.205837 0.076810
v 0.050279 0.207741 0.071099
v 0.031481 0.205837 0.076810
v 0.051100 0.188380 0.067346
v 0.032302 0.186475 0.073056
v 0.038266 0.183139 0.091574
v 0.031481 0.205837 0.076810
v 0.032302 0.186475 0.073056
v 0.031481 0.205837 0.076810
v 0.038266 0.183139 0.091574
v 0.037444 0.202500 0.095328
vn 0.167515 0.971217 0.169339
vn 0.167515 0.971217 0.169339
vn 0.167515 0.971217 0.169339
vn 0.167515 0.971217 0.169339
vn 0.167515 0.971217 0.169339
vn 0.167515 0.971217 0.169339
vn -0.759593 -0.457232 -0.462554
vn -0.759593 -0.457232 -0.462554
vn -0.759593 -0.457232 -0.462554
vn -0.759593 -0.457232 -0.462554
vn -0.759593 -0.457232 -0.462554
vn -0.759593 -0.457232 -0.462554
vn -0.884615 0.077454 -0.459845
vn -0.884615 0.077454 -0.459845
vn -0.884615 0.077454 -0.459845
vn -0.884615 0.077454 -0.459845
vn -0.884615 0.077454 -0.459845
vn -0.884615 0.077454 -0.459845
vn -0.483394 -0.803979 -0.346336
vn -0.483394 -0.803979 -0.346336
vn -0.483394 -0.803979 -0.346336
vn -0.483394 -0.803979 -0.346336
vn -0.483394 -0.803979 -0.346336
vn -0.483394 -0.803979 -0.346336
vn -0.205153 -0.959134 -0.194870
vn -0.205153 -0.959134 -0.194870
vn -0.205153 -0.959134 -0.194870
vn -0.205153 -0.959134 -0.194870
vn -0.205153 -0.959134 -0.194870
vn -0.205153 -0.959134 -0.194870
vn -0.412188 0.899069 -0.147566
vn -0.412188 0.899069 -0.147566
vn -0.412188 0.899069 -0.147566
vn -0.412188 0.899069 -0.147566
vn -0.412188 0.899069 -0.147566
vn -0.412188 0.899069 -0.147566
vn 0.268199 -0.015725 -0.963235
vn 0.268199 -0.015725 -0.963235
vn 0.268199 -0.015725 -0.963235
vn 0.268199 -0.015725 -0.963235
vn 0.268199 -0.015725 -0.963235
vn 0.268199 -0.015725 -0.963235
vn 0.294864 0.049721 -0.954245
vn 0.294864 0.049721 -0.954245
vn 0.294864 0.049721 -0.954245
vn 0.294864 0.049721 -0.954245
vn 0.294864 0.049721 -0.954245
vn 0.294864 0.049721 -0.954245
vn 0.358195 0.061251 -0.931636
vn 0.358195 0.061251 -0.931636
vn 0.358195 0.061251 -0.931636
vn 0.358195 0.061251 -0.931636
vn 0.358195 0.061251 -0.931636
vn 0.358195 0.061251 -0.931636
vn 0.396865 -0.015112 -0.917753
vn 0.396865 -0.015112 -0.917753
vn 0.396865 -0.015112 -0.917753
vn 0.396865 -0.015112 -0.917753
vn 0.396865 -0.015112 -0.917753
vn 0.396865 -0.015112 -0.917753
vn -0.440748 0.000123 0.897631
vn -0.440748 0.000123 0.897631
vn -0.440748 0.000123 0.897631
vn -0.440748 0.000123 0.897631
vn -0.440748 0.000123 0.897631
vn -0.440748 0.000123 0.897631
vn -0.443461 -0.077116 0.892970
vn -0.443461 -0.077116 0.892970
vn -0.443461 -0.077116 0.892970
vn -0.443461 -0.077116 0.892970
vn -0.443461 -0.077116 0.892970
vn -0.443461 -0.077116 0.892970
vn -0.478238 -0.072040 0.875271
vn -0.478238 -0.072040 0.875271
vn -0.478238 -0.072040 0.875271
vn -0.478238 -0.072040 0.875271
vn -0.478238 -0.072040 0.875271
vn -0.478238 -0.072040 0.875271
vn -0.514058 0.009127 0.857707
vn -0.514058 0.009127 0.857707
vn -0.514058 0.009127 0.857707
vn -0.514058 0.009127 0.857707
vn -0.514058 0.009127 0.857707
vn -0.514058 0.009127 0.857707
vn -0.171917 0.227834 0.958403
vn -0.171917 0.227834 0.958403
vn -0.171917 0.227834 0.958403
vn -0.171917 0.227834 0.958403
vn -0.171917 0.227834 0.958403
vn -0.171917 0.227834 0.958403
vn -0.134242 -0.990723 0.021167
vn -0.134242 -0.990723 0.021167
vn -0.134242 -0.990723 0.021167
vn -0.134242 -0.990723 0.021167
vn -0.134242 -0.990723 0.021167
vn -0.134242 -0.990723 0.021167
vn -0.996399 0.067988 0.050654
vn -0.996399 0.067988 0.050654
vn -0.996399 0.067988 0.050654
vn -0.996399 0.067988 0.050654
vn -0.996399 0.067988 0.050654
vn -0.996399 0.067988 0.050654
vn -0.167515 0.971217 0.169339
vn -0.167515 0.971217 0.169339
vn -0.167515 0.971217 0.169339
vn -0.167515 0.971217 0.169339
vn -0.167515 0.971217 0.169339
vn -0.167515 0.971217 0.169339
vn 0.759597 -0.457229 -0.462552
vn 0.759597 -0.457229 -0.462552
vn 0.759597 -0.457229 -0.462552
vn 0.759597 -0.457229 -0.462552
vn 0.759597 -0.457229 -0.462552
vn 0.759597 -0.457229 -0.462552
vn 0.884617 0.077455 -0.459841
vn 0.884617 0.077455 -0.459841
vn 0.884617 0.077455 -0.459841
vn 0.884617 0.077455 -0.459841
vn 0.884617 0.077455 -0.459841
vn 0.884617 0.077455 -0.459841
vn 0.483401 -0.803975 -0.346335
vn 0.483401 -0.803975 -0.346335
vn 0.483401 -0.803975 -0.346335
vn 0.483401 -0.803975 -0.346335
vn 0.483401 -0.803975 -0.346335
vn 0.483401 -0.803975 -0.346335
vn 0.205149 -0.959135 -0.194870
vn 0.205149 -0.959135 -0.194870
vn 0.205149 -0.959135 -0.194870
vn 0.205149 -0.959135 -0.194870
vn 0.205149 -0.959135 -0.194870
vn 0.205149 -0.959135 -0.194870
vn 0.412188 0.899069 -0.147565
vn 0.412188 0.899069 -0.147565
vn 0.412188 0.899069 -0.147565
vn 0.412188 0.899069 -0.147565
vn 0.412188 0.899069 -0.147565
vn 0.412188 0.899069 -0.147565
vn -0.268201 -0.015724 -0.963235
vn -0.268201 -0.015724 -0.963235
vn -0.268201 -0.015724 -0.963235
vn -0.268201 -0.015724 -0.963235
vn -0.268201 -0.015724 -0.963235
vn -0.268201 -0.015724 -0.963235
vn -0.294863 0.049721 -0.954245
vn -0.294863 0.049721 -0.954245
vn -0.294863 0.049721 -0.954245
vn -0.294863 0.049721 -0.954245
vn -0.294863 0.049721 -0.954245
vn -0.294863 0.049721 -0.954245
vn -0.358194 0.061251 -0.931636
vn -0.358194 0.061251 -0.931636
vn -0.358194 0.061251 -0.931636
vn -0.358194 0.061251 -0.931636
vn -0.358194 0.061251 -0.931636
vn -0.358194 0.061251 -0.931636
vn -0.396867 -0.015113 -0.917752
vn -0.396867 -0.015113 -0.917752
vn -0.396867 -0.015113 -0.917752
vn -0.396867 -0.015113 -0.917752
vn -0.396867 -0.015113 -0.917752
vn -0.396867 -0.015113 -0.917752
vn 0.440750 0.000123 0.897630
vn 0.440750 0.000123 0.897630
vn 0.440750 0.000123 0.897630
vn 0.440750 0.000123 0.897630
vn 0.440750 0.000123 0.897630
vn 0.440750 0.000123 0.897630
vn 0.443460 -0.077116 0.892971
vn 0.443460 -0.077116 0.892971
vn 0.443460 -0.077116 0.892971
vn 0.443460 -0.077116 0.892971
vn 0.443460 -0.077116 0.892971
vn 0.443460 -0.077116 0.892971
vn 0.478232 -0.072041 0.875274
vn 0.478232 -0.072041 0.875274
vn 0.478232 -0.072041 0.875274
vn 0.478232 -0.072041 0.875274
vn 0.478232 -0.072041 0.875274
vn 0.478232 -0.072041 0.875274
vn 0.514054 0.009126 0.857709
vn 0.514054 0.009126 0.857709
vn 0.514054 0.009126 0.857709
vn 0.514054 0.009126 0.857709
vn 0.514054 0.009126 0.857709
vn 0.514054 0.009126 0.857709
vn 0.171916 0.227834 0.958403
vn 0.171916 0.227834 0.958403
vn 0.171916 0.227834 0.958403
vn 0.171916 0.227834 0.958403
vn 0.171916 0.227834 0.958403
vn 0.171916 0.227834 0.958403
vn 0.134221 -0.990725 0.021167
vn 0.134221 -0.990725 0.021167
vn 0.134221 -0.990725 0.021167
vn 0.134221 -0.990725 0.021167
vn 0.134221 -0.990725 0.021167
vn 0.134221 -0.990725 0.021167
vn 0.996399 0.067987 0.050654
vn 0.996399 0.067987 0.050654
vn 0.996399 0.067987 0.050654
vn 0.996399 0.067987 0.050654
vn 0.996399 0.067987 0.050654
vn 0.996399 0.067987 0.050654
vn -0.570637 0.000000 0.821202
vn -0.570637 0.000000 0.821202
vn -0.570637 0.000000 0.821202
vn 0.069975 0.000000 0.997549
vn 0.069975 0.000000 0.997549
vn 0.069975 0.000000 0.997549
vn -0.961892 0.000000 -0.273431
vn -0.961892 0.000000 -0.273431
vn -0.961892 0.000000 -0.273431
vn 0.954465 0.000000 0.298323
vn 0.954465 0.000000 0.298323
vn 0.954465 0.000000 0.298323
vn -0.548660 0.000000 -0.836046
vn -0.548660 0.000000 -0.836046
vn -0.548660 0.000000 -0.836046
vn 0.996335 0.000000 -0.085534
vn 0.996335 0.000000 -0.085534
vn 0.996335 0.000000 -0.085534
vn -0.069975 0.000000 0.997549
vn -0.069975 0.000000 0.997549
vn -0.069975 0.000000 0.997549
vn 0.137452 0.000000 -0.990508
vn 0.137452 0.000000 -0.990508
vn 0.137452 0.000000 -0.990508
vn 0.973563 0.000000 0.228419
vn 0.973563 0.000000 0.228419
vn 0.973563 0.000000 0.228419
vn -0.954465 0.000000 0.298323
vn -0.954465 0.000000 0.298323
vn -0.954465 0.000000 0.298323
vn 0.570637 0.000000 0.821202
vn 0.570637 0.000000 0.821202
vn 0.570637 0.000000 0.821202
vn -0.996335 0.000000 -0.085534
vn -0.996335 0.000000 -0.085534
vn -0.996335 0.000000 -0.085534
vn 0.961892 0.000000 -0.273431
vn 0.961892 0.000000 -0.273431
vn 0.961892 0.000000 -0.273431
vn -0.137452 0.000000 -0.990508
vn -0.137452 0.000000 -0.990508
vn -0.137452 0.000000 -0.990508
vn -0.973563 0.000000 0.228419
vn -0.973563 0.000000 0.228419
vn -0.973563 0.000000 0.228419
vn 0.548660 0.000000 -0.836046
vn 0.548660 0.000000 -0.836046
vn 0.548660 0.000000 -0.836046
vn -0.258434 -0.044656 0.964996
vn -0.258434 -0.044656 0.964996
vn -0.258434 -0.044656 0.964996
vn -0.258434 -0.044656 0.964996
vn -0.258434 -0.044656 0.964996
vn -0.258434 -0.044656 0.964996
vn -0.875237 -0.467015 0.125926
vn -0.875237 -0.467015 0.125926
vn -0.875237 -0.467015 0.125926
vn -0.875237 -0.467015 0.125926
vn -0.875237 -0.467015 0.125926
vn -0.875237 -0.467015 0.125926
vn -0.249249 -0.725698 0.641278
vn -0.249249 -0.725698 0.641278
vn -0.249249 -0.725698 0.641278
vn -0.249249 -0.725698 0.641278
vn -0.249249 -0.725698 0.641278
vn -0.249249 -0.725698 0.641278
vn -0.854932 -0.515817 0.054997
vn -0.854932 -0.515817 0.054997
vn -0.854932 -0.515817 0.054997
vn -0.854932 -0.515817 0.054997
vn -0.854932 -0.515817 0.054997
vn -0.854932 -0.515817 0.054997
vn -0.847666 -0.510308 -0.145081
vn -0.847666 -0.510308 -0.145081
vn -0.847666 -0.510308 -0.145081
vn -0.847666 -0.510308 -0.145081
vn -0.847666 -0.510308 -0.145081
vn -0.847666 -0.510308 -0.145081
vn -0.812564 -0.582561 -0.019035
vn -0.812564 -0.582561 -0.019035
vn -0.812564 -0.582561 -0.019035
vn -0.812564 -0.582561 -0.019035
vn -0.812564 -0.582561 -0.019035
vn -0.812564 -0.582561 -0.019035
vn -0.690480 0.613036 -0.383958
vn -0.690480 0.613036 -0.383958
vn -0.690480 0.613036 -0.383958
vn -0.690480 0.613036 -0.383958
vn -0.690480 0.613036 -0.383958
vn -0.690480 0.613036 -0.383958
vn -0.618880 0.782029 -0.073609
vn -0.618880 0.782029 -0.073609
vn -0.618880 0.782029 -0.073609
vn -0.618880 0.782029 -0.073609
vn -0.618880 0.782029 -0.073609
vn -0.618880 0.782029 -0.073609
vn -0.599961 0.783031 0.164041
vn -0.599961 0.783031 0.164041
vn -0.599961 0.783031 0.164041
vn -0.599961 0.783031 0.164041
vn -0.599961 0.783031 0.164041
vn -0.599961 0.783031 0.164041
vn -0.538735 0.655953 0.528668
vn -0.538735 0.655953 0.528668
vn -0.538735 0.655953 0.528668
vn -0.538735 0.655953 0.528668
vn -0.538735 0.655953 0.528668
vn -0.538735 0.655953 0.528668
vn -0.748422 0.602668 -0.276868
vn -0.748422 0.602668 -0.276868
vn -0.748422 0.602668 -0.276868
vn -0.748422 0.602668 -0.276868
vn -0.748422 0.602668 -0.276868
vn -0.748422 0.602668 -0.276868
vn -0.908039 0.405446 -0.105255
vn -0.908039 0.405446 -0.105255
vn -0.908039 0.405446 -0.105255
vn -0.908039 0.405446 -0.105255
vn -0.908039 0.405446 -0.105255
vn -0.908039 0.405446 -0.105255
vn -0.558131 0.655922 -0.508188
vn -0.558131 0.655922 -0.508188
vn -0.558131 0.655922 -0.508188
vn -0.558131 0.655922 -0.508188
vn -0.558131 0.655922 -0.508188
vn -0.558131 0.655922 -0.508188
vn -0.928676 0.338942 0.150593
vn -0.928676 0.338942 0.150593
vn -0.928676 0.338942 0.150593
vn -0.928676 0.338942 0.150593
vn -0.928676 0.338942 0.150593
vn -0.928676 0.338942 0.150593
vn -0.891567 0.383592 0.240759
vn -0.891567 0.383592 0.240759
vn -0.891567 0.383592 0.240759
vn -0.891567 0.383592 0.240759
vn -0.891567 0.383592 0.240759
vn -0.891567 0.383592 0.240759
vn -0.517831 0.566895 0.640687
vn -0.517831 0.566895 0.640687
vn -0.517831 0.566895 0.640687
vn -0.517831 0.566895 0.640687
vn -0.517831 0.566895 0.640687
vn -0.517831 0.566895 0.640687
vn -0.186540 0.628047 0.755487
vn -0.186540 0.628047 0.755487
vn -0.186540 0.628047 0.755487
vn -0.186540 0.628047 0.755487
vn -0.186540 0.628047 0.755487
vn -0.186540 0.628047 0.755487
vn -0.110521 0.029837 -0.993426
vn -0.110521 0.029837 -0.993426
vn -0.110521 0.029837 -0.993426
vn -0.110521 0.029837 -0.993426
vn -0.110521 0.029837 -0.993426
vn -0.110521 0.029837 -0.993426
vn -0.125998 0.638068 -0.759601
vn -0.125998 0.638068 -0.759601
vn -0.125998 0.638068 -0.759601
vn -0.125998 0.638068 -0.759601
vn -0.125998 0.638068 -0.759601
vn -0.125998 0.638068 -0.759601
vn -0.183483 0.880331 -0.437438
vn -0.183483 0.880331 -0.437438
vn -0.183483 0.880331 -0.437438
vn -0.183483 0.880331 -0.437438
vn -0.183483 0.880331 -0.437438
vn -0.183483 0.880331 -0.437438
vn -0.209718 0.976865 -0.041865
vn -0.209718 0.976865 -0.041865
vn -0.209718 0.976865 -0.041865
vn -0.209718 0.976865 -0.041865
vn -0.209718 0.976865 -0.041865
vn -0.209718 0.976865 -0.041865
vn -0.205340 0.967182 0.149646
vn -0.205340 0.967182 0.149646
vn -0.205340 0.967182 0.149646
vn -0.205340 0.967182 0.149646
vn -0.205340 0.967182 0.149646
vn -0.205340 0.967182 0.149646
vn -0.166773 0.741802 0.649551
vn -0.166773 0.741802 0.649551
vn -0.166773 0.741802 0.649551
vn -0.166773 0.741802 0.649551
vn -0.166773 0.741802 0.649551
vn -0.166773 0.741802 0.649551
vn -0.987124 -0.116246 0.109879
vn -0.987124 -0.116246 0.109879
vn -0.987124 -0.116246 0.109879
vn -0.987124 -0.116246 0.109879
vn -0.987124 -0.116246 0.109879
vn -0.987124 -0.116246 0.109879
vn -0.977274 -0.138219 0.160718
vn -0.977274 -0.138219 0.160718
vn -0.977274 -0.138219 0.160718
vn -0.977274 -0.138219 0.160718
vn -0.977274 -0.138219 0.160718
vn -0.977274 -0.138219 0.160718
vn -0.958413 -0.099191 -0.267591
vn -0.958413 -0.099191 -0.267591
vn -0.958413 -0.099191 -0.267591
vn -0.958413 -0.099191 -0.267591
vn -0.958413 -0.099191 -0.267591
vn -0.958413 -0.099191 -0.267591
vn -0.248387 -0.014895 0.968546
vn -0.248387 -0.014895 0.968546
vn -0.248387 -0.014895 0.968546
vn -0.248387 -0.014895 0.968546
vn -0.248387 -0.014895 0.968546
vn -0.248387 -0.014895 0.968546
vn -0.525280 0.055199 -0.849137
vn -0.525280 0.055199 -0.849137
vn -0.525280 0.055199 -0.849137
vn -0.525280 0.055199 -0.849137
vn -0.525280 0.055199 -0.849137
vn -0.525280 0.055199 -0.849137
vn -0.852125 -0.143358 0.503321
vn -0.852125 -0.143358 0.503321
vn -0.852125 -0.143358 0.503321
vn -0.852125 -0.143358 0.503321
vn -0.852125 -0.143358 0.503321
vn -0.852125 -0.143358 0.503321
vn -0.994894 -0.060068 -0.081098
vn -0.994894 -0.060068 -0.081098
vn -0.994894 -0.060068 -0.081098
vn -0.994894 -0.060068 -0.081098
vn -0.994894 -0.060068 -0.081098
vn -0.994894 -0.060068 -0.081098
vn -0.801876 0.086613 0.591179
vn -0.801876 0.086613 0.591179
vn -0.801876 0.086613 0.591179
vn -0.801876 0.086613 0.591179
vn -0.801876 0.086613 0.591179
vn -0.801876 0.086613 0.591179
vn -0.216810 0.221966 0.950644
vn -0.216810 0.221966 0.950644
vn -0.216810 0.221966 0.950644
vn -0.216810 0.221966 0.950644
vn -0.216810 0.221966 0.950644
vn -0.216810 0.221966 0.950644
vn -0.978951 0.071788 -0.191054
vn -0.978951 0.071788 -0.191054
vn -0.978951 0.071788 -0.191054
vn -0.978951 0.071788 -0.191054
vn -0.978951 0.071788 -0.191054
vn -0.978951 0.071788 -0.191054
vn -0.984617 0.070498 0.159870
vn -0.984617 0.070498 0.159870
vn -0.984617 0.070498 0.159870
vn -0.984617 0.070498 0.159870
vn -0.984617 0.070498 0.159870
vn -0.984617 0.070498 0.159870
vn -0.987764 0.084149 0.131306
vn -0.987764 0.084149 0.131306
vn -0.987764 0.084149 0.131306
vn -0.987764 0.084149 0.131306
vn -0.987764 0.084149 0.131306
vn -0.987764 0.084149 0.131306
vn -0.986088 0.117302 -0.117770
vn -0.986088 0.117302 -0.117770
vn -0.986088 0.117302 -0.117770
vn -0.986088 0.117302 -0.117770
vn -0.986088 0.117302 -0.117770
vn -0.986088 0.117302 -0.117770
vn -0.138359 -0.152028 -0.978644
vn -0.138359 -0.152028 -0.978644
vn -0.138359 -0.152028 -0.978644
vn -0.138359 -0.152028 -0.978644
vn -0.138359 -0.152028 -0.978644
vn -0.138359 -0.152028 -0.978644
vn -0.983580 0.136031 -0.118598
vn -0.983580 0.136031 -0.118598
vn -0.983580 0.136031 -0.118598
vn -0.983580 0.136031 -0.118598
vn -0.983580 0.136031 -0.118598
vn -0.983580 0.136031 -0.118598
vn -0.886437 -0.139733 0.441252
vn -0.886437 -0.139733 0.441252
vn -0.886437 -0.139733 0.441252
vn -0.886437 -0.139733 0.441252
vn -0.886437 -0.139733 0.441252
vn -0.886437 -0.139733 0.441252
vn -0.226110 -0.400494 0.887963
vn -0.226110 -0.400494 0.887963
vn -0.226110 -0.400494 0.887963
vn -0.226110 -0.400494 0.887963
vn -0.226110 -0.400494 0.887963
vn -0.226110 -0.400494 0.887963
vn -0.091092 0.141792 -0.985696
vn -0.091092 0.141792 -0.985696
vn -0.091092 0.141792 -0.985696
vn -0.091092 0.141792 -0.985696
vn -0.091092 0.141792 -0.985696
vn -0.091092 0.141792 -0.985696
vn -0.967948 0.129841 -0.214983
vn -0.967948 0.129841 -0.214983
vn -0.967948 0.129841 -0.214983
vn -0.967948 0.129841 -0.214983
vn -0.967948 0.129841 -0.214983
vn -0.967948 0.129841 -0.214983
vn -0.978306 0.086412 0.188281
vn -0.978306 0.086412 0.188281
vn -0.978306 0.086412 0.188281
vn -0.978306 0.086412 0.188281
vn -0.978306 0.086412 0.188281
vn -0.978306 0.086412 0.188281
vn -0.544788 -0.182117 -0.818559
vn -0.544788 -0.182117 -0.818559
vn -0.544788 -0.182117 -0.818559
vn -0.544788 -0.182117 -0.818559
vn -0.544788 -0.182117 -0.818559
vn -0.544788 -0.182117 -0.818559
vn -0.978634 0.141644 0.149041
vn -0.978634 0.141644 0.149041
vn -0.978634 0.141644 0.149041
vn -0.978634 0.141644 0.149041
vn -0.978634 0.141644 0.149041
vn -0.978634 0.141644 0.149041
vn -0.948728 -0.309710 0.063201
vn -0.948728 -0.309710 0.063201
vn -0.948728 -0.309710 0.063201
vn -0.948728 -0.309710 0.063201
vn -0.948728 -0.309710 0.063201
vn -0.948728 -0.309710 0.063201
vn -0.915306 -0.384857 -0.118744
vn -0.915306 -0.384857 -0.118744
vn -0.915306 -0.384857 -0.118744
vn -0.915306 -0.384857 -0.118744
vn -0.915306 -0.384857 -0.118744
vn -0.915306 -0.384857 -0.118744
vn -0.830760 -0.250208 0.497226
vn -0.830760 -0.250208 0.497226
vn -0.830760 -0.250208 0.497226
vn -0.830760 -0.250208 0.497226
vn -0.830760 -0.250208 0.497226
vn -0.830760 -0.250208 0.497226
vn -0.531649 0.010037 -0.846906
vn -0.531649 0.010037 -0.846906
vn -0.531649 0.010037 -0.846906
vn -0.531649 0.010037 -0.846906
vn -0.531649 0.010037 -0.846906
vn -0.531649 0.010037 -0.846906
vn -0.283499 -0.086531 0.955061
vn -0.283499 -0.086531 0.955061
vn -0.283499 -0.086531 0.955061
vn -0.283499 -0.086531 0.955061
vn -0.283499 -0.086531 0.955061
vn -0.283499 -0.086531 0.955061
vn -0.128487 -0.033859 -0.991133
vn -0.128487 -0.033859 -0.991133
vn -0.128487 -0.033859 -0.991133
vn -0.128487 -0.033859 -0.991133
vn -0.128487 -0.033859 -0.991133
vn -0.128487 -0.033859 -0.991133
vn -0.861978 -0.423598 -0.278493
vn -0.861978 -0.423598 -0.278493
vn -0.861978 -0.423598 -0.278493
vn -0.861978 -0.423598 -0.278493
vn -0.861978 -0.423598 -0.278493
vn -0.861978 -0.423598 -0.278493
vn -0.939223 -0.311577 0.144153
vn -0.939223 -0.311577 0.144153
vn -0.939223 -0.311577 0.144153
vn -0.939223 -0.311577 0.144153
vn -0.939223 -0.311577 0.144153
vn -0.939223 -0.311577 0.144153
vn -0.849212 -0.405196 -0.338608
vn -0.849212 -0.405196 -0.338608
vn -0.849212 -0.405196 -0.338608
vn -0.849212 -0.405196 -0.338608
vn -0.849212 -0.405196 -0.338608
vn -0.849212 -0.405196 -0.338608
vn -0.588582 -0.793529 -0.154541
vn -0.588582 -0.793529 -0.154541
vn -0.588582 -0.793529 -0.154541
vn -0.588582 -0.793529 -0.154541
vn -0.588582 -0.793529 -0.154541
vn -0.588582 -0.793529 -0.154541
vn -0.885487 -0.456882 -0.084688
vn -0.885487 -0.456882 -0.084688
vn -0.885487 -0.456882 -0.084688
vn -0.885487 -0.456882 -0.084688
vn -0.885487 -0.456882 -0.084688
vn -0.885487 -0.456882 -0.084688
vn -0.563702 -0.481913 -0.670820
vn -0.563702 -0.481913 -0.670820
vn -0.563702 -0.481913 -0.670820
vn -0.563702 -0.481913 -0.670820
vn -0.563702 -0.481913 -0.670820
vn -0.563702 -0.481913 -0.670820
vn -0.087336 -0.986238 -0.140385
vn -0.087336 -0.986238 -0.140385
vn -0.087336 -0.986238 -0.140385
vn -0.087336 -0.986238 -0.140385
vn -0.087336 -0.986238 -0.140385
vn -0.087336 -0.986238 -0.140385
vn -0.157147 -0.450580 -0.878796
vn -0.157147 -0.450580 -0.878796
vn -0.157147 -0.450580 -0.878796
vn -0.157147 -0.450580 -0.878796
vn -0.157147 -0.450580 -0.878796
vn -0.157147 -0.450580 -0.878796
vn -0.905569 -0.423863 0.016866
vn -0.905569 -0.423863 0.016866
vn -0.905569 -0.423863 0.016866
vn -0.905569 -0.423863 0.016866
vn -0.905569 -0.423863 0.016866
vn -0.905569 -0.423863 0.016866
vn -0.677752 -0.731115 -0.078250
vn -0.677752 -0.731115 -0.078250
vn -0.677752 -0.731115 -0.078250
vn -0.677752 -0.731115 -0.078250
vn -0.677752 -0.731115 -0.078250
vn -0.677752 -0.731115 -0.078250
vn -0.905273 -0.400003 0.143103
vn -0.905273 -0.400003 0.143103
vn -0.905273 -0.400003 0.143103
vn -0.905273 -0.400003 0.143103
vn -0.905273 -0.400003 0.143103
vn -0.905273 -0.400003 0.143103
vn -0.172503 -0.560502 -0.809988
vn -0.172503 -0.560502 -0.809988
vn -0.172503 -0.560502 -0.809988
vn -0.172503 -0.560502 -0.809988
vn -0.172503 -0.560502 -0.809988
vn -0.172503 -0.560502 -0.809988
vn -0.822059 -0.422367 -0.381871
vn -0.822059 -0.422367 -0.381871
vn -0.822059 -0.422367 -0.381871
vn -0.822059 -0.422367 -0.381871
vn -0.822059 -0.422367 -0.381871
vn -0.822059 -0.422367 -0.381871
vn -0.881500 -0.272738 0.385450
vn -0.881500 -0.272738 0.385450
vn -0.881500 -0.272738 0.385450
vn -0.881500 -0.272738 0.385450
vn -0.881500 -0.272738 0.385450
vn -0.881500 -0.272738 0.385450
vn -0.579971 -0.523516 -0.624152
vn -0.579971 -0.523516 -0.624152
vn -0.579971 -0.523516 -0.624152
vn -0.579971 -0.523516 -0.624152
vn -0.579971 -0.523516 -0.624152
vn -0.579971 -0.523516 -0.624152
vn -0.912562 -0.408418 0.020620
vn -0.912562 -0.408418 0.020620
vn -0.912562 -0.408418 0.020620
vn -0.019047 -0.476698 0.878861
vn -0.019047 -0.476698 0.878861
vn -0.019047 -0.476698 0.878861
vn -0.019047 -0.476698 0.878861
vn -0.019047 -0.476698 0.878861
vn -0.019047 -0.476698 0.878861
vn -0.739248 -0.262703 0.620081
vn -0.739248 -0.262703 0.620081
vn -0.739248 -0.262703 0.620081
vn -0.739248 -0.262703 0.620081
vn -0.739248 -0.262703 0.620081
vn -0.739248 -0.262703 0.620081
vn -0.895495 -0.130162 -0.425614
vn -0.895495 -0.130162 -0.425614
vn -0.895495 -0.130162 -0.425614
vn -0.895495 -0.130162 -0.425614
vn -0.895495 -0.130162 -0.425614
vn -0.895495 -0.130162 -0.425614
vn -0.970538 -0.049587 0.235790
vn -0.970538 -0.049587 0.235790
vn -0.970538 -0.049587 0.235790
vn -0.970538 -0.049587 0.235790
vn -0.970538 -0.049587 0.235790
vn -0.970538 -0.049587 0.235790
vn -0.156697 -0.425294 -0.891387
vn -0.156697 -0.425294 -0.891387
vn -0.156697 -0.425294 -0.891387
vn -0.156697 -0.425294 -0.891387
vn -0.156697 -0.425294 -0.891387
vn -0.156697 -0.425294 -0.891387
vn -0.584484 -0.376565 -0.718733
vn -0.584484 -0.376565 -0.718733
vn -0.584484 -0.376565 -0.718733
vn -0.584484 -0.376565 -0.718733
vn -0.584484 -0.376565 -0.718733
vn -0.584484 -0.376565 -0.718733
vn -0.972038 -0.085553 0.218683
vn -0.972038 -0.085553 0.218683
vn -0.972038 -0.085553 0.218683
vn -0.972038 -0.085553 0.218683
vn -0.972038 -0.085553 0.218683
vn -0.972038 -0.085553 0.218683
vn -0.993051 -0.112228 -0.035413
vn -0.993051 -0.112228 -0.035413
vn -0.993051 -0.112228 -0.035413
vn -0.993051 -0.112228 -0.035413
vn -0.993051 -0.112228 -0.035413
vn -0.993051 -0.112228 -0.035413
vn -0.990830 0.105142 -0.084863
vn -0.990830 0.105142 -0.084863
vn -0.990830 0.105142 -0.084863
vn -0.990830 0.105142 -0.084863
vn -0.990830 0.105142 -0.084863
vn -0.990830 0.105142 -0.084863
vn -0.957036 0.081273 0.278347
vn -0.957036 0.081273 0.278347
vn -0.957036 0.081273 0.278347
vn -0.957036 0.081273 0.278347
vn -0.957036 0.081273 0.278347
vn -0.957036 0.081273 0.278347
vn -0.607969 -0.047649 -0.792530
vn -0.607969 -0.047649 -0.792530
vn -0.607969 -0.047649 -0.792530
vn -0.607969 -0.047649 -0.792530
vn -0.607969 -0.047649 -0.792530
vn -0.607969 -0.047649 -0.792530
vn -0.036699 -0.122154 0.991832
vn -0.036699 -0.122154 0.991832
vn -0.036699 -0.122154 0.991832
vn -0.036699 -0.122154 0.991832
vn -0.036699 -0.122154 0.991832
vn -0.036699 -0.122154 0.991832
vn -0.100545 -0.087910 -0.991041
vn -0.100545 -0.087910 -0.991041
vn -0.100545 -0.087910 -0.991041
vn -0.100545 -0.087910 -0.991041
vn -0.100545 -0.087910 -0.991041
vn -0.100545 -0.087910 -0.991041
vn -0.584373 0.039736 -0.810512
vn -0.584373 0.039736 -0.810512
vn -0.584373 0.039736 -0.810512
vn -0.584373 0.039736 -0.810512
vn -0.584373 0.039736 -0.810512
vn -0.584373 0.039736 -0.810512
vn -0.916996 0.129307 -0.377356
vn -0.916996 0.129307 -0.377356
vn -0.916996 0.129307 -0.377356
vn -0.916996 0.129307 -0.377356
vn -0.916996 0.129307 -0.377356
vn -0.916996 0.129307 -0.377356
vn -0.681980 -0.073962 0.727621
vn -0.681980 -0.073962 0.727621
vn -0.681980 -0.073962 0.727621
vn -0.681980 -0.073962 0.727621
vn -0.681980 -0.073962 0.727621
vn -0.681980 -0.073962 0.727621
vn -0.973150 0.096093 0.209152
vn -0.973150 0.096093 0.209152
vn -0.973150 0.096093 0.209152
vn -0.973150 0.096093 0.209152
vn -0.973150 0.096093 0.209152
vn -0.973150 0.096093 0.209152
vn 0.258435 -0.044656 0.964996
vn 0.258435 -0.044656 0.964996
vn 0.258435 -0.044656 0.964996
vn 0.258435 -0.044656 0.964996
vn 0.258435 -0.044656 0.964996
vn 0.258435 -0.044656 0.964996
vn 0.875238 -0.467013 0.125926
vn 0.875238 -0.467013 0.125926
vn 0.875238 -0.467013 0.125926
vn 0.875238 -0.467013 0.125926
vn 0.875238 -0.467013 0.125926
vn 0.875238 -0.467013 0.125926
vn 0.249249 -0.725698 0.641278
vn 0.249249 -0.725698 0.641278
vn 0.249249 -0.725698 0.641278
vn 0.249249 -0.725698 0.641278
vn 0.249249 -0.725698 0.641278
vn 0.249249 -0.725698 0.641278
vn 0.854933 -0.515815 0.054997
vn 0.854933 -0.515815 0.054997
vn 0.854933 -0.515815 0.054997
vn 0.854933 -0.515815 0.054997
vn 0.854933 -0.515815 0.054997
vn 0.854933 -0.515815 0.054997
vn 0.847665 -0.510309 -0.145081
vn 0.847665 -0.510309 -0.145081
vn 0.847665 -0.510309 -0.145081
vn 0.847665 -0.510309 -0.145081
vn 0.847665 -0.510309 -0.145081
vn 0.847665 -0.510309 -0.145081
vn 0.812565 -0.582559 -0.019035
vn 0.812565 -0.582559 -0.019035
vn 0.812565 -0.582559 -0.019035
vn 0.812565 -0.582559 -0.019035
vn 0.812565 -0.582559 -0.019035
vn 0.812565 -0.582559 -0.019035
vn 0.690480 0.613036 -0.383959
vn 0.690480 0.613036 -0.383959
vn 0.690480 0.613036 -0.383959
vn 0.690480 0.613036 -0.383959
vn 0.690480 0.613036 -0.383959
vn 0.690480 0.613036 -0.383959
vn 0.618881 0.782028 -0.073609
vn 0.618881 0.782028 -0.073609
vn 0.618881 0.782028 -0.073609
vn 0.618881 0.782028 -0.073609
vn 0.618881 0.782028 -0.073609
vn 0.618881 0.782028 -0.073609
vn 0.599962 0.783030 0.164041
vn 0.599962 0.783030 0.164041
vn 0.599962 0.783030 0.164041
vn 0.599962 0.783030 0.164041
vn 0.599962 0.783030 0.164041
vn 0.599962 0.783030 0.164041
vn 0.538735 0.655954 0.528668
vn 0.538735 0.655954 0.528668
vn 0.538735 0.655954 0.528668
vn 0.538735 0.655954 0.528668
vn 0.538735 0.655954 0.528668
vn 0.538735 0.655954 0.528668
vn 0.748421 0.602669 -0.276869
vn 0.748421 0.602669 -0.276869
vn 0.748421 0.602669 -0.276869
vn 0.748421 0.602669 -0.276869
vn 0.748421 0.602669 -0.276869
vn 0.748421 0.602669 -0.276869
vn 0.908039 0.405445 -0.105255
vn 0.908039 0.405445 -0.105255
vn 0.908039 0.405445 -0.105255
vn 0.908039 0.405445 -0.105255
vn 0.908039 0.405445 -0.105255
vn 0.908039 0.405445 -0.105255
vn 0.558132 0.655922 -0.508188
vn 0.558132 0.655922 -0.508188
vn 0.558132 0.655922 -0.508188
vn 0.558132 0.655922 -0.508188
vn 0.558132 0.655922 -0.508188
vn 0.558132 0.655922 -0.508188
vn 0.928676 0.338942 0.150593
vn 0.928676 0.338942 0.150593
vn 0.928676 0.338942 0.150593
vn 0.928676 0.338942 0.150593
vn 0.928676 0.338942 0.150593
vn 0.928676 0.338942 0.150593
vn 0.891567 0.383592 0.240758
vn 0.891567 0.383592 0.240758
vn 0.891567 0.383592 0.240758
vn 0.891567 0.383592 0.240758
vn 0.891567 0.383592 0.240758
vn 0.891567 0.383592 0.240758
vn 0.517832 0.566895 0.640687
vn 0.517832 0.566895 0.640687
vn 0.517832 0.566895 0.640687
vn 0.517832 0.566895 0.640687
vn 0.517832 0.566895 0.640687
vn 0.517832 0.566895 0.640687
vn 0.186540 0.628047 0.755487
vn 0.186540 0.628047 0.755487
vn 0.186540 0.628047 0.755487
vn 0.186540 0.628047 0.755487
vn 0.186540 0.628047 0.755487
vn 0.186540 0.628047 0.755487
vn 0.110521 0.029837 -0.993426
vn 0.110521 0.029837 -0.993426
vn 0.110521 0.029837 -0.993426
vn 0.110521 0.029837 -0.993426
vn 0.110521 0.029837 -0.993426
vn 0.110521 0.029837 -0.993426
vn 0.125998 0.638068 -0.759601
vn 0.125998 0.638068 -0.759601
vn 0.125998 0.638068 -0.759601
vn 0.125998 0.638068 -0.759601
vn 0.125998 0.638068 -0.759601
vn 0.125998 0.638068 -0.759601
vn 0.183485 0.880330 -0.437438
vn 0.183485 0.880330 -0.437438
vn 0.183485 0.880330 -0.437438
vn 0.183485 0.880330 -0.437438
vn 0.183485 0.880330 -0.437438
vn 0.183485 0.880330 -0.437438
vn 0.209719 0.976865 -0.041865
vn 0.209719 0.976865 -0.041865
vn 0.209719 0.976865 -0.041865
vn 0.209719 0.976865 -0.041865
vn 0.209719 0.976865 -0.041865
vn 0.209719 0.976865 -0.041865
vn 0.205340 0.967182 0.149646
vn 0.205340 0.967182 0.149646
vn 0.205340 0.967182 0.149646
vn 0.205340 0.967182 0.149646
vn 0.205340 0.967182 0.149646
vn 0.205340 0.967182 0.149646
vn 0.166774 0.741802 0.649551
vn 0.166774 0.741802 0.649551
vn 0.166774 0.741802 0.649551
vn 0.166774 0.741802 0.649551
vn 0.166774 0.741802 0.649551
vn 0.166774 0.741802 0.649551
vn 0.987124 -0.116246 0.109879
vn 0.987124 -0.116246 0.109879
vn 0.987124 -0.116246 0.109879
vn 0.987124 -0.116246 0.109879
vn 0.987124 -0.116246 0.109879
vn 0.987124 -0.116246 0.109879
vn 0.977274 -0.138219 0.160718
vn 0.977274 -0.138219 0.160718
vn 0.977274 -0.138219 0.160718
vn 0.977274 -0.138219 0.160718
vn 0.977274 -0.138219 0.160718
vn 0.977274 -0.138219 0.160718
vn 0.958413 -0.099191 -0.267591
vn 0.958413 -0.099191 -0.267591
vn 0.958413 -0.099191 -0.267591
vn 0.958413 -0.099191 -0.267591
vn 0.958413 -0.099191 -0.267591
vn 0.958413 -0.099191 -0.267591
vn 0.248387 -0.014895 0.968546
vn 0.248387 -0.014895 0.968546
vn 0.248387 -0.014895 0.968546
vn 0.248387 -0.014895 0.968546
vn 0.248387 -0.014895 0.968546
vn 0.248387 -0.014895 0.968546
vn 0.525279 0.055199 -0.849138
vn 0.525279 0.055199 -0.849138
vn 0.525279 0.055199 -0.849138
vn 0.525279 0.055199 -0.849138
vn 0.525279 0.055199 -0.849138
vn 0.525279 0.055199 -0.849138
vn 0.852125 -0.143358 0.503321
vn 0.852125 -0.143358 0.503321
vn 0.852125 -0.143358 0.503321
vn 0.852125 -0.143358 0.503321
vn 0.852125 -0.143358 0.503321
vn 0.852125 -0.143358 0.503321
vn 0.994894 -0.060068 -0.081098
vn 0.994894 -0.060068 -0.081098
vn 0.994894 -0.060068 -0.081098
vn 0.994894 -0.060068 -0.081098
vn 0.994894 -0.060068 -0.081098
vn 0.994894 -0.060068 -0.081098
vn 0.801876 0.086613 0.591180
vn 0.801876 0.086613 0.591180
vn 0.801876 0.086613 0.591180
vn 0.801876 0.086613 0.591180
vn 0.801876 0.086613 0.591180
vn 0.801876 0.086613 0.591180
vn 0.216810 0.221966 0.950644
vn 0.216810 0.221966 0.950644
vn 0.216810 0.221966 0.950644
vn 0.216810 0.221966 0.950644
vn 0.216810 0.221966 0.950644
vn 0.216810 0.221966 0.950644
vn 0.978951 0.071788 -0.191054
vn 0.978951 0.071788 -0.191054
vn 0.978951 0.071788 -0.191054
vn 0.978951 0.071788 -0.191054
vn 0.978951 0.071788 -0.191054
vn 0.978951 0.071788 -0.191054
vn 0.984617 0.070498 0.159870
vn 0.984617 0.070498 0.159870
vn 0.984617 0.070498 0.159870
vn 0.984617 0.070498 0.159870
vn 0.984617 0.070498 0.159870
vn 0.984617 0.070498 0.159870
vn 0.987764 0.084149 0.131307
vn 0.987764 0.084149 0.131307
vn 0.987764 0.084149 0.131307
vn 0.987764 0.084149 0.131307
vn 0.987764 0.084149 0.131307
vn 0.987764 0.084149 0.131307
vn 0.986088 0.117302 -0.117770
vn 0.986088 0.117302 -0.117770
vn 0.986088 0.117302 -0.117770
vn 0.986088 0.117302 -0.117770
vn 0.986088 0.117302 -0.117770
vn 0.986088 0.117302 -0.117770
vn 0.138359 -0.152028 -0.978644
vn 0.138359 -0.152028 -0.978644
vn 0.138359 -0.152028 -0.978644
vn 0.138359 -0.152028 -0.978644
vn 0.138359 -0.152028 -0.978644
vn 0.138359 -0.152028 -0.978644
vn 0.983580 0.136032 -0.118599
vn 0.983580 0.136032 -0.118599
vn 0.983580 0.136032 -0.118599
vn 0.983580 0.136032 -0.118599
vn 0.983580 0.136032 -0.118599
vn 0.983580 0.136032 -0.118599
vn 0.886437 -0.139734 0.441253
vn 0.886437 -0.139734 0.441253
vn 0.886437 -0.139734 0.441253
vn 0.886437 -0.139734 0.441253
vn 0.886437 -0.139734 0.441253
vn 0.886437 -0.139734 0.441253
vn 0.226110 -0.400494 0.887963
vn 0.226110 -0.400494 0.887963
vn 0.226110 -0.400494 0.887963
vn 0.226110 -0.400494 0.887963
vn 0.226110 -0.400494 0.887963
vn 0.226110 -0.400494 0.887963
vn 0.091092 0.141792 -0.985696
vn 0.091092 0.141792 -0.985696
vn 0.091092 0.141792 -0.985696
vn 0.091092 0.141792 -0.985696
vn 0.091092 0.141792 -0.985696
vn 0.091092 0.141792 -0.985696
vn 0.967948 0.129841 -0.214982
vn 0.967948 0.129841 -0.214982
vn 0.967948 0.129841 -0.214982
vn 0.967948 0.129841 -0.214982
vn 0.967948 0.129841 -0.214982
vn 0.967948 0.129841 -0.214982
vn 0.978306 0.086412 0.188281
vn 0.978306 0.086412 0.188281
vn 0.978306 0.086412 0.188281
vn 0.978306 0.086412 0.188281
vn 0.978306 0.086412 0.188281
vn 0.978306 0.086412 0.188281
vn 0.544788 -0.182117 -0.818559
vn 0.544788 -0.182117 -0.818559
vn 0.544788 -0.182117 -0.818559
vn 0.544788 -0.182117 -0.818559
vn 0.544788 -0.182117 -0.818559
vn 0.544788 -0.182117 -0.818559
vn 0.978634 0.141644 0.149041
vn 0.978634 0.141644 0.149041
vn 0.978634 0.141644 0.149041
vn 0.978634 0.141644 0.149041
vn 0.978634 0.141644 0.149041
vn 0.978634 0.141644 0.149041
vn 0.948728 -0.309710 0.063201
vn 0.948728 -0.309710 0.063201
vn 0.948728 -0.309710 0.063201
vn 0.948728 -0.309710 0.063201
vn 0.948728 -0.309710 0.063201
vn 0.948728 -0.309710 0.063201
vn 0.915306 -0.384857 -0.118744
vn 0.915306 -0.384857 -0.118744
vn 0.915306 -0.384857 -0.118744
vn 0.915306 -0.384857 -0.118744
vn 0.915306 -0.384857 -0.118744
vn 0.915306 -0.384857 -0.118744
vn 0.830760 -0.250208 0.497226
vn 0.830760 -0.250208 0.497226
vn 0.830760 -0.250208 0.497226
vn 0.830760 -0.250208 0.497226
vn 0.830760 -0.250208 0.497226
vn 0.830760 -0.250208 0.497226
vn 0.531647 0.010037 -0.846906
vn 0.531647 0.010037 -0.846906
vn 0.531647 0.010037 -0.846906
vn 0.531647 0.010037 -0.846906
vn 0.531647 0.010037 -0.846906
vn 0.531647 0.010037 -0.846906
vn 0.283499 -0.086531 0.955060
vn 0.283499 -0.086531 0.955060
vn 0.283499 -0.086531 0.955060
vn 0.283499 -0.086531 0.955060
vn 0.283499 -0.086531 0.955060
vn 0.283499 -0.086531 0.955060
vn 0.128487 -0.033859 -0.991133
vn 0.128487 -0.033859 -0.991133
vn 0.128487 -0.033859 -0.991133
vn 0.128487 -0.033859 -0.991133
vn 0.128487 -0.033859 -0.991133
vn 0.128487 -0.033859 -0.991133
vn 0.861978 -0.423598 -0.278493
vn 0.861978 -0.423598 -0.278493
vn 0.861978 -0.423598 -0.278493
vn 0.861978 -0.423598 -0.278493
vn 0.861978 -0.423598 -0.278493
vn 0.861978 -0.423598 -0.278493
vn 0.939223 -0.311577 0.144152
vn 0.939223 -0.311577 0.144152
vn 0.939223 -0.311577 0.144152
vn 0.939223 -0.311577 0.144152
vn 0.939223 -0.311577 0.144152
vn 0.939223 -0.311577 0.144152
vn 0.849212 -0.405195 -0.338608
vn 0.849212 -0.405195 -0.338608
vn 0.849212 -0.405195 -0.338608
vn 0.849212 -0.405195 -0.338608
vn 0.849212 -0.405195 -0.338608
vn 0.849212 -0.405195 -0.338608
vn 0.588582 -0.793529 -0.154541
vn 0.588582 -0.793529 -0.154541
vn 0.588582 -0.793529 -0.154541
vn 0.588582 -0.793529 -0.154541
vn 0.588582 -0.793529 -0.154541
vn 0.588582 -0.793529 -0.154541
vn 0.885486 -0.456883 -0.084688
vn 0.885486 -0.456883 -0.084688
vn 0.885486 -0.456883 -0.084688
vn 0.885486 -0.456883 -0.084688
vn 0.885486 -0.456883 -0.084688
vn 0.885486 -0.456883 -0.084688
vn 0.563702 -0.481913 -0.670820
vn 0.563702 -0.481913 -0.670820
vn 0.563702 -0.481913 -0.670820
vn 0.563702 -0.481913 -0.670820
vn 0.563702 -0.481913 -0.670820
vn 0.563702 -0.481913 -0.670820
vn 0.087337 -0.986237 -0.140385
vn 0.087337 -0.986237 -0.140385
vn 0.087337 -0.986237 -0.140385
vn 0.087337 -0.986237 -0.140385
vn 0.087337 -0.986237 -0.140385
vn 0.087337 -0.986237 -0.140385
vn 0.157147 -0.450580 -0.878796
vn 0.157147 -0.450580 -0.878796
vn 0.157147 -0.450580 -0.878796
vn 0.157147 -0.450580 -0.878796
vn 0.157147 -0.450580 -0.878796
vn 0.157147 -0.450580 -0.878796
vn 0.905569 -0.423863 0.016866
vn 0.905569 -0.423863 0.016866
vn 0.905569 -0.423863 0.016866
vn 0.905569 -0.423863 0.016866
vn 0.905569 -0.423863 0.016866
vn 0.905569 -0.423863 0.016866
vn 0.677752 -0.731115 -0.078250
vn 0.677752 -0.731115 -0.078250
vn 0.677752 -0.731115 -0.078250
vn 0.677752 -0.731115 -0.078250
vn 0.677752 -0.731115 -0.078250
vn 0.677752 -0.731115 -0.078250
vn 0.905273 -0.400003 0.143104
vn 0.905273 -0.400003 0.143104
vn 0.905273 -0.400003 0.143104
vn 0.905273 -0.400003 0.143104
vn 0.905273 -0.400003 0.143104
vn 0.905273 -0.400003 0.143104
vn 0.172503 -0.560502 -0.809988
vn 0.172503 -0.560502 -0.809988
vn 0.172503 -0.560502 -0.809988
vn 0.172503 -0.560502 -0.809988
vn 0.172503 -0.560502 -0.809988
vn 0.172503 -0.560502 -0.809988
vn 0.822058 -0.422368 -0.381871
vn 0.822058 -0.422368 -0.381871
vn 0.822058 -0.422368 -0.381871
vn 0.822058 -0.422368 -0.381871
vn 0.822058 -0.422368 -0.381871
vn 0.822058 -0.422368 -0.381871
vn 0.881500 -0.272738 0.385449
vn 0.881500 -0.272738 0.385449
vn 0.881500 -0.272738 0.385449
vn 0.881500 -0.272738 0.385449
vn 0.881500 -0.272738 0.385449
vn 0.881500 -0.272738 0.385449
vn 0.579972 -0.523515 -0.624151
vn 0.579972 -0.523515 -0.624151
vn 0.579972 -0.523515 -0.624151
vn 0.579972 -0.523515 -0.624151
vn 0.579972 -0.523515 -0.624151
vn 0.579972 -0.523515 -0.624151
vn 0.912562 -0.408418 0.020620
vn 0.912562 -0.408418 0.020620
vn 0.912562 -0.408418 0.020620
vn 0.019047 -0.476698 0.878861
vn 0.019047 -0.476698 0.878861
vn 0.019047 -0.476698 0.878861
vn 0.019047 -0.476698 0.878861
vn 0.019047 -0.476698 0.878861
vn 0.019047 -0.476698 0.878861
vn 0.739246 -0.262703 0.620083
vn 0.739246 -0.262703 0.620083
vn 0.739246 -0.262703 0.620083
vn 0.739246 -0.262703 0.620083
vn 0.739246 -0.262703 0.620083
vn 0.739246 -0.262703 0.620083
vn 0.895495 -0.130162 -0.425614
vn 0.895495 -0.130162 -0.425614
vn 0.895495 -0.130162 -0.425614
vn 0.895495 -0.130162 -0.425614
vn 0.895495 -0.130162 -0.425614
vn 0.895495 -0.130162 -0.425614
vn 0.970538 -0.049587 0.235790
vn 0.970538 -0.049587 0.235790
vn 0.970538 -0.049587 0.235790
vn 0.970538 -0.049587 0.235790
vn 0.970538 -0.049587 0.235790
vn 0.970538 -0.049587 0.235790
vn 0.156696 -0.425294 -0.891387
vn 0.156696 -0.425294 -0.891387
vn 0.156696 -0.425294 -0.891387
vn 0.156696 -0.425294 -0.891387
vn 0.156696 -0.425294 -0.891387
vn 0.156696 -0.425294 -0.891387
vn 0.584485 -0.376564 -0.718732
vn 0.584485 -0.376564 -0.718732
vn 0.584485 -0.376564 -0.718732
vn 0.584485 -0.376564 -0.718732
vn 0.584485 -0.376564 -0.718732
vn 0.584485 -0.376564 -0.718732
vn 0.972039 -0.085552 0.218682
vn 0.972039 -0.085552 0.218682
vn 0.972039 -0.085552 0.218682
vn 0.972039 -0.085552 0.218682
vn 0.972039 -0.085552 0.218682
vn 0.972039 -0.085552 0.218682
vn 0.993051 -0.112227 -0.035413
vn 0.993051 -0.112227 -0.035413
vn 0.993051 -0.112227 -0.035413
vn 0.993051 -0.112227 -0.035413
vn 0.993051 -0.112227 -0.035413
vn 0.993051 -0.112227 -0.035413
vn 0.990830 0.105142 -0.084863
vn 0.990830 0.105142 -0.084863
vn 0.990830 0.105142 -0.084863
vn 0.990830 0.105142 -0.084863
vn 0.990830 0.105142 -0.084863
vn 0.990830 0.105142 -0.084863
vn 0.957036 0.081273 0.278347
vn 0.957036 0.081273 0.278347
vn 0.957036 0.081273 0.278347
vn 0.957036 0.081273 0.278347
vn 0.957036 0.081273 0.278347
vn 0.957036 0.081273 0.278347
vn 0.607970 -0.047649 -0.792529
vn 0.607970 -0.047649 -0.792529
vn 0.607970 -0.047649 -0.792529
vn 0.607970 -0.047649 -0.792529
vn 0.607970 -0.047649 -0.792529
vn 0.607970 -0.047649 -0.792529
vn 0.036700 -0.122154 0.991832
vn 0.036700 -0.122154 0.991832
vn 0.036700 -0.122154 0.991832
vn 0.036700 -0.122154 0.991832
vn 0.036700 -0.122154 0.991832
vn 0.036700 -0.122154 0.991832
vn 0.100545 -0.087910 -0.991041
vn 0.100545 -0.087910 -0.991041
vn 0.100545 -0.087910 -0.991041
vn 0.100545 -0.087910 -0.991041
vn 0.100545 -0.087910 -0.991041
vn 0.100545 -0.087910 -0.991041
vn 0.584373 0.039736 -0.810512
vn 0.584373 0.039736 -0.810512
vn 0.584373 0.039736 -0.810512
vn 0.584373 0.039736 -0.810512
vn 0.584373 0.039736 -0.810512
vn 0.584373 0.039736 -0.810512
vn 0.916996 0.129307 -0.377356
vn 0.916996 0.129307 -0.377356
vn 0.916996 0.129307 -0.377356
vn 0.916996 0.129307 -0.377356
vn 0.916996 0.129307 -0.377356
vn 0.916996 0.129307 -0.377356
vn 0.681979 -0.073962 0.727622
vn 0.681979 -0.073962 0.727622
vn 0.681979 -0.073962 0.727622
vn 0.681979 -0.073962 0.727622
vn 0.681979 -0.073962 0.727622
vn 0.681979 -0.073962 0.727622
vn 0.973150 0.096093 0.209152
vn 0.973150 0.096093 0.209152
vn 0.973150 0.096093 0.209152
vn 0.973150 0.096093 0.209152
vn 0.973150 0.096093 0.209152
vn 0.973150 0.096093 0.209152
vn 0.637495 0.039003 -0.769467
vn 0.637495 0.039003 -0.769467
vn 0.637495 0.039003 -0.769467
vn 0.637495 0.039003 -0.769467
vn 0.637495 0.039003 -0.769467
vn 0.637495 0.039003 -0.769467
vn -0.847295 -0.431610 -0.309522
vn -0.847295 -0.431610 -0.309522
vn -0.847295 -0.431610 -0.309522
vn -0.847295 -0.431610 -0.309522
vn -0.847295 -0.431610 -0.309522
vn -0.847295 -0.431610 -0.309522
vn -0.522222 -0.597696 0.608312
vn -0.522222 -0.597696 0.608312
vn -0.522222 -0.597696 0.608312
vn -0.522222 -0.597696 0.608312
vn -0.522222 -0.597696 0.608312
vn -0.522222 -0.597696 0.608312
vn 0.980812 -0.123239 0.151064
vn 0.980812 -0.123239 0.151064
vn 0.980812 -0.123239 0.151064
vn 0.980812 -0.123239 0.151064
vn 0.980812 -0.123239 0.151064
vn 0.980812 -0.123239 0.151064
vn 0.646943 0.097370 -0.756296
vn 0.646943 0.097370 -0.756296
vn 0.646943 0.097370 -0.756296
vn 0.646943 0.097370 -0.756296
vn 0.646943 0.097370 -0.756296
vn 0.646943 0.097370 -0.756296
vn -0.898477 -0.302234 -0.318423
vn -0.898477 -0.302234 -0.318423
vn -0.898477 -0.302234 -0.318423
vn -0.898477 -0.302234 -0.318423
vn -0.898477 -0.302234 -0.318423
vn -0.898477 -0.302234 -0.318423
vn -0.566729 -0.571671 0.593305
vn -0.566729 -0.571671 0.593305
vn -0.566729 -0.571671 0.593305
vn -0.566729 -0.571671 0.593305
vn -0.566729 -0.571671 0.593305
vn -0.566729 -0.571671 0.593305
vn 0.976224 -0.140306 0.165231
vn 0.976224 -0.140306 0.165231
vn 0.976224 -0.140306 0.165231
vn 0.976224 -0.140306 0.165231
vn 0.976224 -0.140306 0.165231
vn 0.976224 -0.140306 0.165231
vn 0.671081 0.197863 -0.714493
vn 0.671081 0.197863 -0.714493
vn 0.671081 0.197863 -0.714493
vn 0.671081 0.197863 -0.714493
vn 0.671081 0.197863 -0.714493
vn 0.671081 0.197863 -0.714493
vn -0.935218 -0.134019 -0.327730
vn -0.935218 -0.134019 -0.327730
vn -0.935218 -0.134019 -0.327730
vn -0.935218 -0.134019 -0.327730
vn -0.935218 -0.134019 -0.327730
vn -0.935218 -0.134019 -0.327730
vn -0.627741 -0.540109 0.560557
vn -0.627741 -0.540109 0.560557
vn -0.627741 -0.540109 0.560557
vn -0.627741 -0.540109 0.560557
vn -0.627741 -0.540109 0.560557
vn -0.627741 -0.540109 0.560557
vn 0.968015 -0.148068 0.202542
vn 0.968015 -0.148068 0.202542
vn 0.968015 -0.148068 0.202542
vn 0.968015 -0.148068 0.202542
vn 0.968015 -0.148068 0.202542
vn 0.968015 -0.148068 0.202542
vn 0.707804 0.273718 -0.651223
vn 0.707804 0.273718 -0.651223
vn 0.707804 0.273718 -0.651223
vn 0.707804 0.273718 -0.651223
vn 0.707804 0.273718 -0.651223
vn 0.707804 0.273718 -0.651223
vn -0.943953 0.026836 -0.328987
vn -0.943953 0.026836 -0.328987
vn -0.943953 0.026836 -0.328987
vn -0.943953 0.026836 -0.328987
vn -0.943953 0.026836 -0.328987
vn -0.943953 0.026836 -0.328987
vn -0.691849 -0.490740 0.529640
vn -0.691849 -0.490740 0.529640
vn -0.691849 -0.490740 0.529640
vn -0.691849 -0.490740 0.529640
vn -0.691849 -0.490740 0.529640
vn -0.691849 -0.490740 0.529640
vn 0.953157 -0.171594 0.249092
vn 0.953157 -0.171594 0.249092
vn 0.953157 -0.171594 0.249092
vn 0.953157 -0.171594 0.249092
vn 0.953157 -0.171594 0.249092
vn 0.953157 -0.171594 0.249092
vn 0.749000 0.308216 -0.586517
vn 0.749000 0.308216 -0.586517
vn 0.749000 0.308216 -0.586517
vn 0.749000 0.308216 -0.586517
vn 0.749000 0.308216 -0.586517
vn 0.749000 0.308216 -0.586517
vn -0.931901 0.170702 -0.320035
vn -0.931901 0.170702 -0.320035
vn -0.931901 0.170702 -0.320035
vn -0.931901 0.170702 -0.320035
vn -0.931901 0.170702 -0.320035
vn -0.931901 0.170702 -0.320035
vn -0.748139 -0.427073 0.507836
vn -0.748139 -0.427073 0.507836
vn -0.748139 -0.427073 0.507836
vn -0.748139 -0.427073 0.507836
vn -0.748139 -0.427073 0.507836
vn -0.748139 -0.427073 0.507836
vn 0.932025 -0.220771 0.287383
vn 0.932025 -0.220771 0.287383
vn 0.932025 -0.220771 0.287383
vn 0.932025 -0.220771 0.287383
vn 0.932025 -0.220771 0.287383
vn 0.932025 -0.220771 0.287383
vn 0.786939 0.303462 -0.537250
vn 0.786939 0.303462 -0.537250
vn 0.786939 0.303462 -0.537250
vn 0.786939 0.303462 -0.537250
vn 0.786939 0.303462 -0.537250
vn 0.786939 0.303462 -0.537250
vn -0.905419 0.305068 -0.295212
vn -0.905419 0.305068 -0.295212
vn -0.905419 0.305068 -0.295212
vn -0.905419 0.305068 -0.295212
vn -0.905419 0.305068 -0.295212
vn -0.905419 0.305068 -0.295212
vn -0.790862 -0.349233 0.502568
vn -0.790862 -0.349233 0.502568
vn -0.790862 -0.349233 0.502568
vn -0.790862 -0.349233 0.502568
vn -0.790862 -0.349233 0.502568
vn -0.790862 -0.349233 0.502568
vn 0.906447 -0.292938 0.304206
vn 0.906447 -0.292938 0.304206
vn 0.906447 -0.292938 0.304206
vn 0.906447 -0.292938 0.304206
vn 0.906447 -0.292938 0.304206
vn 0.906447 -0.292938 0.304206
vn 0.814665 0.259053 -0.518856
vn 0.814665 0.259053 -0.518856
vn 0.814665 0.259053 -0.518856
vn 0.814665 0.259053 -0.518856
vn 0.814665 0.259053 -0.518856
vn 0.814665 0.259053 -0.518856
vn -0.862136 0.446620 -0.239275
vn -0.862136 0.446620 -0.239275
vn -0.862136 0.446620 -0.239275
vn -0.862136 0.446620 -0.239275
vn -0.862136 0.446620 -0.239275
vn -0.862136 0.446620 -0.239275
vn -0.812290 -0.249285 0.527297
vn -0.812290 -0.249285 0.527297
vn -0.812290 -0.249285 0.527297
vn -0.812290 -0.249285 0.527297
vn -0.812290 -0.249285 0.527297
vn -0.812290 -0.249285 0.527297
vn 0.875198 -0.390354 0.285748
vn 0.875198 -0.390354 0.285748
vn 0.875198 -0.390354 0.285748
vn 0.875198 -0.390354 0.285748
vn 0.875198 -0.390354 0.285748
vn 0.875198 -0.390354 0.285748
vn 0.816390 0.155429 -0.556192
vn 0.816390 0.155429 -0.556192
vn 0.816390 0.155429 -0.556192
vn 0.816390 0.155429 -0.556192
vn 0.816390 0.155429 -0.556192
vn 0.816390 0.155429 -0.556192
vn -0.770972 0.626528 -0.114301
vn -0.770972 0.626528 -0.114301
vn -0.770972 0.626528 -0.114301
vn -0.770972 0.626528 -0.114301
vn -0.770972 0.626528 -0.114301
vn -0.770972 0.626528 -0.114301
vn -0.784814 -0.102599 0.611180
vn -0.784814 -0.102599 0.611180
vn -0.784814 -0.102599 0.611180
vn -0.784814 -0.102599 0.611180
vn -0.784814 -0.102599 0.611180
vn -0.784814 -0.102599 0.611180
vn 0.823554 -0.529528 0.203370
vn 0.823554 -0.529528 0.203370
vn 0.823554 -0.529528 0.203370
vn 0.823554 -0.529528 0.203370
vn 0.823554 -0.529528 0.203370
vn 0.823554 -0.529528 0.203370
vn 0.692628 -0.061089 -0.718704
vn 0.692628 -0.061089 -0.718704
vn 0.692628 -0.061089 -0.718704
vn 0.692628 -0.061089 -0.718704
vn 0.692628 -0.061089 -0.718704
vn 0.692628 -0.061089 -0.718704
vn -0.480142 0.864863 0.146546
vn -0.480142 0.864863 0.146546
vn -0.480142 0.864863 0.146546
vn -0.480142 0.864863 0.146546
vn -0.480142 0.864863 0.146546
vn -0.480142 0.864863 0.146546
vn -0.575934 0.119983 0.808643
vn -0.575934 0.119983 0.808643
vn -0.575934 0.119983 0.808643
vn -0.575934 0.119983 0.808643
vn -0.575934 0.119983 0.808643
vn -0.575934 0.119983 0.808643
vn 0.647759 -0.761379 -0.026634
vn 0.647759 -0.761379 -0.026634
vn 0.647759 -0.761379 -0.026634
vn 0.647759 -0.761379 -0.026634
vn 0.647759 -0.761379 -0.026634
vn 0.647759 -0.761379 -0.026634
vn 0.101388 -0.192183 -0.976108
vn 0.101388 -0.192183 -0.976108
vn 0.101388 -0.192183 -0.976108
vn 0.101388 -0.192183 -0.976108
vn 0.101388 -0.192183 -0.976108
vn 0.101388 -0.192183 -0.976108
vn 0.184862 0.916590 0.354525
vn 0.184862 0.916590 0.354525
vn 0.184862 0.916590 0.354525
vn 0.184862 0.916590 0.354525
vn 0.184862 0.916590 0.354525
vn 0.184862 0.916590 0.354525
vn -0.011312 0.179217 0.983745
vn -0.011312 0.179217 0.983745
vn -0.011312 0.179217 0.983745
vn -0.011312 0.179217 0.983745
vn -0.011312 0.179217 0.983745
vn -0.011312 0.179217 0.983745
vn -0.102326 -0.933022 -0.344962
vn -0.102326 -0.933022 -0.344962
vn -0.102326 -0.933022 -0.344962
vn -0.102326 -0.933022 -0.344962
vn -0.102326 -0.933022 -0.344962
vn -0.102326 -0.933022 -0.344962
vn -0.341362 -0.007193 -0.939904
vn -0.341362 -0.007193 -0.939904
vn -0.341362 -0.007193 -0.939904
vn -0.341362 -0.007193 -0.939904
vn -0.341362 -0.007193 -0.939904
vn -0.341362 -0.007193 -0.939904
vn 0.625994 0.728692 0.277741
vn 0.625994 0.728692 0.277741
vn 0.625994 0.728692 0.277741
vn 0.625994 0.728692 0.277741
vn 0.625994 0.728692 0.277741
vn 0.625994 0.728692 0.277741
vn 0.358333 -0.003584 0.933587
vn 0.358333 -0.003584 0.933587
vn 0.358333 -0.003584 0.933587
vn 0.358333 -0.003584 0.933587
vn 0.358333 -0.003584 0.933587
vn 0.358333 -0.003584 0.933587
vn -0.612515 -0.738328 -0.282307
vn -0.612515 -0.738328 -0.282307
vn -0.612515 -0.738328 -0.282307
vn -0.612515 -0.738328 -0.282307
vn -0.612515 -0.738328 -0.282307
vn -0.612515 -0.738328 -0.282307
vn 0.980467 0.187870 0.058222
vn 0.980467 0.187870 0.058222
vn 0.980467 0.187870 0.058222
vn 0.980467 0.187870 0.058222
vn 0.980467 0.187870 0.058222
vn 0.980467 0.187870 0.058222
vn -0.232670 -0.632726 -0.738595
vn -0.232670 -0.632726 -0.738595
vn -0.232670 -0.632726 -0.738595
vn -0.232670 -0.632726 -0.738595
vn -0.232670 -0.632726 -0.738595
vn -0.232670 -0.632726 -0.738595
vn -0.817812 -0.570791 0.073352
vn -0.817812 -0.570791 0.073352
vn -0.817812 -0.570791 0.073352
vn -0.817812 -0.570791 0.073352
vn -0.817812 -0.570791 0.073352
vn -0.817812 -0.570791 0.073352
vn 0.386566 0.252699 0.886967
vn 0.386566 0.252699 0.886967
vn 0.386566 0.252699 0.886967
vn 0.386566 0.252699 0.886967
vn 0.386566 0.252699 0.886967
vn 0.386566 0.252699 0.886967
vn 0.984863 0.172923 0.011910
vn 0.984863 0.172923 0.011910
vn 0.984863 0.172923 0.011910
vn 0.984863 0.172923 0.011910
vn 0.984863 0.172923 0.011910
vn 0.984863 0.172923 0.011910
vn -0.331851 -0.515285 -0.790163
vn -0.331851 -0.515285 -0.790163
vn -0.331851 -0.515285 -0.790163
vn -0.331851 -0.515285 -0.790163
vn -0.331851 -0.515285 -0.790163
vn -0.331851 -0.515285 -0.790163
vn -0.896893 -0.437972 0.061341
vn -0.896893 -0.437972 0.061341
vn -0.896893 -0.437972 0.061341
vn -0.896893 -0.437972 0.061341
vn -0.896893 -0.437972 0.061341
vn -0.896893 -0.437972 0.061341
vn 0.431911 0.220056 0.874659
vn 0.431911 0.220056 0.874659
vn 0.431911 0.220056 0.874659
vn 0.431911 0.220056 0.874659
vn 0.431911 0.220056 0.874659
vn 0.431911 0.220056 0.874659
vn 0.984796 0.161489 -0.064010
vn 0.984796 0.161489 -0.064010
vn 0.984796 0.161489 -0.064010
vn 0.984796 0.161489 -0.064010
vn 0.984796 0.161489 -0.064010
vn 0.984796 0.161489 -0.064010
vn -0.433190 -0.409384 -0.802964
vn -0.433190 -0.409384 -0.802964
vn -0.433190 -0.409384 -0.802964
vn -0.433190 -0.409384 -0.802964
vn -0.433190 -0.409384 -0.802964
vn -0.433190 -0.409384 -0.802964
vn -0.932450 -0.347827 0.097747
vn -0.932450 -0.347827 0.097747
vn -0.932450 -0.347827 0.097747
vn -0.932450 -0.347827 0.097747
vn -0.932450 -0.347827 0.097747
vn -0.932450 -0.347827 0.097747
vn 0.503360 0.164924 0.848191
vn 0.503360 0.164924 0.848191
vn 0.503360 0.164924 0.848191
vn 0.503360 0.164924 0.848191
vn 0.503360 0.164924 0.848191
vn 0.503360 0.164924 0.848191
vn 0.976634 0.161395 -0.141907
vn 0.976634 0.161395 -0.141907
vn 0.976634 0.161395 -0.141907
vn 0.976634 0.161395 -0.141907
vn 0.976634 0.161395 -0.141907
vn 0.976634 0.161395 -0.141907
vn -0.527217 -0.292667 -0.797740
vn -0.527217 -0.292667 -0.797740
vn -0.527217 -0.292667 -0.797740
vn -0.527217 -0.292667 -0.797740
vn -0.527217 -0.292667 -0.797740
vn -0.527217 -0.292667 -0.797740
vn -0.942749 -0.297663 0.150405
vn -0.942749 -0.297663 0.150405
vn -0.942749 -0.297663 0.150405
vn -0.942749 -0.297663 0.150405
vn -0.942749 -0.297663 0.150405
vn -0.942749 -0.297663 0.150405
vn 0.578702 0.088936 0.810675
vn 0.578702 0.088936 0.810675
vn 0.578702 0.088936 0.810675
vn 0.578702 0.088936 0.810675
vn 0.578702 0.088936 0.810675
vn 0.578702 0.088936 0.810675
vn 0.962619 0.179264 -0.203050
vn 0.962619 0.179264 -0.203050
vn 0.962619 0.179264 -0.203050
vn 0.962619 0.179264 -0.203050
vn 0.962619 0.179264 -0.203050
vn 0.962619 0.179264 -0.203050
vn -0.606530 -0.153736 -0.780055
vn -0.606530 -0.153736 -0.780055
vn -0.606530 -0.153736 -0.780055
vn -0.606530 -0.153736 -0.780055
vn -0.606530 -0.153736 -0.780055
vn -0.606530 -0.153736 -0.780055
vn -0.938928 -0.284204 0.194015
vn -0.938928 -0.284204 0.194015
vn -0.938928 -0.284204 0.194015
vn -0.938928 -0.284204 0.194015
vn -0.938928 -0.284204 0.194015
vn -0.938928 -0.284204 0.194015
vn 0.642549 -0.005236 0.766227
vn 0.642549 -0.005236 0.766227
vn 0.642549 -0.005236 0.766227
vn 0.642549 -0.005236 0.766227
vn 0.642549 -0.005236 0.766227
vn 0.642549 -0.005236 0.766227
vn 0.948623 0.213070 -0.233914
vn 0.948623 0.213070 -0.233914
vn 0.948623 0.213070 -0.233914
vn 0.948623 0.213070 -0.233914
vn 0.948623 0.213070 -0.233914
vn 0.948623 0.213070 -0.233914
vn -0.666182 0.007446 -0.745752
vn -0.666182 0.007446 -0.745752
vn -0.666182 0.007446 -0.745752
vn -0.666182 0.007446 -0.745752
vn -0.666182 0.007446 -0.745752
vn -0.666182 0.007446 -0.745752
vn -0.931823 -0.294343 0.212292
vn -0.931823 -0.294343 0.212292
vn -0.931823 -0.294343 0.212292
vn -0.931823 -0.294343 0.212292
vn -0.931823 -0.294343 0.212292
vn -0.931823 -0.294343 0.212292
vn 0.687178 -0.111112 0.717941
vn 0.687178 -0.111112 0.717941
vn 0.687178 -0.111112 0.717941
vn 0.687178 -0.111112 0.717941
vn 0.687178 -0.111112 0.717941
vn 0.687178 -0.111112 0.717941
vn 0.940733 0.249183 -0.230063
vn 0.940733 0.249183 -0.230063
vn 0.940733 0.249183 -0.230063
vn 0.940733 0.249183 -0.230063
vn 0.940733 0.249183 -0.230063
vn 0.940733 0.249183 -0.230063
vn -0.702437 0.174826 -0.689941
vn -0.702437 0.174826 -0.689941
vn -0.702437 0.174826 -0.689941
vn -0.702437 0.174826 -0.689941
vn -0.702437 0.174826 -0.689941
vn -0.702437 0.174826 -0.689941
vn -0.930627 -0.303434 0.204603
vn -0.930627 -0.303434 0.204603
vn -0.930627 -0.303434 0.204603
vn -0.930627 -0.303434 0.204603
vn -0.930627 -0.303434 0.204603
vn -0.930627 -0.303434 0.204603
vn 0.710057 -0.217893 0.669583
vn 0.710057 -0.217893 0.669583
vn 0.710057 -0.217893 0.669583
vn 0.710057 -0.217893 0.669583
vn 0.710057 -0.217893 0.669583
vn 0.710057 -0.217893 0.669583
vn 0.941441 0.270710 -0.201011
vn 0.941441 0.270710 -0.201011
vn 0.941441 0.270710 -0.201011
vn 0.941441 0.270710 -0.201011
vn 0.941441 0.270710 -0.201011
vn 0.941441 0.270710 -0.201011
vn -0.714307 0.323490 -0.620580
vn -0.714307 0.323490 -0.620580
vn -0.714307 0.323490 -0.620580
vn -0.714307 0.323490 -0.620580
vn -0.714307 0.323490 -0.620580
vn -0.714307 0.323490 -0.620580
vn -0.938292 -0.290570 0.187554
vn -0.938292 -0.290570 0.187554
vn -0.938292 -0.290570 0.187554
vn -0.938292 -0.290570 0.187554
vn -0.938292 -0.290570 0.187554
vn -0.938292 -0.290570 0.187554
vn 0.712931 -0.314126 0.626940
vn 0.712931 -0.314126 0.626940
vn 0.712931 -0.314126 0.626940
vn 0.712931 -0.314126 0.626940
vn 0.712931 -0.314126 0.626940
vn 0.712931 -0.314126 0.626940
vn 0.949330 0.265176 -0.168686
vn 0.949330 0.265176 -0.168686
vn 0.949330 0.265176 -0.168686
vn 0.949330 0.265176 -0.168686
vn 0.949330 0.265176 -0.168686
vn 0.949330 0.265176 -0.168686
vn -0.706944 0.445132 -0.549625
vn -0.706944 0.445132 -0.549625
vn -0.706944 0.445132 -0.549625
vn -0.706944 0.445132 -0.549625
vn -0.706944 0.445132 -0.549625
vn -0.706944 0.445132 -0.549625
vn -0.950827 -0.251667 0.180531
vn -0.950827 -0.251667 0.180531
vn -0.950827 -0.251667 0.180531
vn -0.950827 -0.251667 0.180531
vn -0.950827 -0.251667 0.180531
vn -0.950827 -0.251667 0.180531
vn 0.702397 -0.400600 0.588352
vn 0.702397 -0.400600 0.588352
vn 0.702397 -0.400600 0.588352
vn 0.702397 -0.400600 0.588352
vn 0.702397 -0.400600 0.588352
vn 0.702397 -0.400600 0.588352
vn 0.961056 0.227022 -0.157584
vn 0.961056 0.227022 -0.157584
vn 0.961056 0.227022 -0.157584
vn 0.961056 0.227022 -0.157584
vn 0.961056 0.227022 -0.157584
vn 0.961056 0.227022 -0.157584
vn -0.686950 0.557011 -0.466731
vn -0.686950 0.557011 -0.466731
vn -0.686950 0.557011 -0.466731
vn -0.686950 0.557011 -0.466731
vn -0.686950 0.557011 -0.466731
vn -0.686950 0.557011 -0.466731
vn -0.961578 -0.187544 0.200485
vn -0.961578 -0.187544 0.200485
vn -0.961578 -0.187544 0.200485
vn -0.961578 -0.187544 0.200485
vn -0.961578 -0.187544 0.200485
vn -0.961578 -0.187544 0.200485
vn 0.686473 -0.491073 0.536285
vn 0.686473 -0.491073 0.536285
vn 0.686473 -0.491073 0.536285
vn 0.686473 -0.491073 0.536285
vn 0.686473 -0.491073 0.536285
vn 0.686473 -0.491073 0.536285
vn 0.969581 0.144965 -0.197226
vn 0.969581 0.144965 -0.197226
vn 0.969581 0.144965 -0.197226
vn 0.969581 0.144965 -0.197226
vn 0.969581 0.144965 -0.197226
vn 0.969581 0.144965 -0.197226
vn -0.647901 0.686768 -0.329507
vn -0.647901 0.686768 -0.329507
vn -0.647901 0.686768 -0.329507
vn -0.647901 0.686768 -0.329507
vn -0.647901 0.686768 -0.329507
vn -0.647901 0.686768 -0.329507
vn -0.956608 -0.088627 0.277571
vn -0.956608 -0.088627 0.277571
vn -0.956608 -0.088627 0.277571
vn -0.956608 -0.088627 0.277571
vn -0.956608 -0.088627 0.277571
vn -0.956608 -0.088627 0.277571
vn 0.666173 -0.605686 0.435153
vn 0.666173 -0.605686 0.435153
vn 0.666173 -0.605686 0.435153
vn 0.666173 -0.605686 0.435153
vn 0.666173 -0.605686 0.435153
vn 0.666173 -0.605686 0.435153
vn 0.929817 -0.018989 -0.367533
vn 0.929817 -0.018989 -0.367533
vn 0.929817 -0.018989 -0.367533
vn 0.929817 -0.018989 -0.367533
vn 0.929817 -0.018989 -0.367533
vn 0.929817 -0.018989 -0.367533
vn -0.514828 0.856862 -0.027205
vn -0.514828 0.856862 -0.027205
vn -0.514828 0.856862 -0.027205
vn -0.514828 0.856862 -0.027205
vn -0.514828 0.856862 -0.027205
vn -0.514828 0.856862 -0.027205
vn -0.867467 0.066924 0.492972
vn -0.867467 0.066924 0.492972
vn -0.867467 0.066924 0.492972
vn -0.867467 0.066924 0.492972
vn -0.867467 0.066924 0.492972
vn -0.867467 0.066924 0.492972
vn 0.600525 -0.777544 0.186535
vn 0.600525 -0.777544 0.186535
vn 0.600525 -0.777544 0.186535
vn 0.600525 -0.777544 0.186535
vn 0.600525 -0.777544 0.186535
vn 0.600525 -0.777544 0.186535
vn 0.558200 -0.134050 -0.818806
vn 0.558200 -0.134050 -0.818806
vn 0.558200 -0.134050 -0.818806
vn 0.558200 -0.134050 -0.818806
vn 0.558200 -0.134050 -0.818806
vn 0.558200 -0.134050 -0.818806
vn -0.031261 0.892980 0.449010
vn -0.031261 0.892980 0.449010
vn -0.031261 0.892980 0.449010
vn -0.031261 0.892980 0.449010
vn -0.031261 0.892980 0.449010
vn -0.031261 0.892980 0.449010
vn -0.469226 0.117585 0.875215
vn -0.469226 0.117585 0.875215
vn -0.469226 0.117585 0.875215
vn -0.469226 0.117585 0.875215
vn -0.469226 0.117585 0.875215
vn -0.469226 0.117585 0.875215
vn 0.120139 -0.912565 -0.390885
vn 0.120139 -0.912565 -0.390885
vn 0.120139 -0.912565 -0.390885
vn 0.120139 -0.912565 -0.390885
vn 0.120139 -0.912565 -0.390885
vn 0.120139 -0.912565 -0.390885
vn 0.078068 0.089578 -0.992916
vn 0.078068 0.089578 -0.992916
vn 0.078068 0.089578 -0.992916
vn 0.078068 0.089578 -0.992916
vn 0.078068 0.089578 -0.992916
vn 0.078068 0.089578 -0.992916
vn 0.483646 0.648481 0.587842
vn 0.483646 0.648481 0.587842
vn 0.483646 0.648481 0.587842
vn 0.483646 0.648481 0.587842
vn 0.483646 0.648481 0.587842
vn 0.483646 0.648481 0.587842
vn -0.060060 -0.101236 0.993048
vn -0.060060 -0.101236 0.993048
vn -0.060060 -0.101236 0.993048
vn -0.060060 -0.101236 0.993048
vn -0.060060 -0.101236 0.993048
vn -0.060060 -0.101236 0.993048
vn -0.472169 -0.657204 -0.587486
vn -0.472169 -0.657204 -0.587486
vn -0.472169 -0.657204 -0.587486
vn -0.472169 -0.657204 -0.587486
vn -0.472169 -0.657204 -0.587486
vn -0.472169 -0.657204 -0.587486
vn 0.969997 0.128472 0.206401
vn 0.969997 0.128472 0.206401
vn 0.969997 0.128472 0.206401
vn 0.969997 0.128472 0.206401
vn 0.969997 0.128472 0.206401
vn 0.969997 0.128472 0.206401
vn -0.125996 -0.736457 -0.664647
vn -0.125996 -0.736457 -0.664647
vn -0.125996 -0.736457 -0.664647
vn -0.125996 -0.736457 -0.664647
vn -0.125996 -0.736457 -0.664647
vn -0.125996 -0.736457 -0.664647
vn -0.832571 -0.553895 0.005073
vn -0.832571 -0.553895 0.005073
vn -0.832571 -0.553895 0.005073
vn -0.832571 -0.553895 0.005073
vn -0.832571 -0.553895 0.005073
vn -0.832571 -0.553895 0.005073
vn 0.257310 0.330316 0.908121
vn 0.257310 0.330316 0.908121
vn 0.257310 0.330316 0.908121
vn 0.257310 0.330316 0.908121
vn 0.257310 0.330316 0.908121
vn 0.257310 0.330316 0.908121
vn 0.972294 0.136388 0.189849
vn 0.972294 0.136388 0.189849
vn 0.972294 0.136388 0.189849
vn 0.972294 0.136388 0.189849
vn 0.972294 0.136388 0.189849
vn 0.972294 0.136388 0.189849
vn -0.194708 -0.539006 -0.819488
vn -0.194708 -0.539006 -0.819488
vn -0.194708 -0.539006 -0.819488
vn -0.194708 -0.539006 -0.819488
vn -0.194708 -0.539006 -0.819488
vn -0.194708 -0.539006 -0.819488
vn -0.888181 -0.453462 -0.074203
vn -0.888181 -0.453462 -0.074203
vn -0.888181 -0.453462 -0.074203
vn -0.888181 -0.453462 -0.074203
vn -0.888181 -0.453462 -0.074203
vn -0.888181 -0.453462 -0.074203
vn 0.277220 0.224573 0.934193
vn 0.277220 0.224573 0.934193
vn 0.277220 0.224573 0.934193
vn 0.277220 0.224573 0.934193
vn 0.277220 0.224573 0.934193
vn 0.277220 0.224573 0.934193
vn 0.973579 0.135892 0.183511
vn 0.973579 0.135892 0.183511
vn 0.973579 0.135892 0.183511
vn 0.973579 0.135892 0.183511
vn 0.973579 0.135892 0.183511
vn 0.973579 0.135892 0.183511
vn -0.228538 -0.377422 -0.897398
vn -0.228538 -0.377422 -0.897398
vn -0.228538 -0.377422 -0.897398
vn -0.228538 -0.377422 -0.897398
vn -0.228538 -0.377422 -0.897398
vn -0.228538 -0.377422 -0.897398
vn -0.913462 -0.385921 -0.129046
vn -0.913462 -0.385921 -0.129046
vn -0.913462 -0.385921 -0.129046
vn -0.913462 -0.385921 -0.129046
vn -0.913462 -0.385921 -0.129046
vn -0.913462 -0.385921 -0.129046
vn 0.284386 0.141770 0.948170
vn 0.284386 0.141770 0.948170
vn 0.284386 0.141770 0.948170
vn 0.284386 0.141770 0.948170
vn 0.284386 0.141770 0.948170
vn 0.284386 0.141770 0.948170
vn 0.972795 0.125712 0.194595
vn 0.972795 0.125712 0.194595
vn 0.972795 0.125712 0.194595
vn 0.972795 0.125712 0.194595
vn 0.972795 0.125712 0.194595
vn 0.972795 0.125712 0.194595
vn -0.242552 -0.225886 -0.943474
vn -0.242552 -0.225886 -0.943474
vn -0.242552 -0.225886 -0.943474
vn -0.242552 -0.225886 -0.943474
vn -0.242552 -0.225886 -0.943474
vn -0.242552 -0.225886 -0.943474
vn -0.926035 -0.333450 -0.176834
vn -0.926035 -0.333450 -0.176834
vn -0.926035 -0.333450 -0.176834
vn -0.926035 -0.333450 -0.176834
vn -0.926035 -0.333450 -0.176834
vn -0.926035 -0.333450 -0.176834
vn 0.280757 0.052590 0.958337
vn 0.280757 0.052590 0.958337
vn 0.280757 0.052590 0.958337
vn 0.280757 0.052590 0.958337
vn 0.280757 0.052590 0.958337
vn 0.280757 0.052590 0.958337
vn 0.970991 0.097970 0.218124
vn 0.970991 0.097970 0.218124
vn 0.970991 0.097970 0.218124
vn 0.970991 0.097970 0.218124
vn 0.970991 0.097970 0.218124
vn 0.970991 0.097970 0.218124
vn -0.243631 -0.060565 -0.967975
vn -0.243631 -0.060565 -0.967975
vn -0.243631 -0.060565 -0.967975
vn -0.243631 -0.060565 -0.967975
vn -0.243631 -0.060565 -0.967975
vn -0.243631 -0.060565 -0.967975
vn -0.933515 -0.276695 -0.228011
vn -0.933515 -0.276695 -0.228011
vn -0.933515 -0.276695 -0.228011
vn -0.933515 -0.276695 -0.228011
vn -0.933515 -0.276695 -0.228011
vn -0.933515 -0.276695 -0.228011
vn 0.267773 -0.058160 0.961725
vn 0.267773 -0.058160 0.961725
vn 0.267773 -0.058160 0.961725
vn 0.267773 -0.058160 0.961725
vn 0.267773 -0.058160 0.961725
vn 0.267773 -0.058160 0.961725
vn 0.968308 0.044775 0.245712
vn 0.968308 0.044775 0.245712
vn 0.968308 0.044775 0.245712
vn 0.968308 0.044775 0.245712
vn 0.968308 0.044775 0.245712
vn 0.968308 0.044775 0.245712
vn -0.235045 0.132922 -0.962853
vn -0.235045 0.132922 -0.962853
vn -0.235045 0.132922 -0.962853
vn -0.235045 0.132922 -0.962853
vn -0.235045 0.132922 -0.962853
vn -0.235045 0.132922 -0.962853
vn -0.940599 -0.193878 -0.278719
vn -0.940599 -0.193878 -0.278719
vn -0.940599 -0.193878 -0.278719
vn -0.940599 -0.193878 -0.278719
vn -0.940599 -0.193878 -0.278719
vn -0.940599 -0.193878 -0.278719
vn 0.246599 -0.197747 0.948728
vn 0.246599 -0.197747 0.948728
vn 0.246599 -0.197747 0.948728
vn 0.246599 -0.197747 0.948728
vn 0.246599 -0.197747 0.948728
vn 0.246599 -0.197747 0.948728
vn 0.963432 -0.035872 0.265540
vn 0.963432 -0.035872 0.265540
vn 0.963432 -0.035872 0.265540
vn 0.963432 -0.035872 0.265540
vn 0.963432 -0.035872 0.265540
vn 0.963432 -0.035872 0.265540
vn -0.215324 0.347739 -0.912531
vn -0.215324 0.347739 -0.912531
vn -0.215324 0.347739 -0.912531
vn -0.215324 0.347739 -0.912531
vn -0.215324 0.347739 -0.912531
vn -0.215324 0.347739 -0.912531
vn -0.948106 -0.069960 -0.310162
vn -0.948106 -0.069960 -0.310162
vn -0.948106 -0.069960 -0.310162
vn -0.948106 -0.069960 -0.310162
vn -0.948106 -0.069960 -0.310162
vn -0.948106 -0.069960 -0.310162
vn 0.216878 -0.358925 0.907820
vn 0.216878 -0.358925 0.907820
vn 0.216878 -0.358925 0.907820
vn 0.216878 -0.358925 0.907820
vn 0.216878 -0.358925 0.907820
vn 0.216878 -0.358925 0.907820
vn 0.953850 -0.131950 0.269739
vn 0.953850 -0.131950 0.269739
vn 0.953850 -0.131950 0.269739
vn 0.953850 -0.131950 0.269739
vn 0.953850 -0.131950 0.269739
vn 0.953850 -0.131950 0.269739
vn -0.179808 0.549296 -0.816054
vn -0.179808 0.549296 -0.816054
vn -0.179808 0.549296 -0.816054
vn -0.179808 0.549296 -0.816054
vn -0.179808 0.549296 -0.816054
vn -0.179808 0.549296 -0.816054
vn -0.949895 0.084074 -0.301049
vn -0.949895 0.084074 -0.301049
vn -0.949895 0.084074 -0.301049
vn -0.949895 0.084074 -0.301049
vn -0.949895 0.084074 -0.301049
vn -0.949895 0.084074 -0.301049
vn 0.176951 -0.514135 0.839258
vn 0.176951 -0.514135 0.839258
vn 0.176951 -0.514135 0.839258
vn 0.176951 -0.514135 0.839258
vn 0.176951 -0.514135 0.839258
vn 0.176951 -0.514135 0.839258
vn 0.938657 -0.227769 0.258930
vn 0.938657 -0.227769 0.258930
vn 0.938657 -0.227769 0.258930
vn 0.938657 -0.227769 0.258930
vn 0.938657 -0.227769 0.258930
vn 0.938657 -0.227769 0.258930
vn -0.129581 0.701747 -0.700543
vn -0.129581 0.701747 -0.700543
vn -0.129581 0.701747 -0.700543
vn -0.129581 0.701747 -0.700543
vn -0.129581 0.701747 -0.700543
vn -0.129581 0.701747 -0.700543
vn -0.938670 0.233784 -0.253463
vn -0.938670 0.233784 -0.253463
vn -0.938670 0.233784 -0.253463
vn -0.938670 0.233784 -0.253463
vn -0.938670 0.233784 -0.253463
vn -0.938670 0.233784 -0.253463
vn 0.129519 -0.635557 0.761112
vn 0.129519 -0.635557 0.761112
vn 0.129519 -0.635557 0.761112
vn 0.129519 -0.635557 0.761112
vn 0.129519 -0.635557 0.761112
vn 0.129519 -0.635557 0.761112
vn 0.918869 -0.322297 0.227607
vn 0.918869 -0.322297 0.227607
vn 0.918869 -0.322297 0.227607
vn 0.918869 -0.322297 0.227607
vn 0.918869 -0.322297 0.227607
vn 0.918869 -0.322297 0.227607
vn -0.072639 0.808877 -0.583474
vn -0.072639 0.808877 -0.583474
vn -0.072639 0.808877 -0.583474
vn -0.072639 0.808877 -0.583474
vn -0.072639 0.808877 -0.583474
vn -0.072639 0.808877 -0.583474
vn -0.914066 0.365638 -0.175477
vn -0.914066 0.365638 -0.175477
vn -0.914066 0.365638 -0.175477
vn -0.914066 0.365638 -0.175477
vn -0.914066 0.365638 -0.175477
vn -0.914066 0.365638 -0.175477
vn 0.082697 -0.727237 0.681387
vn 0.082697 -0.727237 0.681387
vn 0.082697 -0.727237 0.681387
vn 0.082697 -0.727237 0.681387
vn 0.082697 -0.727237 0.681387
vn 0.082697 -0.727237 0.681387
vn 0.891059 -0.426957 0.154017
vn 0.891059 -0.426957 0.154017
vn 0.891059 -0.426957 0.154017
vn 0.891059 -0.426957 0.154017
vn 0.891059 -0.426957 0.154017
vn 0.891059 -0.426957 0.154017
vn -0.008947 0.896091 -0.443781
vn -0.008947 0.896091 -0.443781
vn -0.008947 0.896091 -0.443781
vn -0.008947 0.896091 -0.443781
vn -0.008947 0.896091 -0.443781
vn -0.008947 0.896091 -0.443781
vn -0.869608 0.491703 -0.044830
vn -0.869608 0.491703 -0.044830
vn -0.869608 0.491703 -0.044830
vn -0.869608 0.491703 -0.044830
vn -0.869608 0.491703 -0.044830
vn -0.869608 0.491703 -0.044830
vn 0.042000 -0.811586 0.582722
vn 0.042000 -0.811586 0.582722
vn 0.042000 -0.811586 0.582722
vn 0.042000 -0.811586 0.582722
vn 0.042000 -0.811586 0.582722
vn 0.042000 -0.811586 0.582722
vn 0.826128 -0.563424 -0.008135
vn 0.826128 -0.563424 -0.008135
vn 0.826128 -0.563424 -0.008135
vn 0.826128 -0.563424 -0.008135
vn 0.826128 -0.563424 -0.008135
vn 0.826128 -0.563424 -0.008135
vn 0.096432 0.976512 -0.192680
vn 0.096432 0.976512 -0.192680
vn 0.096432 0.976512 -0.192680
vn 0.096432 0.976512 -0.192680
vn 0.096432 0.976512 -0.192680
vn 0.096432 0.976512 -0.192680
vn -0.743072 0.624263 0.241120
vn -0.743072 0.624263 0.241120
vn -0.743072 0.624263 0.241120
vn -0.743072 0.624263 0.241120
vn -0.743072 0.624263 0.241120
vn -0.743072 0.624263 0.241120
vn 0.004219 -0.919340 0.393442
vn 0.004219 -0.919340 0.393442
vn 0.004219 -0.919340 0.393442
vn 0.004219 -0.919340 0.393442
vn 0.004219 -0.919340 0.393442
vn 0.004219 -0.919340 0.393442
vn 0.447266 -0.607172 -0.656730
vn 0.447266 -0.607172 -0.656730
vn 0.447266 -0.607172 -0.656730
vn 0.447266 -0.607172 -0.656730
vn 0.447266 -0.607172 -0.656730
vn 0.447266 -0.607172 -0.656730
vn 0.437338 0.857104 0.272228
vn 0.437338 0.857104 0.272228
vn 0.437338 0.857104 0.272228
vn 0.437338 0.857104 0.272228
vn 0.437338 0.857104 0.272228
vn 0.437338 0.857104 0.272228
vn -0.305354 0.517265 0.799497
vn -0.305354 0.517265 0.799497
vn -0.305354 0.517265 0.799497
vn -0.305354 0.517265 0.799497
vn -0.305354 0.517265 0.799497
vn -0.305354 0.517265 0.799497
vn -0.309228 -0.938878 -0.151280
vn -0.309228 -0.938878 -0.151280
vn -0.309228 -0.938878 -0.151280
vn -0.309228 -0.938878 -0.151280
vn -0.309228 -0.938878 -0.151280
vn -0.309228 -0.938878 -0.151280
vn -0.158149 0.017122 -0.987267
vn -0.158149 0.017122 -0.987267
vn -0.158149 0.017122 -0.987267
vn -0.158149 0.017122 -0.987267
vn -0.158149 0.017122 -0.987267
vn -0.158149 0.017122 -0.987267
vn 0.813192 0.434787 0.386884
vn 0.813192 0.434787 0.386884
vn 0.813192 0.434787 0.386884
vn 0.813192 0.434787 0.386884
vn 0.813192 0.434787 0.386884
vn 0.813192 0.434787 0.386884
vn 0.159967 -0.019854 0.986923
vn 0.159967 -0.019854 0.986923
vn 0.159967 -0.019854 0.986923
vn 0.159967 -0.019854 0.986923
vn 0.159967 -0.019854 0.986923
vn 0.159967 -0.019854 0.986923
vn -0.798912 -0.459888 -0.387612
vn -0.798912 -0.459888 -0.387612
vn -0.798912 -0.459888 -0.387612
vn -0.798912 -0.459888 -0.387612
vn -0.798912 -0.459888 -0.387612
vn -0.798912 -0.459888 -0.387612
vn -0.416041 -0.770161 -0.483489
vn -0.416041 -0.770161 -0.483489
vn -0.416041 -0.770161 -0.483489
vn -0.416041 -0.770161 -0.483489
vn -0.416041 -0.770161 -0.483489
vn -0.416041 -0.770161 -0.483489
vn -0.503973 0.287245 0.814556
vn -0.503973 0.287245 0.814556
vn -0.503973 0.287245 0.814556
vn -0.503973 0.287245 0.814556
vn -0.503973 0.287245 0.814556
vn -0.503973 0.287245 0.814556
vn 0.495863 0.534478 0.684437
vn 0.495863 0.534478 0.684437
vn 0.495863 0.534478 0.684437
vn 0.495863 0.534478 0.684437
vn 0.495863 0.534478 0.684437
vn 0.495863 0.534478 0.684437
vn 0.555935 -0.546706 -0.626138
vn 0.555935 -0.546706 -0.626138
vn 0.555935 -0.546706 -0.626138
vn 0.555935 -0.546706 -0.626138
vn 0.555935 -0.546706 -0.626138
vn 0.555935 -0.546706 -0.626138
vn -0.496729 -0.534209 -0.684018
vn -0.496729 -0.534209 -0.684018
vn -0.496729 -0.534209 -0.684018
vn -0.496729 -0.534209 -0.684018
vn -0.496729 -0.534209 -0.684018
vn -0.496729 -0.534209 -0.684018
vn -0.504821 0.237760 0.829835
vn -0.504821 0.237760 0.829835
vn -0.504821 0.237760 0.829835
vn -0.504821 0.237760 0.829835
vn -0.504821 0.237760 0.829835
vn -0.504821 0.237760 0.829835
vn 0.520973 0.329175 0.787547
vn 0.520973 0.329175 0.787547
vn 0.520973 0.329175 0.787547
vn 0.520973 0.329175 0.787547
vn 0.520973 0.329175 0.787547
vn 0.520973 0.329175 0.787547
vn 0.526181 -0.442208 -0.726351
vn 0.526181 -0.442208 -0.726351
vn 0.526181 -0.442208 -0.726351
vn 0.526181 -0.442208 -0.726351
vn 0.526181 -0.442208 -0.726351
vn 0.526181 -0.442208 -0.726351
vn -0.520108 -0.324889 -0.789895
vn -0.520108 -0.324889 -0.789895
vn -0.520108 -0.324889 -0.789895
vn -0.520108 -0.324889 -0.789895
vn -0.520108 -0.324889 -0.789895
vn -0.520108 -0.324889 -0.789895
vn -0.513243 0.168318 0.841576
vn -0.513243 0.168318 0.841576
vn -0.513243 0.168318 0.841576
vn -0.513243 0.168318 0.841576
vn -0.513243 0.168318 0.841576
vn -0.513243 0.168318 0.841576
vn 0.519317 0.154935 0.840419
vn 0.519317 0.154935 0.840419
vn 0.519317 0.154935 0.840419
vn 0.519317 0.154935 0.840419
vn 0.519317 0.154935 0.840419
vn 0.519317 0.154935 0.840419
vn 0.510740 -0.337879 -0.790558
vn 0.510740 -0.337879 -0.790558
vn 0.510740 -0.337879 -0.790558
vn 0.510740 -0.337879 -0.790558
vn 0.510740 -0.337879 -0.790558
vn 0.510740 -0.337879 -0.790558
vn -0.515941 -0.112542 -0.849199
vn -0.515941 -0.112542 -0.849199
vn -0.515941 -0.112542 -0.849199
vn -0.515941 -0.112542 -0.849199
vn -0.515941 -0.112542 -0.849199
vn -0.515941 -0.112542 -0.849199
vn -0.525082 0.071172 0.848070
vn -0.525082 0.071172 0.848070
vn -0.525082 0.071172 0.848070
vn -0.525082 0.071172 0.848070
vn -0.525082 0.071172 0.848070
vn -0.525082 0.071172 0.848070
vn 0.502602 -0.031102 0.863958
vn 0.502602 -0.031102 0.863958
vn 0.502602 -0.031102 0.863958
vn 0.502602 -0.031102 0.863958
vn 0.502602 -0.031102 0.863958
vn 0.502602 -0.031102 0.863958
vn 0.509823 -0.215180 -0.832934
vn 0.509823 -0.215180 -0.832934
vn 0.509823 -0.215180 -0.832934
vn 0.509823 -0.215180 -0.832934
vn 0.509823 -0.215180 -0.832934
vn 0.509823 -0.215180 -0.832934
vn -0.486907 0.134044 -0.863107
vn -0.486907 0.134044 -0.863107
vn -0.486907 0.134044 -0.863107
vn -0.486907 0.134044 -0.863107
vn -0.486907 0.134044 -0.863107
vn -0.486907 0.134044 -0.863107
vn -0.547934 -0.066578 0.833868
vn -0.547934 -0.066578 0.833868
vn -0.547934 -0.066578 0.833868
vn -0.547934 -0.066578 0.833868
vn -0.547934 -0.066578 0.833868
vn -0.547934 -0.066578 0.833868
vn 0.466249 -0.253346 0.847601
vn 0.466249 -0.253346 0.847601
vn 0.466249 -0.253346 0.847601
vn 0.466249 -0.253346 0.847601
vn 0.466249 -0.253346 0.847601
vn 0.466249 -0.253346 0.847601
vn 0.525414 -0.053386 -0.849170
vn 0.525414 -0.053386 -0.849170
vn 0.525414 -0.053386 -0.849170
vn 0.525414 -0.053386 -0.849170
vn 0.525414 -0.053386 -0.849170
vn 0.525414 -0.053386 -0.849170
vn -0.428223 0.418787 -0.800776
vn -0.428223 0.418787 -0.800776
vn -0.428223 0.418787 -0.800776
vn -0.428223 0.418787 -0.800776
vn -0.428223 0.418787 -0.800776
vn -0.428223 0.418787 -0.800776
vn -0.589031 -0.241354 0.771227
vn -0.589031 -0.241354 0.771227
vn -0.589031 -0.241354 0.771227
vn -0.589031 -0.241354 0.771227
vn -0.589031 -0.241354 0.771227
vn -0.589031 -0.241354 0.771227
vn 0.405048 -0.507060 0.760807
vn 0.405048 -0.507060 0.760807
vn 0.405048 -0.507060 0.760807
vn 0.405048 -0.507060 0.760807
vn 0.405048 -0.507060 0.760807
vn 0.405048 -0.507060 0.760807
vn 0.565641 0.154249 -0.810097
vn 0.565641 0.154249 -0.810097
vn 0.565641 0.154249 -0.810097
vn 0.565641 0.154249 -0.810097
vn 0.565641 0.154249 -0.810097
vn 0.565641 0.154249 -0.810097
vn -0.349712 0.683095 -0.641158
vn -0.349712 0.683095 -0.641158
vn -0.349712 0.683095 -0.641158
vn -0.349712 0.683095 -0.641158
vn -0.349712 0.683095 -0.641158
vn -0.349712 0.683095 -0.641158
vn -0.644132 -0.408030 0.646997
vn -0.644132 -0.408030 0.646997
vn -0.644132 -0.408030 0.646997
vn -0.644132 -0.408030 0.646997
vn -0.644132 -0.408030 0.646997
vn -0.644132 -0.408030 0.646997
vn 0.332098 -0.730363 0.596892
vn 0.332098 -0.730363 0.596892
vn 0.332098 -0.730363 0.596892
vn 0.332098 -0.730363 0.596892
vn 0.332098 -0.730363 0.596892
vn 0.332098 -0.730363 0.596892
vn 0.628512 0.363801 -0.687475
vn 0.628512 0.363801 -0.687475
vn 0.628512 0.363801 -0.687475
vn 0.628512 0.363801 -0.687475
vn 0.628512 0.363801 -0.687475
vn 0.628512 0.363801 -0.687475
vn -0.282098 0.852151 -0.440749
vn -0.282098 0.852151 -0.440749
vn -0.282098 0.852151 -0.440749
vn -0.282098 0.852151 -0.440749
vn -0.282098 0.852151 -0.440749
vn -0.282098 0.852151 -0.440749
vn -0.691271 -0.513132 0.508763
vn -0.691271 -0.513132 0.508763
vn -0.691271 -0.513132 0.508763
vn -0.691271 -0.513132 0.508763
vn -0.691271 -0.513132 0.508763
vn -0.691271 -0.513132 0.508763
vn 0.279088 -0.858271 0.430674
vn 0.279088 -0.858271 0.430674
vn 0.279088 -0.858271 0.430674
vn 0.279088 -0.858271 0.430674
vn 0.279088 -0.858271 0.430674
vn 0.279088 -0.858271 0.430674
vn 0.689151 0.508432 -0.516303
vn 0.689151 0.508432 -0.516303
vn 0.689151 0.508432 -0.516303
vn 0.689151 0.508432 -0.516303
vn 0.689151 0.508432 -0.516303
vn 0.689151 0.508432 -0.516303
vn -0.239715 0.933429 -0.266923
vn -0.239715 0.933429 -0.266923
vn -0.239715 0.933429 -0.266923
vn -0.239715 0.933429 -0.266923
vn -0.239715 0.933429 -0.266923
vn -0.239715 0.933429 -0.266923
vn -0.720756 -0.567523 0.398030
vn -0.720756 -0.567523 0.398030
vn -0.720756 -0.567523 0.398030
vn -0.720756 -0.567523 0.398030
vn -0.720756 -0.567523 0.398030
vn -0.720756 -0.567523 0.398030
vn 0.250032 -0.916001 0.313729
vn 0.250032 -0.916001 0.313729
vn 0.250032 -0.916001 0.313729
vn 0.250032 -0.916001 0.313729
vn 0.250032 -0.916001 0.313729
vn 0.250032 -0.916001 0.313729
vn 0.730963 0.585418 -0.350683
vn 0.730963 0.585418 -0.350683
vn 0.730963 0.585418 -0.350683
vn 0.730963 0.585418 -0.350683
vn 0.730963 0.585418 -0.350683
vn 0.730963 0.585418 -0.350683
vn -0.213261 0.970709 -0.110652
vn -0.213261 0.970709 -0.110652
vn -0.213261 0.970709 -0.110652
vn -0.213261 0.970709 -0.110652
vn -0.213261 0.970709 -0.110652
vn -0.213261 0.970709 -0.110652
vn -0.740736 -0.602671 0.296813
vn -0.740736 -0.602671 0.296813
vn -0.740736 -0.602671 0.296813
vn -0.740736 -0.602671 0.296813
vn -0.740736 -0.602671 0.296813
vn -0.740736 -0.602671 0.296813
vn 0.229242 -0.948436 0.218901
vn 0.229242 -0.948436 0.218901
vn 0.229242 -0.948436 0.218901
vn 0.229242 -0.948436 0.218901
vn 0.229242 -0.948436 0.218901
vn 0.229242 -0.948436 0.218901
vn 0.757844 0.624653 -0.188365
vn 0.757844 0.624653 -0.188365
vn 0.757844 0.624653 -0.188365
vn 0.757844 0.624653 -0.188365
vn 0.757844 0.624653 -0.188365
vn 0.757844 0.624653 -0.188365
vn -0.193976 0.977660 0.080961
vn -0.193976 0.977660 0.080961
vn -0.193976 0.977660 0.080961
vn -0.193976 0.977660 0.080961
vn -0.193976 0.977660 0.080961
vn -0.193976 0.977660 0.080961
vn -0.757084 -0.632838 0.162295
vn -0.757084 -0.632838 0.162295
vn -0.757084 -0.632838 0.162295
vn -0.757084 -0.632838 0.162295
vn -0.757084 -0.632838 0.162295
vn -0.757084 -0.632838 0.162295
vn 0.205162 -0.974222 0.093803
vn 0.205162 -0.974222 0.093803
vn 0.205162 -0.974222 0.093803
vn 0.205162 -0.974222 0.093803
vn 0.205162 -0.974222 0.093803
vn 0.205162 -0.974222 0.093803
vn 0.773802 0.633343 0.010299
vn 0.773802 0.633343 0.010299
vn 0.773802 0.633343 0.010299
vn 0.773802 0.633343 0.010299
vn 0.773802 0.633343 0.010299
vn 0.773802 0.633343 0.010299
vn -0.187415 0.902186 0.388505
vn -0.187415 0.902186 0.388505
vn -0.187415 0.902186 0.388505
vn -0.187415 0.902186 0.388505
vn -0.187415 0.902186 0.388505
vn -0.187415 0.902186 0.388505
vn -0.765769 -0.636405 -0.092662
vn -0.765769 -0.636405 -0.092662
vn -0.765769 -0.636405 -0.092662
vn -0.765769 -0.636405 -0.092662
vn -0.765769 -0.636405 -0.092662
vn -0.765769 -0.636405 -0.092662
vn 0.176558 -0.971448 -0.158478
vn 0.176558 -0.971448 -0.158478
vn 0.176558 -0.971448 -0.158478
vn 0.176558 -0.971448 -0.158478
vn 0.176558 -0.971448 -0.158478
vn 0.176558 -0.971448 -0.158478
vn 0.767443 0.563769 0.305279
vn 0.767443 0.563769 0.305279
vn 0.767443 0.563769 0.305279
vn 0.767443 0.563769 0.305279
vn 0.767443 0.563769 0.305279
vn 0.767443 0.563769 0.305279
vn -0.236880 0.592346 0.770074
vn -0.236880 0.592346 0.770074
vn -0.236880 0.592346 0.770074
vn -0.236880 0.592346 0.770074
vn -0.236880 0.592346 0.770074
vn -0.236880 0.592346 0.770074
vn -0.737220 -0.413733 -0.534164
vn -0.737220 -0.413733 -0.534164
vn -0.737220 -0.413733 -0.534164
vn -0.737220 -0.413733 -0.534164
vn -0.737220 -0.413733 -0.534164
vn -0.737220 -0.413733 -0.534164
vn 0.212165 -0.722531 -0.657978
vn 0.212165 -0.722531 -0.657978
vn 0.212165 -0.722531 -0.657978
vn 0.212165 -0.722531 -0.657978
vn 0.212165 -0.722531 -0.657978
vn 0.212165 -0.722531 -0.657978
vn 0.712136 0.288220 0.640150
vn 0.712136 0.288220 0.640150
vn 0.712136 0.288220 0.640150
vn 0.712136 0.288220 0.640150
vn 0.712136 0.288220 0.640150
vn 0.712136 0.288220 0.640150
vn -0.327217 0.175868 0.928439
vn -0.327217 0.175868 0.928439
vn -0.327217 0.175868 0.928439
vn -0.327217 0.175868 0.928439
vn -0.327217 0.175868 0.928439
vn -0.327217 0.175868 0.928439
vn -0.660277 0.010457 -0.750950
vn -0.660277 0.010457 -0.750950
vn -0.660277 0.010457 -0.750950
vn -0.660277 0.010457 -0.750950
vn -0.660277 0.010457 -0.750950
vn -0.660277 0.010457 -0.750950
vn 0.320663 -0.211770 -0.923216
vn 0.320663 -0.211770 -0.923216
vn 0.320663 -0.211770 -0.923216
vn 0.320663 -0.211770 -0.923216
vn 0.320663 -0.211770 -0.923216
vn 0.320663 -0.211770 -0.923216
vn 0.650517 -0.052473 0.757677
vn 0.650517 -0.052473 0.757677
vn 0.650517 -0.052473 0.757677
vn 0.650517 -0.052473 0.757677
vn 0.650517 -0.052473 0.757677
vn 0.650517 -0.052473 0.757677
vn 0.444300 0.470960 -0.762099
vn 0.444300 0.470960 -0.762099
vn 0.444300 0.470960 -0.762099
vn 0.444300 0.470960 -0.762099
vn 0.444300 0.470960 -0.762099
vn 0.444300 0.470960 -0.762099
vn -0.994959 0.100277 -0.000413
vn -0.994959 0.100277 -0.000413
vn -0.994959 0.100277 -0.000413
vn -0.994959 0.100277 -0.000413
vn -0.994959 0.100277 -0.000413
vn -0.994959 0.100277 -0.000413
vn -0.577521 -0.743187 0.337849
vn -0.577521 -0.743187 0.337849
vn -0.577521 -0.743187 0.337849
vn -0.577521 -0.743187 0.337849
vn -0.577521 -0.743187 0.337849
vn -0.577521 -0.743187 0.337849
vn 0.828180 -0.391297 -0.401254
vn 0.828180 -0.391297 -0.401254
vn 0.828180 -0.391297 -0.401254
vn 0.828180 -0.391297 -0.401254
vn 0.828180 -0.391297 -0.401254
vn 0.828180 -0.391297 -0.401254
vn 0.417613 0.314065 -0.852621
vn 0.417613 0.314065 -0.852621
vn 0.417613 0.314065 -0.852621
vn 0.417613 0.314065 -0.852621
vn 0.417613 0.314065 -0.852621
vn 0.417613 0.314065 -0.852621
vn -0.996903 0.053469 -0.057659
vn -0.996903 0.053469 -0.057659
vn -0.996903 0.053469 -0.057659
vn -0.996903 0.053469 -0.057659
vn -0.996903 0.053469 -0.057659
vn -0.996903 0.053469 -0.057659
vn -0.559863 -0.681770 0.470896
vn -0.559863 -0.681770 0.470896
vn -0.559863 -0.681770 0.470896
vn -0.559863 -0.681770 0.470896
vn -0.559863 -0.681770 0.470896
vn -0.559863 -0.681770 0.470896
vn 0.868567 -0.392680 -0.302313
vn 0.868567 -0.392680 -0.302313
vn 0.868567 -0.392680 -0.302313
vn 0.868567 -0.392680 -0.302313
vn 0.868567 -0.392680 -0.302313
vn 0.868567 -0.392680 -0.302313
vn 0.453749 0.182031 -0.872340
vn 0.453749 0.182031 -0.872340
vn 0.453749 0.182031 -0.872340
vn 0.453749 0.182031 -0.872340
vn 0.453749 0.182031 -0.872340
vn 0.453749 0.182031 -0.872340
vn -0.994231 0.021475 -0.105087
vn -0.994231 0.021475 -0.105087
vn -0.994231 0.021475 -0.105087
vn -0.994231 0.021475 -0.105087
vn -0.994231 0.021475 -0.105087
vn -0.994231 0.021475 -0.105087
vn -0.563019 -0.600341 0.567980
vn -0.563019 -0.600341 0.567980
vn -0.563019 -0.600341 0.567980
vn -0.563019 -0.600341 0.567980
vn -0.563019 -0.600341 0.567980
vn -0.563019 -0.600341 0.567980
vn 0.919681 -0.359787 -0.157292
vn 0.919681 -0.359787 -0.157292
vn 0.919681 -0.359787 -0.157292
vn 0.919681 -0.359787 -0.157292
vn 0.919681 -0.359787 -0.157292
vn 0.919681 -0.359787 -0.157292
vn 0.533490 0.135860 -0.834824
vn 0.533490 0.135860 -0.834824
vn 0.533490 0.135860 -0.834824
vn 0.533490 0.135860 -0.834824
vn 0.533490 0.135860 -0.834824
vn 0.533490 0.135860 -0.834824
vn -0.987398 0.012984 -0.157726
vn -0.987398 0.012984 -0.157726
vn -0.987398 0.012984 -0.157726
vn -0.987398 0.012984 -0.157726
vn -0.987398 0.012984 -0.157726
vn -0.987398 0.012984 -0.157726
vn -0.588236 -0.525871 0.614359
vn -0.588236 -0.525871 0.614359
vn -0.588236 -0.525871 0.614359
vn -0.588236 -0.525871 0.614359
vn -0.588236 -0.525871 0.614359
vn -0.588236 -0.525871 0.614359
vn 0.961869 -0.273510 0.000795
vn 0.961869 -0.273510 0.000795
vn 0.961869 -0.273510 0.000795
vn 0.961869 -0.273510 0.000795
vn 0.961869 -0.273510 0.000795
vn 0.961869 -0.273510 0.000795
vn 0.623152 0.192693 -0.757991
vn 0.623152 0.192693 -0.757991
vn 0.623152 0.192693 -0.757991
vn 0.623152 0.192693 -0.757991
vn 0.623152 0.192693 -0.757991
vn 0.623152 0.192693 -0.757991
vn -0.975595 0.018325 -0.218814
vn -0.975595 0.018325 -0.218814
vn -0.975595 0.018325 -0.218814
vn -0.975595 0.018325 -0.218814
vn -0.975595 0.018325 -0.218814
vn -0.975595 0.018325 -0.218814
vn -0.624956 -0.481404 0.614557
vn -0.624956 -0.481404 0.614557
vn -0.624956 -0.481404 0.614557
vn -0.624956 -0.481404 0.614557
vn -0.624956 -0.481404 0.614557
vn -0.624956 -0.481404 0.614557
vn 0.977639 -0.142555 0.154596
vn 0.977639 -0.142555 0.154596
vn 0.977639 -0.142555 0.154596
vn 0.977639 -0.142555 0.154596
vn 0.977639 -0.142555 0.154596
vn 0.977639 -0.142555 0.154596
vn 0.681460 0.340320 -0.647916
vn 0.681460 0.340320 -0.647916
vn 0.681460 0.340320 -0.647916
vn 0.681460 0.340320 -0.647916
vn 0.681460 0.340320 -0.647916
vn 0.681460 0.340320 -0.647916
vn -0.959083 0.018457 -0.282522
vn -0.959083 0.018457 -0.282522
vn -0.959083 0.018457 -0.282522
vn -0.959083 0.018457 -0.282522
vn -0.959083 0.018457 -0.282522
vn -0.959083 0.018457 -0.282522
vn -0.660421 -0.475963 0.580779
vn -0.660421 -0.475963 0.580779
vn -0.660421 -0.475963 0.580779
vn -0.660421 -0.475963 0.580779
vn -0.660421 -0.475963 0.580779
vn -0.660421 -0.475963 0.580779
vn 0.953410 0.018084 0.301134
vn 0.953410 0.018084 0.301134
vn 0.953410 0.018084 0.301134
vn 0.953410 0.018084 0.301134
vn 0.953410 0.018084 0.301134
vn 0.953410 0.018084 0.301134
vn 0.668993 0.547891 -0.502259
vn 0.668993 0.547891 -0.502259
vn 0.668993 0.547891 -0.502259
vn 0.668993 0.547891 -0.502259
vn 0.668993 0.547891 -0.502259
vn 0.668993 0.547891 -0.502259
vn -0.938778 -0.012534 -0.344296
vn -0.938778 -0.012534 -0.344296
vn -0.938778 -0.012534 -0.344296
vn -0.938778 -0.012534 -0.344296
vn -0.938778 -0.012534 -0.344296
vn -0.938778 -0.012534 -0.344296
vn -0.684554 -0.504505 0.526176
vn -0.684554 -0.504505 0.526176
vn -0.684554 -0.504505 0.526176
vn -0.684554 -0.504505 0.526176
vn -0.684554 -0.504505 0.526176
vn -0.684554 -0.504505 0.526176
vn 0.875742 0.185912 0.445548
vn 0.875742 0.185912 0.445548
vn 0.875742 0.185912 0.445548
vn 0.875742 0.185912 0.445548
vn 0.875742 0.185912 0.445548
vn 0.875742 0.185912 0.445548
vn 0.560680 0.762785 -0.322175
vn 0.560680 0.762785 -0.322175
vn 0.560680 0.762785 -0.322175
vn 0.560680 0.762785 -0.322175
vn 0.560680 0.762785 -0.322175
vn 0.560680 0.762785 -0.322175
vn -0.904436 -0.095261 -0.415838
vn -0.904436 -0.095261 -0.415838
vn -0.904436 -0.095261 -0.415838
vn -0.904436 -0.095261 -0.415838
vn -0.904436 -0.095261 -0.415838
vn -0.904436 -0.095261 -0.415838
vn -0.681660 -0.576558 0.450468
vn -0.681660 -0.576558 0.450468
vn -0.681660 -0.576558 0.450468
vn -0.681660 -0.576558 0.450468
vn -0.681660 -0.576558 0.450468
vn -0.681660 -0.576558 0.450468
vn 0.743260 0.319394 0.587837
vn 0.743260 0.319394 0.587837
vn 0.743260 0.319394 0.587837
vn 0.743260 0.319394 0.587837
vn 0.743260 0.319394 0.587837
vn 0.743260 0.319394 0.587837
vn 0.375852 0.917141 -0.132616
vn 0.375852 0.917141 -0.132616
vn 0.375852 0.917141 -0.132616
vn 0.375852 0.917141 -0.132616
vn 0.375852 0.917141 -0.132616
vn 0.375852 0.917141 -0.132616
vn -0.831098 -0.210063 -0.514927
vn -0.831098 -0.210063 -0.514927
vn -0.831098 -0.210063 -0.514927
vn -0.831098 -0.210063 -0.514927
vn -0.831098 -0.210063 -0.514927
vn -0.831098 -0.210063 -0.514927
vn -0.587631 -0.746868 0.311252
vn -0.587631 -0.746868 0.311252
vn -0.587631 -0.746868 0.311252
vn -0.587631 -0.746868 0.311252
vn -0.587631 -0.746868 0.311252
vn -0.587631 -0.746868 0.311252
vn 0.599770 0.375129 0.706791
vn 0.599770 0.375129 0.706791
vn 0.599770 0.375129 0.706791
vn 0.599770 0.375129 0.706791
vn 0.599770 0.375129 0.706791
vn 0.599770 0.375129 0.706791
vn 0.192423 0.981182 0.015962
vn 0.192423 0.981182 0.015962
vn 0.192423 0.981182 0.015962
vn 0.192423 0.981182 0.015962
vn 0.192423 0.981182 0.015962
vn 0.192423 0.981182 0.015962
vn -0.710973 -0.303491 -0.634358
vn -0.710973 -0.303491 -0.634358
vn -0.710973 -0.303491 -0.634358
vn -0.710973 -0.303491 -0.634358
vn -0.710973 -0.303491 -0.634358
vn -0.710973 -0.303491 -0.634358
vn -0.380706 -0.916844 0.120246
vn -0.380706 -0.916844 0.120246
vn -0.380706 -0.916844 0.120246
vn -0.380706 -0.916844 0.120246
vn -0.380706 -0.916844 0.120246
vn -0.380706 -0.916844 0.120246
vn 0.510917 0.368569 0.776609
vn 0.510917 0.368569 0.776609
vn 0.510917 0.368569 0.776609
vn 0.510917 0.368569 0.776609
vn 0.510917 0.368569 0.776609
vn 0.510917 0.368569 0.776609
vn 0.082037 0.992304 0.092750
vn 0.082037 0.992304 0.092750
vn 0.082037 0.992304 0.092750
vn 0.082037 0.992304 0.092750
vn 0.082037 0.992304 0.092750
vn 0.082037 0.992304 0.092750
vn -0.563822 -0.346856 -0.749531
vn -0.563822 -0.346856 -0.749531
vn -0.563822 -0.346856 -0.749531
vn -0.563822 -0.346856 -0.749531
vn -0.563822 -0.346856 -0.749531
vn -0.563822 -0.346856 -0.749531
vn -0.155480 -0.986802 -0.045248
vn -0.155480 -0.986802 -0.045248
vn -0.155480 -0.986802 -0.045248
vn -0.155480 -0.986802 -0.045248
vn -0.155480 -0.986802 -0.045248
vn -0.155480 -0.986802 -0.045248
vn 0.486699 0.353207 0.798980
vn 0.486699 0.353207 0.798980
vn 0.486699 0.353207 0.798980
vn 0.486699 0.353207 0.798980
vn 0.486699 0.353207 0.798980
vn 0.486699 0.353207 0.798980
vn 0.434451 -0.577554 -0.691146
vn 0.434451 -0.577554 -0.691146
vn 0.434451 -0.577554 -0.691146
vn 0.434451 -0.577554 -0.691146
vn 0.434451 -0.577554 -0.691146
vn 0.434451 -0.577554 -0.691146
vn -0.964839 -0.212291 0.154976
vn -0.964839 -0.212291 0.154976
vn -0.964839 -0.212291 0.154976
vn -0.964839 -0.212291 0.154976
vn -0.964839 -0.212291 0.154976
vn -0.964839 -0.212291 0.154976
vn -0.420484 0.286515 0.860873
vn -0.420484 0.286515 0.860873
vn -0.420484 0.286515 0.860873
vn -0.420484 0.286515 0.860873
vn -0.420484 0.286515 0.860873
vn -0.420484 0.286515 0.860873
vn 0.996791 -0.079457 0.009668
vn 0.996791 -0.079457 0.009668
vn 0.996791 -0.079457 0.009668
vn 0.996791 -0.079457 0.009668
vn 0.996791 -0.079457 0.009668
vn 0.996791 -0.079457 0.009668
vn 0.428497 -0.541786 -0.723089
vn 0.428497 -0.541786 -0.723089
vn 0.428497 -0.541786 -0.723089
vn 0.428497 -0.541786 -0.723089
vn 0.428497 -0.541786 -0.723089
vn 0.428497 -0.541786 -0.723089
vn -0.989189 -0.118150 0.086870
vn -0.989189 -0.118150 0.086870
vn -0.989189 -0.118150 0.086870
vn -0.989189 -0.118150 0.086870
vn -0.989189 -0.118150 0.086870
vn -0.989189 -0.118150 0.086870
vn -0.433614 0.266548 0.860774
vn -0.433614 0.266548 0.860774
vn -0.433614 0.266548 0.860774
vn -0.433614 0.266548 0.860774
vn -0.433614 0.266548 0.860774
vn -0.433614 0.266548 0.860774
vn 0.986695 -0.155513 0.047411
vn 0.986695 -0.155513 0.047411
vn 0.986695 -0.155513 0.047411
vn 0.986695 -0.155513 0.047411
vn 0.986695 -0.155513 0.047411
vn 0.986695 -0.155513 0.047411
vn 0.431682 -0.487248 -0.759105
vn 0.431682 -0.487248 -0.759105
vn 0.431682 -0.487248 -0.759105
vn 0.431682 -0.487248 -0.759105
vn 0.431682 -0.487248 -0.759105
vn 0.431682 -0.487248 -0.759105
vn -0.999011 -0.038390 0.022434
vn -0.999011 -0.038390 0.022434
vn -0.999011 -0.038390 0.022434
vn -0.999011 -0.038390 0.022434
vn -0.999011 -0.038390 0.022434
vn -0.999011 -0.038390 0.022434
vn -0.459210 0.215219 0.861862
vn -0.459210 0.215219 0.861862
vn -0.459210 0.215219 0.861862
vn -0.459210 0.215219 0.861862
vn -0.459210 0.215219 0.861862
vn -0.459210 0.215219 0.861862
vn 0.972455 -0.220860 0.074512
vn 0.972455 -0.220860 0.074512
vn 0.972455 -0.220860 0.074512
vn 0.972455 -0.220860 0.074512
vn 0.972455 -0.220860 0.074512
vn 0.972455 -0.220860 0.074512
vn 0.453708 -0.408513 -0.792001
vn 0.453708 -0.408513 -0.792001
vn 0.453708 -0.408513 -0.792001
vn 0.453708 -0.408513 -0.792001
vn 0.453708 -0.408513 -0.792001
vn 0.453708 -0.408513 -0.792001
vn -0.998207 0.040635 -0.043958
vn -0.998207 0.040635 -0.043958
vn -0.998207 0.040635 -0.043958
vn -0.998207 0.040635 -0.043958
vn -0.998207 0.040635 -0.043958
vn -0.998207 0.040635 -0.043958
vn -0.500738 0.134667 0.855059
vn -0.500738 0.134667 0.855059
vn -0.500738 0.134667 0.855059
vn -0.500738 0.134667 0.855059
vn -0.500738 0.134667 0.855059
vn -0.500738 0.134667 0.855059
vn 0.955186 -0.278827 0.099372
vn 0.955186 -0.278827 0.099372
vn 0.955186 -0.278827 0.099372
vn 0.955186 -0.278827 0.099372
vn 0.955186 -0.278827 0.099372
vn 0.955186 -0.278827 0.099372
vn 0.498374 -0.303874 -0.811963
vn 0.498374 -0.303874 -0.811963
vn 0.498374 -0.303874 -0.811963
vn 0.498374 -0.303874 -0.811963
vn 0.498374 -0.303874 -0.811963
vn 0.498374 -0.303874 -0.811963
vn -0.984988 0.131600 -0.111718
vn -0.984988 0.131600 -0.111718
vn -0.984988 0.131600 -0.111718
vn -0.984988 0.131600 -0.111718
vn -0.984988 0.131600 -0.111718
vn -0.984988 0.131600 -0.111718
vn -0.561389 0.032110 0.826929
vn -0.561389 0.032110 0.826929
vn -0.561389 0.032110 0.826929
vn -0.561389 0.032110 0.826929
vn -0.561389 0.032110 0.826929
vn -0.561389 0.032110 0.826929
vn 0.934832 -0.332452 0.124755
vn 0.934832 -0.332452 0.124755
vn 0.934832 -0.332452 0.124755
vn 0.934832 -0.332452 0.124755
vn 0.934832 -0.332452 0.124755
vn 0.934832 -0.332452 0.124755
vn 0.565818 -0.180021 -0.804638
vn 0.565818 -0.180021 -0.804638
vn 0.565818 -0.180021 -0.804638
vn 0.565818 -0.180021 -0.804638
vn 0.565818 -0.180021 -0.804638
vn 0.565818 -0.180021 -0.804638
vn -0.955074 0.242349 -0.170590
vn -0.955074 0.242349 -0.170590
vn -0.955074 0.242349 -0.170590
vn -0.955074 0.242349 -0.170590
vn -0.955074 0.242349 -0.170590
vn -0.955074 0.242349 -0.170590
vn -0.637190 -0.070619 0.767465
vn -0.637190 -0.070619 0.767465
vn -0.637190 -0.070619 0.767465
vn -0.637190 -0.070619 0.767465
vn -0.637190 -0.070619 0.767465
vn -0.637190 -0.070619 0.767465
vn 0.911702 -0.381555 0.152364
vn 0.911702 -0.381555 0.152364
vn 0.911702 -0.381555 0.152364
vn 0.911702 -0.381555 0.152364
vn 0.911702 -0.381555 0.152364
vn 0.911702 -0.381555 0.152364
vn 0.649108 -0.056509 -0.758594
vn 0.649108 -0.056509 -0.758594
vn 0.649108 -0.056509 -0.758594
vn 0.649108 -0.056509 -0.758594
vn 0.649108 -0.056509 -0.758594
vn 0.649108 -0.056509 -0.758594
vn -0.906795 0.368254 -0.205214
vn -0.906795 0.368254 -0.205214
vn -0.906795 0.368254 -0.205214
vn -0.906795 0.368254 -0.205214
vn -0.906795 0.368254 -0.205214
vn -0.906795 0.368254 -0.205214
vn -0.714176 -0.137201 0.686388
vn -0.714176 -0.137201 0.686388
vn -0.714176 -0.137201 0.686388
vn -0.714176 -0.137201 0.686388
vn -0.714176 -0.137201 0.686388
vn -0.714176 -0.137201 0.686388
vn 0.886672 -0.423428 0.185803
vn 0.886672 -0.423428 0.185803
vn 0.886672 -0.423428 0.185803
vn 0.886672 -0.423428 0.185803
vn 0.886672 -0.423428 0.185803
vn 0.886672 -0.423428 0.185803
vn 0.735314 0.046415 -0.676135
vn 0.735314 0.046415 -0.676135
vn 0.735314 0.046415 -0.676135
vn 0.735314 0.046415 -0.676135
vn 0.735314 0.046415 -0.676135
vn 0.735314 0.046415 -0.676135
vn -0.845618 0.491794 -0.207531
vn -0.845618 0.491794 -0.207531
vn -0.845618 0.491794 -0.207531
vn -0.845618 0.491794 -0.207531
vn -0.845618 0.491794 -0.207531
vn -0.845618 0.491794 -0.207531
vn -0.774473 -0.146846 0.615327
vn -0.774473 -0.146846 0.615327
vn -0.774473 -0.146846 0.615327
vn -0.774473 -0.146846 0.615327
vn -0.774473 -0.146846 0.615327
vn -0.774473 -0.146846 0.615327
vn 0.859386 -0.457869 0.227620
vn 0.859386 -0.457869 0.227620
vn 0.859386 -0.457869 0.227620
vn 0.859386 -0.457869 0.227620
vn 0.859386 -0.457869 0.227620
vn 0.859386 -0.457869 0.227620
vn 0.815985 0.132872 -0.562595
vn 0.815985 0.132872 -0.562595
vn 0.815985 0.132872 -0.562595
vn 0.815985 0.132872 -0.562595
vn 0.815985 0.132872 -0.562595
vn 0.815985 0.132872 -0.562595
vn -0.785985 0.589540 -0.186202
vn -0.785985 0.589540 -0.186202
vn -0.785985 0.589540 -0.186202
vn -0.785985 0.589540 -0.186202
vn -0.785985 0.589540 -0.186202
vn -0.785985 0.589540 -0.186202
vn -0.814654 -0.129739 0.565250
vn -0.814654 -0.129739 0.565250
vn -0.814654 -0.129739 0.565250
vn -0.814654 -0.129739 0.565250
vn -0.814654 -0.129739 0.565250
vn -0.814654 -0.129739 0.565250
vn 0.830745 -0.482144 0.278207
vn 0.830745 -0.482144 0.278207
vn 0.830745 -0.482144 0.278207
vn 0.830745 -0.482144 0.278207
vn 0.830745 -0.482144 0.278207
vn 0.830745 -0.482144 0.278207
vn 0.886546 0.227605 -0.402780
vn 0.886546 0.227605 -0.402780
vn 0.886546 0.227605 -0.402780
vn 0.886546 0.227605 -0.402780
vn 0.886546 0.227605 -0.402780
vn 0.886546 0.227605 -0.402780
vn -0.748547 0.643001 -0.161950
vn -0.748547 0.643001 -0.161950
vn -0.748547 0.643001 -0.161950
vn -0.748547 0.643001 -0.161950
vn -0.748547 0.643001 -0.161950
vn -0.748547 0.643001 -0.161950
vn -0.846600 -0.127186 0.516809
vn -0.846600 -0.127186 0.516809
vn -0.846600 -0.127186 0.516809
vn -0.846600 -0.127186 0.516809
vn -0.846600 -0.127186 0.516809
vn -0.846600 -0.127186 0.516809
vn 0.801520 -0.487742 0.345939
vn 0.801520 -0.487742 0.345939
vn 0.801520 -0.487742 0.345939
vn 0.801520 -0.487742 0.345939
vn 0.801520 -0.487742 0.345939
vn 0.801520 -0.487742 0.345939
vn 0.923155 0.352370 -0.153689
vn 0.923155 0.352370 -0.153689
vn 0.923155 0.352370 -0.153689
vn 0.923155 0.352370 -0.153689
vn 0.923155 0.352370 -0.153689
vn 0.923155 0.352370 -0.153689
vn -0.752550 0.636176 -0.170141
vn -0.752550 0.636176 -0.170141
vn -0.752550 0.636176 -0.170141
vn -0.752550 0.636176 -0.170141
vn -0.752550 0.636176 -0.170141
vn -0.752550 0.636176 -0.170141
vn -0.881964 -0.163323 0.442114
vn -0.881964 -0.163323 0.442114
vn -0.881964 -0.163323 0.442114
vn -0.881964 -0.163323 0.442114
vn -0.881964 -0.163323 0.442114
vn -0.881964 -0.163323 0.442114
vn 0.759261 -0.471654 0.448403
vn 0.759261 -0.471654 0.448403
vn 0.759261 -0.471654 0.448403
vn 0.759261 -0.471654 0.448403
vn 0.759261 -0.471654 0.448403
vn 0.759261 -0.471654 0.448403
vn 0.847383 0.485737 0.214480
vn 0.847383 0.485737 0.214480
vn 0.847383 0.485737 0.214480
vn 0.847383 0.485737 0.214480
vn 0.847383 0.485737 0.214480
vn 0.847383 0.485737 0.214480
vn -0.774089 0.565227 -0.285140
vn -0.774089 0.565227 -0.285140
vn -0.774089 0.565227 -0.285140
vn -0.774089 0.565227 -0.285140
vn -0.774089 0.565227 -0.285140
vn -0.774089 0.565227 -0.285140
vn -0.930928 -0.327338 0.161933
vn -0.930928 -0.327338 0.161933
vn -0.930928 -0.327338 0.161933
vn -0.930928 -0.327338 0.161933
vn -0.930928 -0.327338 0.161933
vn -0.930928 -0.327338 0.161933
vn 0.673620 -0.455646 0.581913
vn 0.673620 -0.455646 0.581913
vn 0.673620 -0.455646 0.581913
vn 0.673620 -0.455646 0.581913
vn 0.673620 -0.455646 0.581913
vn 0.673620 -0.455646 0.581913
vn 0.614946 0.542825 0.571999
vn 0.614946 0.542825 0.571999
vn 0.614946 0.542825 0.571999
vn 0.614946 0.542825 0.571999
vn 0.614946 0.542825 0.571999
vn 0.614946 0.542825 0.571999
vn -0.699290 0.498385 -0.512451
vn -0.699290 0.498385 -0.512451
vn -0.699290 0.498385 -0.512451
vn -0.699290 0.498385 -0.512451
vn -0.699290 0.498385 -0.512451
vn -0.699290 0.498385 -0.512451
vn -0.744620 -0.523182 -0.414513
vn -0.744620 -0.523182 -0.414513
vn -0.744620 -0.523182 -0.414513
vn -0.744620 -0.523182 -0.414513
vn -0.744620 -0.523182 -0.414513
vn -0.744620 -0.523182 -0.414513
vn 0.559902 -0.474631 0.679142
vn 0.559902 -0.474631 0.679142
vn 0.559902 -0.474631 0.679142
vn 0.559902 -0.474631 0.679142
vn 0.559902 -0.474631 0.679142
vn 0.559902 -0.474631 0.679142
vn 0.388238 0.525760 0.756868
vn 0.388238 0.525760 0.756868
vn 0.388238 0.525760 0.756868
vn 0.388238 0.525760 0.756868
vn 0.388238 0.525760 0.756868
vn 0.388238 0.525760 0.756868
vn -0.539379 0.496583 -0.680055
vn -0.539379 0.496583 -0.680055
vn -0.539379 0.496583 -0.680055
vn -0.539379 0.496583 -0.680055
vn -0.539379 0.496583 -0.680055
vn -0.539379 0.496583 -0.680055
vn -0.432830 -0.531503 -0.728122
vn -0.432830 -0.531503 -0.728122
vn -0.432830 -0.531503 -0.728122
vn -0.432830 -0.531503 -0.728122
vn -0.432830 -0.531503 -0.728122
vn -0.432830 -0.531503 -0.728122
vn 0.487186 -0.501871 0.714686
vn 0.487186 -0.501871 0.714686
vn 0.487186 -0.501871 0.714686
vn 0.487186 -0.501871 0.714686
vn 0.487186 -0.501871 0.714686
vn 0.487186 -0.501871 0.714686
vn 0.107779 -0.816376 -0.567375
vn 0.107779 -0.816376 -0.567375
vn 0.107779 -0.816376 -0.567375
vn 0.107779 -0.816376 -0.567375
vn 0.107779 -0.816376 -0.567375
vn 0.107779 -0.816376 -0.567375
vn -0.875783 0.019693 0.482303
vn -0.875783 0.019693 0.482303
vn -0.875783 0.019693 0.482303
vn -0.875783 0.019693 0.482303
vn -0.875783 0.019693 0.482303
vn -0.875783 0.019693 0.482303
vn -0.071029 0.563066 0.823354
vn -0.071029 0.563066 0.823354
vn -0.071029 0.563066 0.823354
vn -0.071029 0.563066 0.823354
vn -0.071029 0.563066 0.823354
vn -0.071029 0.563066 0.823354
vn 0.922712 -0.294688 -0.248518
vn 0.922712 -0.294688 -0.248518
vn 0.922712 -0.294688 -0.248518
vn 0.922712 -0.294688 -0.248518
vn 0.922712 -0.294688 -0.248518
vn 0.922712 -0.294688 -0.248518
vn 0.067508 -0.688703 -0.721894
vn 0.067508 -0.688703 -0.721894
vn 0.067508 -0.688703 -0.721894
vn 0.067508 -0.688703 -0.721894
vn 0.067508 -0.688703 -0.721894
vn 0.067508 -0.688703 -0.721894
vn -0.899919 0.080361 0.428587
vn -0.899919 0.080361 0.428587
vn -0.899919 0.080361 0.428587
vn -0.899919 0.080361 0.428587
vn -0.899919 0.080361 0.428587
vn -0.899919 0.080361 0.428587
vn -0.056574 0.453716 0.889349
vn -0.056574 0.453716 0.889349
vn -0.056574 0.453716 0.889349
vn -0.056574 0.453716 0.889349
vn -0.056574 0.453716 0.889349
vn -0.056574 0.453716 0.889349
vn 0.909695 -0.324997 -0.258519
vn 0.909695 -0.324997 -0.258519
vn 0.909695 -0.324997 -0.258519
vn 0.909695 -0.324997 -0.258519
vn 0.909695 -0.324997 -0.258519
vn 0.909695 -0.324997 -0.258519
vn 0.043183 -0.538638 -0.841430
vn 0.043183 -0.538638 -0.841430
vn 0.043183 -0.538638 -0.841430
vn 0.043183 -0.538638 -0.841430
vn 0.043183 -0.538638 -0.841430
vn 0.043183 -0.538638 -0.841430
vn -0.909203 0.118540 0.399123
vn -0.909203 0.118540 0.399123
vn -0.909203 0.118540 0.399123
vn -0.909203 0.118540 0.399123
vn -0.909203 0.118540 0.399123
vn -0.909203 0.118540 0.399123
vn -0.055941 0.326548 0.943524
vn -0.055941 0.326548 0.943524
vn -0.055941 0.326548 0.943524
vn -0.055941 0.326548 0.943524
vn -0.055941 0.326548 0.943524
vn -0.055941 0.326548 0.943524
vn 0.893512 -0.341322 -0.291782
vn 0.893512 -0.341322 -0.291782
vn 0.893512 -0.341322 -0.291782
vn 0.893512 -0.341322 -0.291782
vn 0.893512 -0.341322 -0.291782
vn 0.893512 -0.341322 -0.291782
vn 0.046427 -0.364401 -0.930084
vn 0.046427 -0.364401 -0.930084
vn 0.046427 -0.364401 -0.930084
vn 0.046427 -0.364401 -0.930084
vn 0.046427 -0.364401 -0.930084
vn 0.046427 -0.364401 -0.930084
vn -0.914590 0.137090 0.380435
vn -0.914590 0.137090 0.380435
vn -0.914590 0.137090 0.380435
vn -0.914590 0.137090 0.380435
vn -0.914590 0.137090 0.380435
vn -0.914590 0.137090 0.380435
vn -0.073642 0.171488 0.982430
vn -0.073642 0.171488 0.982430
vn -0.073642 0.171488 0.982430
vn -0.073642 0.171488 0.982430
vn -0.073642 0.171488 0.982430
vn -0.073642 0.171488 0.982430
vn 0.885137 -0.331418 -0.326642
vn 0.885137 -0.331418 -0.326642
vn 0.885137 -0.331418 -0.326642
vn 0.885137 -0.331418 -0.326642
vn 0.885137 -0.331418 -0.326642
vn 0.885137 -0.331418 -0.326642
vn 0.082118 -0.165268 -0.982824
vn 0.082118 -0.165268 -0.982824
vn 0.082118 -0.165268 -0.982824
vn 0.082118 -0.165268 -0.982824
vn 0.082118 -0.165268 -0.982824
vn 0.082118 -0.165268 -0.982824
vn -0.922834 0.141555 0.358246
vn -0.922834 0.141555 0.358246
vn -0.922834 0.141555 0.358246
vn -0.922834 0.141555 0.358246
vn -0.922834 0.141555 0.358246
vn -0.922834 0.141555 0.358246
vn -0.118681 -0.012521 0.992854
vn -0.118681 -0.012521 0.992854
vn -0.118681 -0.012521 0.992854
vn -0.118681 -0.012521 0.992854
vn -0.118681 -0.012521 0.992854
vn -0.118681 -0.012521 0.992854
vn 0.889681 -0.295570 -0.348003
vn 0.889681 -0.295570 -0.348003
vn 0.889681 -0.295570 -0.348003
vn 0.889681 -0.295570 -0.348003
vn 0.889681 -0.295570 -0.348003
vn 0.889681 -0.295570 -0.348003
vn 0.150966 0.049979 -0.987275
vn 0.150966 0.049979 -0.987275
vn 0.150966 0.049979 -0.987275
vn 0.150966 0.049979 -0.987275
vn 0.150966 0.049979 -0.987275
vn 0.150966 0.049979 -0.987275
vn -0.934359 0.144496 0.325720
vn -0.934359 0.144496 0.325720
vn -0.934359 0.144496 0.325720
vn -0.934359 0.144496 0.325720
vn -0.934359 0.144496 0.325720
vn -0.934359 0.144496 0.325720
vn -0.192214 -0.208155 0.959023
vn -0.192214 -0.208155 0.959023
vn -0.192214 -0.208155 0.959023
vn -0.192214 -0.208155 0.959023
vn -0.192214 -0.208155 0.959023
vn -0.192214 -0.208155 0.959023
vn 0.908126 -0.242295 -0.341467
vn 0.908126 -0.242295 -0.341467
vn 0.908126 -0.242295 -0.341467
vn 0.908126 -0.242295 -0.341467
vn 0.908126 -0.242295 -0.341467
vn 0.908126 -0.242295 -0.341467
vn 0.244755 0.255131 -0.935416
vn 0.244755 0.255131 -0.935416
vn 0.244755 0.255131 -0.935416
vn 0.244755 0.255131 -0.935416
vn 0.244755 0.255131 -0.935416
vn 0.244755 0.255131 -0.935416
vn -0.944347 0.160486 0.287147
vn -0.944347 0.160486 0.287147
vn -0.944347 0.160486 0.287147
vn -0.944347 0.160486 0.287147
vn -0.944347 0.160486 0.287147
vn -0.944347 0.160486 0.287147
vn -0.282028 -0.374930 0.883112
vn -0.282028 -0.374930 0.883112
vn -0.282028 -0.374930 0.883112
vn -0.282028 -0.374930 0.883112
vn -0.282028 -0.374930 0.883112
vn -0.282028 -0.374930 0.883112
vn 0.934950 -0.190337 -0.299400
vn 0.934950 -0.190337 -0.299400
vn 0.934950 -0.190337 -0.299400
vn 0.934950 -0.190337 -0.299400
vn 0.934950 -0.190337 -0.299400
vn 0.934950 -0.190337 -0.299400
vn 0.346363 0.419035 -0.839310
vn 0.346363 0.419035 -0.839310
vn 0.346363 0.419035 -0.839310
vn 0.346363 0.419035 -0.839310
vn 0.346363 0.419035 -0.839310
vn 0.346363 0.419035 -0.839310
vn -0.946592 0.196110 0.255938
vn -0.946592 0.196110 0.255938
vn -0.946592 0.196110 0.255938
vn -0.946592 0.196110 0.255938
vn -0.946592 0.196110 0.255938
vn -0.946592 0.196110 0.255938
vn -0.366650 -0.475325 0.799771
vn -0.366650 -0.475325 0.799771
vn -0.366650 -0.475325 0.799771
vn -0.366650 -0.475325 0.799771
vn -0.366650 -0.475325 0.799771
vn -0.366650 -0.475325 0.799771
vn 0.959749 -0.159552 -0.231140
vn 0.959749 -0.159552 -0.231140
vn 0.959749 -0.159552 -0.231140
vn 0.959749 -0.159552 -0.231140
vn 0.959749 -0.159552 -0.231140
vn 0.959749 -0.159552 -0.231140
vn 0.441204 0.535928 -0.719806
vn 0.441204 0.535928 -0.719806
vn 0.441204 0.535928 -0.719806
vn 0.441204 0.535928 -0.719806
vn 0.441204 0.535928 -0.719806
vn 0.441204 0.535928 -0.719806
vn -0.940935 0.239530 0.239304
vn -0.940935 0.239530 0.239304
vn -0.940935 0.239530 0.239304
vn -0.940935 0.239530 0.239304
vn -0.940935 0.239530 0.239304
vn -0.940935 0.239530 0.239304
vn -0.435643 -0.522286 0.733098
vn -0.435643 -0.522286 0.733098
vn -0.435643 -0.522286 0.733098
vn -0.435643 -0.522286 0.733098
vn -0.435643 -0.522286 0.733098
vn -0.435643 -0.522286 0.733098
vn 0.976358 -0.151685 -0.154005
vn 0.976358 -0.151685 -0.154005
vn 0.976358 -0.151685 -0.154005
vn 0.976358 -0.151685 -0.154005
vn 0.976358 -0.151685 -0.154005
vn 0.976358 -0.151685 -0.154005
vn 0.524315 0.624476 -0.578899
vn 0.524315 0.624476 -0.578899
vn 0.524315 0.624476 -0.578899
vn 0.524315 0.624476 -0.578899
vn 0.524315 0.624476 -0.578899
vn 0.524315 0.624476 -0.578899
vn -0.934347 0.271531 0.230796
vn -0.934347 0.271531 0.230796
vn -0.934347 0.271531 0.230796
vn -0.934347 0.271531 0.230796
vn -0.934347 0.271531 0.230796
vn -0.934347 0.271531 0.230796
vn -0.492582 -0.553381 0.671664
vn -0.492582 -0.553381 0.671664
vn -0.492582 -0.553381 0.671664
vn -0.492582 -0.553381 0.671664
vn -0.492582 -0.553381 0.671664
vn -0.492582 -0.553381 0.671664
vn 0.985210 -0.154768 -0.073536
vn 0.985210 -0.154768 -0.073536
vn 0.985210 -0.154768 -0.073536
vn 0.985210 -0.154768 -0.073536
vn 0.985210 -0.154768 -0.073536
vn 0.985210 -0.154768 -0.073536
vn 0.593584 0.701682 -0.394081
vn 0.593584 0.701682 -0.394081
vn 0.593584 0.701682 -0.394081
vn 0.593584 0.701682 -0.394081
vn 0.593584 0.701682 -0.394081
vn 0.593584 0.701682 -0.394081
vn -0.936612 0.275766 0.216130
vn -0.936612 0.275766 0.216130
vn -0.936612 0.275766 0.216130
vn -0.936612 0.275766 0.216130
vn -0.936612 0.275766 0.216130
vn -0.936612 0.275766 0.216130
vn -0.544005 -0.596103 0.590524
vn -0.544005 -0.596103 0.590524
vn -0.544005 -0.596103 0.590524
vn -0.544005 -0.596103 0.590524
vn -0.544005 -0.596103 0.590524
vn -0.544005 -0.596103 0.590524
vn 0.986646 -0.161948 0.017368
vn 0.986646 -0.161948 0.017368
vn 0.986646 -0.161948 0.017368
vn 0.986646 -0.161948 0.017368
vn 0.986646 -0.161948 0.017368
vn 0.986646 -0.161948 0.017368
vn 0.637277 0.761699 -0.117015
vn 0.637277 0.761699 -0.117015
vn 0.637277 0.761699 -0.117015
vn 0.637277 0.761699 -0.117015
vn 0.637277 0.761699 -0.117015
vn 0.637277 0.761699 -0.117015
vn -0.957009 0.241089 0.161274
vn -0.957009 0.241089 0.161274
vn -0.957009 0.241089 0.161274
vn -0.957009 0.241089 0.161274
vn -0.957009 0.241089 0.161274
vn -0.957009 0.241089 0.161274
vn -0.597788 -0.672847 0.435806
vn -0.597788 -0.672847 0.435806
vn -0.597788 -0.672847 0.435806
vn -0.597788 -0.672847 0.435806
vn -0.597788 -0.672847 0.435806
vn -0.597788 -0.672847 0.435806
vn 0.974986 -0.182028 0.127549
vn 0.974986 -0.182028 0.127549
vn 0.974986 -0.182028 0.127549
vn 0.974986 -0.182028 0.127549
vn 0.974986 -0.182028 0.127549
vn 0.974986 -0.182028 0.127549
vn 0.614467 0.739963 0.273654
vn 0.614467 0.739963 0.273654
vn 0.614467 0.739963 0.273654
vn 0.614467 0.739963 0.273654
vn 0.614467 0.739963 0.273654
vn 0.614467 0.739963 0.273654
vn -0.979322 0.202224 0.005725
vn -0.979322 0.202224 0.005725
vn -0.979322 0.202224 0.005725
vn -0.979322 0.202224 0.005725
vn -0.979322 0.202224 0.005725
vn -0.979322 0.202224 0.005725
vn -0.643172 -0.765546 0.016408
vn -0.643172 -0.765546 0.016408
vn -0.643172 -0.765546 0.016408
vn -0.643172 -0.765546 0.016408
vn -0.643172 -0.765546 0.016408
vn -0.643172 -0.765546 0.016408
vn 0.943723 -0.234821 0.232907
vn 0.943723 -0.234821 0.232907
vn 0.943723 -0.234821 0.232907
vn 0.943723 -0.234821 0.232907
vn 0.943723 -0.234821 0.232907
vn 0.943723 -0.234821 0.232907
vn 0.506012 0.587308 0.631681
vn 0.506012 0.587308 0.631681
vn 0.506012 0.587308 0.631681
vn 0.506012 0.587308 0.631681
vn 0.506012 0.587308 0.631681
vn 0.506012 0.587308 0.631681
vn -0.943671 0.254279 -0.211723
vn -0.943671 0.254279 -0.211723
vn -0.943671 0.254279 -0.211723
vn -0.943671 0.254279 -0.211723
vn -0.943671 0.254279 -0.211723
vn -0.943671 0.254279 -0.211723
vn -0.531577 -0.622853 -0.574004
vn -0.531577 -0.622853 -0.574004
vn -0.531577 -0.622853 -0.574004
vn -0.531577 -0.622853 -0.574004
vn -0.531577 -0.622853 -0.574004
vn -0.531577 -0.622853 -0.574004
vn 0.913619 -0.294689 0.280105
vn 0.913619 -0.294689 0.280105
vn 0.913619 -0.294689 0.280105
vn 0.913619 -0.294689 0.280105
vn 0.913619 -0.294689 0.280105
vn 0.913619 -0.294689 0.280105
vn -0.185890 -0.110404 0.976348
vn -0.185890 -0.110404 0.976348
vn -0.185890 -0.110404 0.976348
vn -0.185890 -0.110404 0.976348
vn -0.185890 -0.110404 0.976348
vn -0.185890 -0.110404 0.976348
vn -0.263682 -0.803126 -0.534285
vn -0.263682 -0.803126 -0.534285
vn -0.263682 -0.803126 -0.534285
vn -0.263682 -0.803126 -0.534285
vn -0.263682 -0.803126 -0.534285
vn -0.263682 -0.803126 -0.534285
vn -0.202511 0.116737 -0.972297
vn -0.202511 0.116737 -0.972297
vn -0.202511 0.116737 -0.972297
vn -0.202511 0.116737 -0.972297
vn -0.202511 0.116737 -0.972297
vn -0.202511 0.116737 -0.972297
vn -0.123711 0.818671 0.560780
vn -0.123711 0.818671 0.560780
vn -0.123711 0.818671 0.560780
vn -0.123711 0.818671 0.560780
vn -0.123711 0.818671 0.560780
vn -0.123711 0.818671 0.560780
vn -0.073069 -0.127606 0.989130
vn -0.073069 -0.127606 0.989130
vn -0.073069 -0.127606 0.989130
vn -0.073069 -0.127606 0.989130
vn -0.073069 -0.127606 0.989130
vn -0.073069 -0.127606 0.989130
vn -0.160203 -0.827325 -0.538395
vn -0.160203 -0.827325 -0.538395
vn -0.160203 -0.827325 -0.538395
vn -0.160203 -0.827325 -0.538395
vn -0.160203 -0.827325 -0.538395
vn -0.160203 -0.827325 -0.538395
vn -0.262065 0.100757 -0.959776
vn -0.262065 0.100757 -0.959776
vn -0.262065 0.100757 -0.959776
vn -0.262065 0.100757 -0.959776
vn -0.262065 0.100757 -0.959776
vn -0.262065 0.100757 -0.959776
vn -0.173939 0.803558 0.569244
vn -0.173939 0.803558 0.569244
vn -0.173939 0.803558 0.569244
vn -0.173939 0.803558 0.569244
vn -0.173939 0.803558 0.569244
vn -0.173939 0.803558 0.569244
vn 0.024802 -0.135012 0.990533
vn 0.024802 -0.135012 0.990533
vn 0.024802 -0.135012 0.990533
vn 0.024802 -0.135012 0.990533
vn 0.024802 -0.135012 0.990533
vn 0.024802 -0.135012 0.990533
vn -0.027123 -0.835018 -0.549553
vn -0.027123 -0.835018 -0.549553
vn -0.027123 -0.835018 -0.549553
vn -0.027123 -0.835018 -0.549553
vn -0.027123 -0.835018 -0.549553
vn -0.027123 -0.835018 -0.549553
vn -0.306904 0.070538 -0.949123
vn -0.306904 0.070538 -0.949123
vn -0.306904 0.070538 -0.949123
vn -0.306904 0.070538 -0.949123
vn -0.306904 0.070538 -0.949123
vn -0.306904 0.070538 -0.949123
vn -0.254982 0.769561 0.585457
vn -0.254982 0.769561 0.585457
vn -0.254982 0.769561 0.585457
vn -0.254982 0.769561 0.585457
vn -0.254982 0.769561 0.585457
vn -0.254982 0.769561 0.585457
vn 0.080161 -0.135384 0.987545
vn 0.080161 -0.135384 0.987545
vn 0.080161 -0.135384 0.987545
vn 0.080161 -0.135384 0.987545
vn 0.080161 -0.135384 0.987545
vn 0.080161 -0.135384 0.987545
vn 0.093111 -0.818778 -0.566510
vn 0.093111 -0.818778 -0.566510
vn 0.093111 -0.818778 -0.566510
vn 0.093111 -0.818778 -0.566510
vn 0.093111 -0.818778 -0.566510
vn 0.093111 -0.818778 -0.566510
vn -0.320387 0.045624 -0.946187
vn -0.320387 0.045624 -0.946187
vn -0.320387 0.045624 -0.946187
vn -0.320387 0.045624 -0.946187
vn -0.320387 0.045624 -0.946187
vn -0.320387 0.045624 -0.946187
vn -0.334895 0.725173 0.601638
vn -0.334895 0.725173 0.601638
vn -0.334895 0.725173 0.601638
vn -0.334895 0.725173 0.601638
vn -0.334895 0.725173 0.601638
vn -0.334895 0.725173 0.601638
vn 0.094873 -0.139418 0.985678
vn 0.094873 -0.139418 0.985678
vn 0.094873 -0.139418 0.985678
vn 0.094873 -0.139418 0.985678
vn 0.094873 -0.139418 0.985678
vn 0.094873 -0.139418 0.985678
vn 0.166941 -0.798000 -0.579074
vn 0.166941 -0.798000 -0.579074
vn 0.166941 -0.798000 -0.579074
vn 0.166941 -0.798000 -0.579074
vn 0.166941 -0.798000 -0.579074
vn 0.166941 -0.798000 -0.579074
vn -0.310571 0.037642 -0.949805
vn -0.310571 0.037642 -0.949805
vn -0.310571 0.037642 -0.949805
vn -0.310571 0.037642 -0.949805
vn -0.310571 0.037642 -0.949805
vn -0.310571 0.037642 -0.949805
vn -0.383298 0.692546 0.611116
vn -0.383298 0.692546 0.611116
vn -0.383298 0.692546 0.611116
vn -0.383298 0.692546 0.611116
vn -0.383298 0.692546 0.611116
vn -0.383298 0.692546 0.611116
vn 0.094723 -0.142857 0.985200
vn 0.094723 -0.142857 0.985200
vn 0.094723 -0.142857 0.985200
vn 0.094723 -0.142857 0.985200
vn 0.094723 -0.142857 0.985200
vn 0.094723 -0.142857 0.985200
vn 0.192709 -0.788633 -0.583885
vn 0.192709 -0.788633 -0.583885
vn 0.192709 -0.788633 -0.583885
vn 0.192709 -0.788633 -0.583885
vn 0.192709 -0.788633 -0.583885
vn 0.192709 -0.788633 -0.583885
vn -0.293772 0.042715 -0.954921
vn -0.293772 0.042715 -0.954921
vn -0.293772 0.042715 -0.954921
vn -0.293772 0.042715 -0.954921
vn -0.293772 0.042715 -0.954921
vn -0.293772 0.042715 -0.954921
vn -0.390954 0.686580 0.612995
vn -0.390954 0.686580 0.612995
vn -0.390954 0.686580 0.612995
vn -0.390954 0.686580 0.612995
vn -0.390954 0.686580 0.612995
vn -0.390954 0.686580 0.612995
vn 0.107546 -0.134508 0.985059
vn 0.107546 -0.134508 0.985059
vn 0.107546 -0.134508 0.985059
vn 0.107546 -0.134508 0.985059
vn 0.107546 -0.134508 0.985059
vn 0.107546 -0.134508 0.985059
vn 0.186044 -0.790945 -0.582918
vn 0.186044 -0.790945 -0.582918
vn 0.186044 -0.790945 -0.582918
vn 0.186044 -0.790945 -0.582918
vn 0.186044 -0.790945 -0.582918
vn 0.186044 -0.790945 -0.582918
vn -0.279175 0.052346 -0.958812
vn -0.279175 0.052346 -0.958812
vn -0.279175 0.052346 -0.958812
vn -0.279175 0.052346 -0.958812
vn -0.279175 0.052346 -0.958812
vn -0.279175 0.052346 -0.958812
vn -0.356570 0.708025 0.609556
vn -0.356570 0.708025 0.609556
vn -0.356570 0.708025 0.609556
vn -0.356570 0.708025 0.609556
vn -0.356570 0.708025 0.609556
vn -0.356570 0.708025 0.609556
vn 0.154531 -0.108895 0.981969
vn 0.154531 -0.108895 0.981969
vn 0.154531 -0.108895 0.981969
vn 0.154531 -0.108895 0.981969
vn 0.154531 -0.108895 0.981969
vn 0.154531 -0.108895 0.981969
vn 0.162042 -0.799807 -0.577972
vn 0.162042 -0.799807 -0.577972
vn 0.162042 -0.799807 -0.577972
vn 0.162042 -0.799807 -0.577972
vn 0.162042 -0.799807 -0.577972
vn 0.162042 -0.799807 -0.577972
vn -0.271069 0.060151 -0.960679
vn -0.271069 0.060151 -0.960679
vn -0.271069 0.060151 -0.960679
vn -0.271069 0.060151 -0.960679
vn -0.271069 0.060151 -0.960679
vn -0.271069 0.060151 -0.960679
vn -0.277299 0.750615 0.599735
vn -0.277299 0.750615 0.599735
vn -0.277299 0.750615 0.599735
vn -0.277299 0.750615 0.599735
vn -0.277299 0.750615 0.599735
vn -0.277299 0.750615 0.599735
vn 0.246041 -0.070044 0.966725
vn 0.246041 -0.070044 0.966725
vn 0.246041 -0.070044 0.966725
vn 0.246041 -0.070044 0.966725
vn 0.246041 -0.070044 0.966725
vn 0.246041 -0.070044 0.966725
vn 0.113795 -0.816417 -0.566139
vn 0.113795 -0.816417 -0.566139
vn 0.113795 -0.816417 -0.566139
vn 0.113795 -0.816417 -0.566139
vn 0.113795 -0.816417 -0.566139
vn 0.113795 -0.816417 -0.566139
vn -0.282443 0.058057 -0.957526
vn -0.282443 0.058057 -0.957526
vn -0.282443 0.058057 -0.957526
vn -0.282443 0.058057 -0.957526
vn -0.282443 0.058057 -0.957526
vn -0.282443 0.058057 -0.957526
vn -0.147862 0.804697 0.574978
vn -0.147862 0.804697 0.574978
vn -0.147862 0.804697 0.574978
vn -0.147862 0.804697 0.574978
vn -0.147862 0.804697 0.574978
vn -0.147862 0.804697 0.574978
vn 0.385219 -0.029947 0.922339
vn 0.385219 -0.029947 0.922339
vn 0.385219 -0.029947 0.922339
vn 0.385219 -0.029947 0.922339
vn 0.385219 -0.029947 0.922339
vn 0.385219 -0.029947 0.922339
vn 0.015174 -0.843759 -0.536508
vn 0.015174 -0.843759 -0.536508
vn 0.015174 -0.843759 -0.536508
vn 0.015174 -0.843759 -0.536508
vn 0.015174 -0.843759 -0.536508
vn 0.015174 -0.843759 -0.536508
vn -0.337460 0.039771 -0.940499
vn -0.337460 0.039771 -0.940499
vn -0.337460 0.039771 -0.940499
vn -0.337460 0.039771 -0.940499
vn -0.337460 0.039771 -0.940499
vn -0.337460 0.039771 -0.940499
vn 0.036641 0.855551 0.516420
vn 0.036641 0.855551 0.516420
vn 0.036641 0.855551 0.516420
vn 0.036641 0.855551 0.516420
vn 0.036641 0.855551 0.516420
vn 0.036641 0.855551 0.516420
vn 0.564110 -0.010270 0.825635
vn 0.564110 -0.010270 0.825635
vn 0.564110 -0.010270 0.825635
vn 0.564110 -0.010270 0.825635
vn 0.564110 -0.010270 0.825635
vn 0.564110 -0.010270 0.825635
vn -0.158747 -0.872488 -0.462130
vn -0.158747 -0.872488 -0.462130
vn -0.158747 -0.872488 -0.462130
vn -0.158747 -0.872488 -0.462130
vn -0.158747 -0.872488 -0.462130
vn -0.158747 -0.872488 -0.462130
vn -0.459981 0.013547 -0.887825
vn -0.459981 0.013547 -0.887825
vn -0.459981 0.013547 -0.887825
vn -0.459981 0.013547 -0.887825
vn -0.459981 0.013547 -0.887825
vn -0.459981 0.013547 -0.887825
vn 0.267126 0.878255 0.396625
vn 0.267126 0.878255 0.396625
vn 0.267126 0.878255 0.396625
vn 0.267126 0.878255 0.396625
vn 0.267126 0.878255 0.396625
vn 0.267126 0.878255 0.396625
vn 0.741576 -0.036741 0.669861
vn 0.741576 -0.036741 0.669861
vn 0.741576 -0.036741 0.669861
vn 0.741576 -0.036741 0.669861
vn 0.741576 -0.036741 0.669861
vn 0.741576 -0.036741 0.669861
vn -0.393713 -0.868002 -0.302592
vn -0.393713 -0.868002 -0.302592
vn -0.393713 -0.868002 -0.302592
vn -0.393713 -0.868002 -0.302592
vn -0.393713 -0.868002 -0.302592
vn -0.393713 -0.868002 -0.302592
vn -0.642892 0.013802 -0.765832
vn -0.642892 0.013802 -0.765832
vn -0.642892 0.013802 -0.765832
vn -0.642892 0.013802 -0.765832
vn -0.642892 0.013802 -0.765832
vn -0.642892 0.013802 -0.765832
vn 0.493386 0.845151 0.205645
vn 0.493386 0.845151 0.205645
vn 0.493386 0.845151 0.205645
vn 0.493386 0.845151 0.205645
vn 0.493386 0.845151 0.205645
vn 0.493386 0.845151 0.205645
vn 0.861248 -0.105816 0.497045
vn 0.861248 -0.105816 0.497045
vn 0.861248 -0.105816 0.497045
vn 0.861248 -0.105816 0.497045
vn 0.861248 -0.105816 0.497045
vn 0.861248 -0.105816 0.497045
vn -0.597078 -0.798970 -0.071728
vn -0.597078 -0.798970 -0.071728
vn -0.597078 -0.798970 -0.071728
vn -0.597078 -0.798970 -0.071728
vn -0.597078 -0.798970 -0.071728
vn -0.597078 -0.798970 -0.071728
vn -0.812156 0.071451 -0.579048
vn -0.812156 0.071451 -0.579048
vn -0.812156 0.071451 -0.579048
vn -0.812156 0.071451 -0.579048
vn -0.812156 0.071451 -0.579048
vn -0.812156 0.071451 -0.579048
vn 0.645656 0.763580 -0.008599
vn 0.645656 0.763580 -0.008599
vn 0.645656 0.763580 -0.008599
vn 0.645656 0.763580 -0.008599
vn 0.645656 0.763580 -0.008599
vn 0.645656 0.763580 -0.008599
vn 0.915368 -0.180357 0.359962
vn 0.915368 -0.180357 0.359962
vn 0.915368 -0.180357 0.359962
vn 0.915368 -0.180357 0.359962
vn 0.915368 -0.180357 0.359962
vn 0.915368 -0.180357 0.359962
vn -0.704988 -0.692799 0.151731
vn -0.704988 -0.692799 0.151731
vn -0.704988 -0.692799 0.151731
vn -0.704988 -0.692799 0.151731
vn -0.704988 -0.692799 0.151731
vn -0.704988 -0.692799 0.151731
vn -0.906463 0.164631 -0.388873
vn -0.906463 0.164631 -0.388873
vn -0.906463 0.164631 -0.388873
vn -0.906463 0.164631 -0.388873
vn -0.906463 0.164631 -0.388873
vn -0.906463 0.164631 -0.388873
vn 0.713726 0.676951 -0.179811
vn 0.713726 0.676951 -0.179811
vn 0.713726 0.676951 -0.179811
vn 0.713726 0.676951 -0.179811
vn 0.713726 0.676951 -0.179811
vn 0.713726 0.676951 -0.179811
vn 0.015292 0.336592 -0.941526
vn 0.015292 0.336592 -0.941526
vn 0.015292 0.336592 -0.941526
vn 0.015292 0.336592 -0.941526
vn 0.015292 0.336592 -0.941526
vn 0.015292 0.336592 -0.941526
vn 0.419176 0.618105 0.665010
vn 0.419176 0.618105 0.665010
vn 0.419176 0.618105 0.665010
vn 0.419176 0.618105 0.665010
vn 0.419176 0.618105 0.665010
vn 0.419176 0.618105 0.665010
vn -0.362281 0.029070 0.931615
vn -0.362281 0.029070 0.931615
vn -0.362281 0.029070 0.931615
vn -0.362281 0.029070 0.931615
vn -0.362281 0.029070 0.931615
vn -0.362281 0.029070 0.931615
vn -0.747263 -0.239900 -0.619714
vn -0.747263 -0.239900 -0.619714
vn -0.747263 -0.239900 -0.619714
vn -0.747263 -0.239900 -0.619714
vn -0.747263 -0.239900 -0.619714
vn -0.747263 -0.239900 -0.619714
vn -0.081632 0.369106 -0.925795
vn -0.081632 0.369106 -0.925795
vn -0.081632 0.369106 -0.925795
vn -0.081632 0.369106 -0.925795
vn -0.081632 0.369106 -0.925795
vn -0.081632 0.369106 -0.925795
vn 0.287162 0.682635 0.671973
vn 0.287162 0.682635 0.671973
vn 0.287162 0.682635 0.671973
vn 0.287162 0.682635 0.671973
vn 0.287162 0.682635 0.671973
vn 0.287162 0.682635 0.671973
vn -0.260295 -0.138423 0.955555
vn -0.260295 -0.138423 0.955555
vn -0.260295 -0.138423 0.955555
vn -0.260295 -0.138423 0.955555
vn -0.260295 -0.138423 0.955555
vn -0.260295 -0.138423 0.955555
vn -0.623809 -0.449663 -0.639269
vn -0.623809 -0.449663 -0.639269
vn -0.623809 -0.449663 -0.639269
vn -0.623809 -0.449663 -0.639269
vn -0.623809 -0.449663 -0.639269
vn -0.623809 -0.449663 -0.639269
vn -0.205545 0.357481 -0.911020
vn -0.205545 0.357481 -0.911020
vn -0.205545 0.357481 -0.911020
vn -0.205545 0.357481 -0.911020
vn -0.205545 0.357481 -0.911020
vn -0.205545 0.357481 -0.911020
vn 0.070441 0.714249 0.696338
vn 0.070441 0.714249 0.696338
vn 0.070441 0.714249 0.696338
vn 0.070441 0.714249 0.696338
vn 0.070441 0.714249 0.696338
vn 0.070441 0.714249 0.696338
vn -0.114164 -0.271046 0.955772
vn -0.114164 -0.271046 0.955772
vn -0.114164 -0.271046 0.955772
vn -0.114164 -0.271046 0.955772
vn -0.114164 -0.271046 0.955772
vn -0.114164 -0.271046 0.955772
vn -0.397625 -0.630195 -0.666895
vn -0.397625 -0.630195 -0.666895
vn -0.397625 -0.630195 -0.666895
vn -0.397625 -0.630195 -0.666895
vn -0.397625 -0.630195 -0.666895
vn -0.397625 -0.630195 -0.666895
vn -0.285375 0.313326 -0.905753
vn -0.285375 0.313326 -0.905753
vn -0.285375 0.313326 -0.905753
vn -0.285375 0.313326 -0.905753
vn -0.285375 0.313326 -0.905753
vn -0.285375 0.313326 -0.905753
vn -0.106552 0.679446 0.725948
vn -0.106552 0.679446 0.725948
vn -0.106552 0.679446 0.725948
vn -0.106552 0.679446 0.725948
vn -0.106552 0.679446 0.725948
vn -0.106552 0.679446 0.725948
vn 0.030126 -0.324637 0.945359
vn 0.030126 -0.324637 0.945359
vn 0.030126 -0.324637 0.945359
vn 0.030126 -0.324637 0.945359
vn 0.030126 -0.324637 0.945359
vn 0.030126 -0.324637 0.945359
vn -0.158983 -0.696408 -0.699814
vn -0.158983 -0.696408 -0.699814
vn -0.158983 -0.696408 -0.699814
vn -0.158983 -0.696408 -0.699814
vn -0.158983 -0.696408 -0.699814
vn -0.158983 -0.696408 -0.699814
vn -0.326863 0.277001 -0.903566
vn -0.326863 0.277001 -0.903566
vn -0.326863 0.277001 -0.903566
vn -0.326863 0.277001 -0.903566
vn -0.326863 0.277001 -0.903566
vn -0.326863 0.277001 -0.903566
vn -0.196320 0.635021 0.747133
vn -0.196320 0.635021 0.747133
vn -0.196320 0.635021 0.747133
vn -0.196320 0.635021 0.747133
vn -0.196320 0.635021 0.747133
vn -0.196320 0.635021 0.747133
vn 0.128828 -0.329170 0.935441
vn 0.128828 -0.329170 0.935441
vn 0.128828 -0.329170 0.935441
vn 0.128828 -0.329170 0.935441
vn 0.128828 -0.329170 0.935441
vn 0.128828 -0.329170 0.935441
vn -0.005863 -0.691466 -0.722386
vn -0.005863 -0.691466 -0.722386
vn -0.005863 -0.691466 -0.722386
vn -0.005863 -0.691466 -0.722386
vn -0.005863 -0.691466 -0.722386
vn -0.005863 -0.691466 -0.722386
vn -0.354981 0.254994 -0.899426
vn -0.354981 0.254994 -0.899426
vn -0.354981 0.254994 -0.899426
vn -0.354981 0.254994 -0.899426
vn -0.354981 0.254994 -0.899426
vn -0.354981 0.254994 -0.899426
vn -0.222918 0.613654 0.757454
vn -0.222918 0.613654 0.757454
vn -0.222918 0.613654 0.757454
vn -0.222918 0.613654 0.757454
vn -0.222918 0.613654 0.757454
vn -0.222918 0.613654 0.757454
vn 0.192504 -0.317729 0.928434
vn 0.192504 -0.317729 0.928434
vn 0.192504 -0.317729 0.928434
vn 0.192504 -0.317729 0.928434
vn 0.192504 -0.317729 0.928434
vn 0.192504 -0.317729 0.928434
vn 0.059747 -0.678677 -0.732002
vn 0.059747 -0.678677 -0.732002
vn 0.059747 -0.678677 -0.732002
vn 0.059747 -0.678677 -0.732002
vn 0.059747 -0.678677 -0.732002
vn 0.059747 -0.678677 -0.732002
vn -0.376031 0.243635 -0.894004
vn -0.376031 0.243635 -0.894004
vn -0.376031 0.243635 -0.894004
vn -0.376031 0.243635 -0.894004
vn -0.376031 0.243635 -0.894004
vn -0.376031 0.243635 -0.894004
vn -0.194898 0.623203 0.757386
vn -0.194898 0.623203 0.757386
vn -0.194898 0.623203 0.757386
vn -0.194898 0.623203 0.757386
vn -0.194898 0.623203 0.757386
vn -0.194898 0.623203 0.757386
vn 0.244277 -0.298918 0.922484
vn 0.244277 -0.298918 0.922484
vn 0.244277 -0.298918 0.922484
vn 0.244277 -0.298918 0.922484
vn 0.244277 -0.298918 0.922484
vn 0.244277 -0.298918 0.922484
vn 0.063915 -0.679635 -0.730761
vn 0.063915 -0.679635 -0.730761
vn 0.063915 -0.679635 -0.730761
vn 0.063915 -0.679635 -0.730761
vn 0.063915 -0.679635 -0.730761
vn 0.063915 -0.679635 -0.730761
vn -0.391020 0.239913 -0.888564
vn -0.391020 0.239913 -0.888564
vn -0.391020 0.239913 -0.888564
vn -0.391020 0.239913 -0.888564
vn -0.391020 0.239913 -0.888564
vn -0.391020 0.239913 -0.888564
vn -0.108556 0.662197 0.741425
vn -0.108556 0.662197 0.741425
vn -0.108556 0.662197 0.741425
vn -0.108556 0.662197 0.741425
vn -0.108556 0.662197 0.741425
vn -0.108556 0.662197 0.741425
vn 0.302780 -0.273044 0.913111
vn 0.302780 -0.273044 0.913111
vn 0.302780 -0.273044 0.913111
vn 0.302780 -0.273044 0.913111
vn 0.302780 -0.273044 0.913111
vn 0.302780 -0.273044 0.913111
vn 0.022156 -0.695618 -0.718070
vn 0.022156 -0.695618 -0.718070
vn 0.022156 -0.695618 -0.718070
vn 0.022156 -0.695618 -0.718070
vn 0.022156 -0.695618 -0.718070
vn 0.022156 -0.695618 -0.718070
vn -0.404872 0.237993 -0.882858
vn -0.404872 0.237993 -0.882858
vn -0.404872 0.237993 -0.882858
vn -0.404872 0.237993 -0.882858
vn -0.404872 0.237993 -0.882858
vn -0.404872 0.237993 -0.882858
vn 0.038427 0.715455 0.697602
vn 0.038427 0.715455 0.697602
vn 0.038427 0.715455 0.697602
vn 0.038427 0.715455 0.697602
vn 0.038427 0.715455 0.697602
vn 0.038427 0.715455 0.697602
vn 0.376402 -0.245480 0.893343
vn 0.376402 -0.245480 0.893343
vn 0.376402 -0.245480 0.893343
vn 0.376402 -0.245480 0.893343
vn 0.376402 -0.245480 0.893343
vn 0.376402 -0.245480 0.893343
vn -0.063037 -0.722264 -0.688738
vn -0.063037 -0.722264 -0.688738
vn -0.063037 -0.722264 -0.688738
vn -0.063037 -0.722264 -0.688738
vn -0.063037 -0.722264 -0.688738
vn -0.063037 -0.722264 -0.688738
vn -0.428642 0.231743 -0.873248
vn -0.428642 0.231743 -0.873248
vn -0.428642 0.231743 -0.873248
vn -0.428642 0.231743 -0.873248
vn -0.428642 0.231743 -0.873248
vn -0.428642 0.231743 -0.873248
vn 0.244973 0.754612 0.608728
vn 0.244973 0.754612 0.608728
vn 0.244973 0.754612 0.608728
vn 0.244973 0.754612 0.608728
vn 0.244973 0.754612 0.608728
vn 0.244973 0.754612 0.608728
vn 0.464228 -0.228899 0.855627
vn 0.464228 -0.228899 0.855627
vn 0.464228 -0.228899 0.855627
vn 0.464228 -0.228899 0.855627
vn 0.464228 -0.228899 0.855627
vn 0.464228 -0.228899 0.855627
vn -0.200841 -0.750217 -0.629951
vn -0.200841 -0.750217 -0.629951
vn -0.200841 -0.750217 -0.629951
vn -0.200841 -0.750217 -0.629951
vn -0.200841 -0.750217 -0.629951
vn -0.200841 -0.750217 -0.629951
vn -0.475879 0.223718 -0.850582
vn -0.475879 0.223718 -0.850582
vn -0.475879 0.223718 -0.850582
vn -0.475879 0.223718 -0.850582
vn -0.475879 0.223718 -0.850582
vn -0.475879 0.223718 -0.850582
vn 0.499624 0.737192 0.454890
vn 0.499624 0.737192 0.454890
vn 0.499624 0.737192 0.454890
vn 0.499624 0.737192 0.454890
vn 0.499624 0.737192 0.454890
vn 0.499624 0.737192 0.454890
vn 0.556662 -0.240104 0.795285
vn 0.556662 -0.240104 0.795285
vn 0.556662 -0.240104 0.795285
vn 0.556662 -0.240104 0.795285
vn 0.556662 -0.240104 0.795285
vn 0.556662 -0.240104 0.795285
vn -0.406447 -0.753670 -0.516509
vn -0.406447 -0.753670 -0.516509
vn -0.406447 -0.753670 -0.516509
vn -0.406447 -0.753670 -0.516509
vn -0.406447 -0.753670 -0.516509
vn -0.406447 -0.753670 -0.516509
vn -0.550292 0.234801 -0.801278
vn -0.550292 0.234801 -0.801278
vn -0.550292 0.234801 -0.801278
vn -0.550292 0.234801 -0.801278
vn -0.550292 0.234801 -0.801278
vn -0.550292 0.234801 -0.801278
vn 0.749864 0.617585 0.237259
vn 0.749864 0.617585 0.237259
vn 0.749864 0.617585 0.237259
vn 0.749864 0.617585 0.237259
vn 0.749864 0.617585 0.237259
vn 0.749864 0.617585 0.237259
vn 0.628376 -0.288546 0.722416
vn 0.628376 -0.288546 0.722416
vn 0.628376 -0.288546 0.722416
vn 0.628376 -0.288546 0.722416
vn 0.628376 -0.288546 0.722416
vn 0.628376 -0.288546 0.722416
vn -0.666517 -0.673532 -0.319546
vn -0.666517 -0.673532 -0.319546
vn -0.666517 -0.673532 -0.319546
vn -0.666517 -0.673532 -0.319546
vn -0.666517 -0.673532 -0.319546
vn -0.666517 -0.673532 -0.319546
vn -0.623645 0.290037 -0.725910
vn -0.623645 0.290037 -0.725910
vn -0.623645 0.290037 -0.725910
vn -0.623645 0.290037 -0.725910
vn -0.623645 0.290037 -0.725910
vn -0.623645 0.290037 -0.725910
vn 0.913502 0.406721 0.009578
vn 0.913502 0.406721 0.009578
vn 0.913502 0.406721 0.009578
vn 0.913502 0.406721 0.009578
vn 0.913502 0.406721 0.009578
vn 0.913502 0.406721 0.009578
vn 0.659020 -0.354253 0.663473
vn 0.659020 -0.354253 0.663473
vn 0.659020 -0.354253 0.663473
vn 0.659020 -0.354253 0.663473
vn 0.659020 -0.354253 0.663473
vn 0.659020 -0.354253 0.663473
vn -0.880170 -0.469556 -0.069411
vn -0.880170 -0.469556 -0.069411
vn -0.880170 -0.469556 -0.069411
vn -0.880170 -0.469556 -0.069411
vn -0.880170 -0.469556 -0.069411
vn -0.880170 -0.469556 -0.069411
vn -0.659180 0.378842 -0.649584
vn -0.659180 0.378842 -0.649584
vn -0.659180 0.378842 -0.649584
vn -0.659180 0.378842 -0.649584
vn -0.659180 0.378842 -0.649584
vn -0.659180 0.378842 -0.649584
vn 0.968698 0.186616 -0.163705
vn 0.968698 0.186616 -0.163705
vn 0.968698 0.186616 -0.163705
vn 0.968698 0.186616 -0.163705
vn 0.968698 0.186616 -0.163705
vn 0.968698 0.186616 -0.163705
vn 0.662170 -0.406159 0.629734
vn 0.662170 -0.406159 0.629734
vn 0.662170 -0.406159 0.629734
vn 0.662170 -0.406159 0.629734
vn 0.662170 -0.406159 0.629734
vn 0.662170 -0.406159 0.629734
vn -0.966406 -0.211614 0.145872
vn -0.966406 -0.211614 0.145872
vn -0.966406 -0.211614 0.145872
vn -0.966406 -0.211614 0.145872
vn -0.966406 -0.211614 0.145872
vn -0.966406 -0.211614 0.145872
vn -0.850070 -0.443479 -0.284091
vn -0.850070 -0.443479 -0.284091
vn -0.850070 -0.443479 -0.284091
vn -0.850070 -0.443479 -0.284091
vn -0.850070 -0.443479 -0.284091
vn -0.850070 -0.443479 -0.284091
vn 0.358864 -0.359960 0.861189
vn 0.358864 -0.359960 0.861189
vn 0.358864 -0.359960 0.861189
vn 0.358864 -0.359960 0.861189
vn 0.358864 -0.359960 0.861189
vn 0.358864 -0.359960 0.861189
vn 0.984734 0.037419 0.169997
vn 0.984734 0.037419 0.169997
vn 0.984734 0.037419 0.169997
vn 0.984734 0.037419 0.169997
vn 0.984734 0.037419 0.169997
vn 0.984734 0.037419 0.169997
vn -0.225437 -0.047098 -0.973119
vn -0.225437 -0.047098 -0.973119
vn -0.225437 -0.047098 -0.973119
vn -0.225437 -0.047098 -0.973119
vn -0.225437 -0.047098 -0.973119
vn -0.225437 -0.047098 -0.973119
vn -0.877017 -0.397333 -0.270127
vn -0.877017 -0.397333 -0.270127
vn -0.877017 -0.397333 -0.270127
vn -0.877017 -0.397333 -0.270127
vn -0.877017 -0.397333 -0.270127
vn -0.877017 -0.397333 -0.270127
vn 0.347528 -0.335269 0.875682
vn 0.347528 -0.335269 0.875682
vn 0.347528 -0.335269 0.875682
vn 0.347528 -0.335269 0.875682
vn 0.347528 -0.335269 0.875682
vn 0.347528 -0.335269 0.875682
vn 0.981470 0.063483 0.180793
vn 0.981470 0.063483 0.180793
vn 0.981470 0.063483 0.180793
vn 0.981470 0.063483 0.180793
vn 0.981470 0.063483 0.180793
vn 0.981470 0.063483 0.180793
vn -0.248104 0.000680 -0.968733
vn -0.248104 0.000680 -0.968733
vn -0.248104 0.000680 -0.968733
vn -0.248104 0.000680 -0.968733
vn -0.248104 0.000680 -0.968733
vn -0.248104 0.000680 -0.968733
vn -0.916402 -0.318417 -0.242522
vn -0.916402 -0.318417 -0.242522
vn -0.916402 -0.318417 -0.242522
vn -0.916402 -0.318417 -0.242522
vn -0.916402 -0.318417 -0.242522
vn -0.916402 -0.318417 -0.242522
vn 0.324044 -0.286189 0.901716
vn 0.324044 -0.286189 0.901716
vn 0.324044 -0.286189 0.901716
vn 0.324044 -0.286189 0.901716
vn 0.324044 -0.286189 0.901716
vn 0.324044 -0.286189 0.901716
vn 0.983424 0.025879 0.179463
vn 0.983424 0.025879 0.179463
vn 0.983424 0.025879 0.179463
vn 0.983424 0.025879 0.179463
vn 0.983424 0.025879 0.179463
vn 0.983424 0.025879 0.179463
vn -0.257751 -0.005384 -0.966196
vn -0.257751 -0.005384 -0.966196
vn -0.257751 -0.005384 -0.966196
vn -0.257751 -0.005384 -0.966196
vn -0.257751 -0.005384 -0.966196
vn -0.257751 -0.005384 -0.966196
vn -0.950633 -0.225797 -0.212867
vn -0.950633 -0.225797 -0.212867
vn -0.950633 -0.225797 -0.212867
vn -0.950633 -0.225797 -0.212867
vn -0.950633 -0.225797 -0.212867
vn -0.950633 -0.225797 -0.212867
vn 0.294986 -0.201738 0.933962
vn 0.294986 -0.201738 0.933962
vn 0.294986 -0.201738 0.933962
vn 0.294986 -0.201738 0.933962
vn 0.294986 -0.201738 0.933962
vn 0.294986 -0.201738 0.933962
vn 0.981798 -0.056352 0.181377
vn 0.981798 -0.056352 0.181377
vn 0.981798 -0.056352 0.181377
vn 0.981798 -0.056352 0.181377
vn 0.981798 -0.056352 0.181377
vn 0.981798 -0.056352 0.181377
vn -0.258782 -0.076856 -0.962873
vn -0.258782 -0.076856 -0.962873
vn -0.258782 -0.076856 -0.962873
vn -0.258782 -0.076856 -0.962873
vn -0.258782 -0.076856 -0.962873
vn -0.258782 -0.076856 -0.962873
vn -0.968615 -0.155682 -0.193774
vn -0.968615 -0.155682 -0.193774
vn -0.968615 -0.155682 -0.193774
vn -0.968615 -0.155682 -0.193774
vn -0.968615 -0.155682 -0.193774
vn -0.968615 -0.155682 -0.193774
vn 0.274305 -0.080153 0.958296
vn 0.274305 -0.080153 0.958296
vn 0.274305 -0.080153 0.958296
vn 0.274305 -0.080153 0.958296
vn 0.274305 -0.080153 0.958296
vn 0.274305 -0.080153 0.958296
vn 0.971654 -0.123283 0.201718
vn 0.971654 -0.123283 0.201718
vn 0.971654 -0.123283 0.201718
vn 0.971654 -0.123283 0.201718
vn 0.971654 -0.123283 0.201718
vn 0.971654 -0.123283 0.201718
vn -0.261971 -0.197275 -0.944698
vn -0.261971 -0.197275 -0.944698
vn -0.261971 -0.197275 -0.944698
vn -0.261971 -0.197275 -0.944698
vn -0.261971 -0.197275 -0.944698
vn -0.261971 -0.197275 -0.944698
vn -0.973636 -0.141578 -0.178853
vn -0.973636 -0.141578 -0.178853
vn -0.973636 -0.141578 -0.178853
vn -0.973636 -0.141578 -0.178853
vn -0.973636 -0.141578 -0.178853
vn -0.973636 -0.141578 -0.178853
vn 0.268994 0.067140 0.960799
vn 0.268994 0.067140 0.960799
vn 0.268994 0.067140 0.960799
vn 0.268994 0.067140 0.960799
vn 0.268994 0.067140 0.960799
vn 0.268994 0.067140 0.960799
vn 0.966985 -0.115972 0.226915
vn 0.966985 -0.115972 0.226915
vn 0.966985 -0.115972 0.226915
vn 0.966985 -0.115972 0.226915
vn 0.966985 -0.115972 0.226915
vn 0.966985 -0.115972 0.226915
vn -0.267300 -0.327923 -0.906100
vn -0.267300 -0.327923 -0.906100
vn -0.267300 -0.327923 -0.906100
vn -0.267300 -0.327923 -0.906100
vn -0.267300 -0.327923 -0.906100
vn -0.267300 -0.327923 -0.906100
vn -0.969942 -0.192045 -0.149438
vn -0.969942 -0.192045 -0.149438
vn -0.969942 -0.192045 -0.149438
vn -0.969942 -0.192045 -0.149438
vn -0.969942 -0.192045 -0.149438
vn -0.969942 -0.192045 -0.149438
vn 0.273175 0.234006 0.933068
vn 0.273175 0.234006 0.933068
vn 0.273175 0.234006 0.933068
vn 0.273175 0.234006 0.933068
vn 0.273175 0.234006 0.933068
vn 0.273175 0.234006 0.933068
vn 0.974541 -0.018122 0.223474
vn 0.974541 -0.018122 0.223474
vn 0.974541 -0.018122 0.223474
vn 0.974541 -0.018122 0.223474
vn 0.974541 -0.018122 0.223474
vn 0.974541 -0.018122 0.223474
vn -0.263526 -0.448618 -0.853988
vn -0.263526 -0.448618 -0.853988
vn -0.263526 -0.448618 -0.853988
vn -0.263526 -0.448618 -0.853988
vn -0.263526 -0.448618 -0.853988
vn -0.263526 -0.448618 -0.853988
vn -0.951306 -0.294513 -0.090991
vn -0.951306 -0.294513 -0.090991
vn -0.951306 -0.294513 -0.090991
vn -0.951306 -0.294513 -0.090991
vn -0.951306 -0.294513 -0.090991
vn -0.951306 -0.294513 -0.090991
vn 0.267540 0.426763 0.863884
vn 0.267540 0.426763 0.863884
vn 0.267540 0.426763 0.863884
vn 0.267540 0.426763 0.863884
vn 0.267540 0.426763 0.863884
vn 0.267540 0.426763 0.863884
vn 0.973215 0.164363 0.160741
vn 0.973215 0.164363 0.160741
vn 0.973215 0.164363 0.160741
vn 0.973215 0.164363 0.160741
vn 0.973215 0.164363 0.160741
vn 0.973215 0.164363 0.160741
vn -0.243650 -0.559310 -0.792343
vn -0.243650 -0.559310 -0.792343
vn -0.243650 -0.559310 -0.792343
vn -0.243650 -0.559310 -0.792343
vn -0.243650 -0.559310 -0.792343
vn -0.243650 -0.559310 -0.792343
vn -0.906339 -0.422551 -0.000803
vn -0.906339 -0.422551 -0.000803
vn -0.906339 -0.422551 -0.000803
vn -0.906339 -0.422551 -0.000803
vn -0.906339 -0.422551 -0.000803
vn -0.906339 -0.422551 -0.000803
vn 0.218254 0.639304 0.737330
vn 0.218254 0.639304 0.737330
vn 0.218254 0.639304 0.737330
vn 0.218254 0.639304 0.737330
vn 0.218254 0.639304 0.737330
vn 0.218254 0.639304 0.737330
vn 0.920358 0.390179 0.026497
vn 0.920358 0.390179 0.026497
vn 0.920358 0.390179 0.026497
vn 0.920358 0.390179 0.026497
vn 0.920358 0.390179 0.026497
vn 0.920358 0.390179 0.026497
vn -0.204064 -0.671548 -0.712307
vn -0.204064 -0.671548 -0.712307
vn -0.204064 -0.671548 -0.712307
vn -0.204064 -0.671548 -0.712307
vn -0.204064 -0.671548 -0.712307
vn -0.204064 -0.671548 -0.712307
vn -0.817648 -0.561044 0.129159
vn -0.817648 -0.561044 0.129159
vn -0.817648 -0.561044 0.129159
vn -0.817648 -0.561044 0.129159
vn -0.817648 -0.561044 0.129159
vn -0.817648 -0.561044 0.129159
vn 0.085956 0.841950 0.532665
vn 0.085956 0.841950 0.532665
vn 0.085956 0.841950 0.532665
vn 0.085956 0.841950 0.532665
vn 0.085956 0.841950 0.532665
vn 0.085956 0.841950 0.532665
vn 0.782207 0.596939 -0.178370
vn 0.782207 0.596939 -0.178370
vn 0.782207 0.596939 -0.178370
vn 0.782207 0.596939 -0.178370
vn 0.782207 0.596939 -0.178370
vn 0.782207 0.596939 -0.178370
vn -0.127274 -0.799765 -0.586666
vn -0.127274 -0.799765 -0.586666
vn -0.127274 -0.799765 -0.586666
vn -0.127274 -0.799765 -0.586666
vn -0.127274 -0.799765 -0.586666
vn -0.127274 -0.799765 -0.586666
vn -0.646921 -0.684544 0.335994
vn -0.646921 -0.684544 0.335994
vn -0.646921 -0.684544 0.335994
vn -0.646921 -0.684544 0.335994
vn -0.646921 -0.684544 0.335994
vn -0.646921 -0.684544 0.335994
vn -0.163247 0.960178 0.226732
vn -0.163247 0.960178 0.226732
vn -0.163247 0.960178 0.226732
vn -0.163247 0.960178 0.226732
vn -0.163247 0.960178 0.226732
vn -0.163247 0.960178 0.226732
vn 0.550246 0.702883 -0.450760
vn 0.550246 0.702883 -0.450760
vn 0.550246 0.702883 -0.450760
vn 0.550246 0.702883 -0.450760
vn 0.550246 0.702883 -0.450760
vn 0.550246 0.702883 -0.450760
vn 0.045132 -0.931829 -0.360081
vn 0.045132 -0.931829 -0.360081
vn 0.045132 -0.931829 -0.360081
vn 0.045132 -0.931829 -0.360081
vn 0.045132 -0.931829 -0.360081
vn 0.045132 -0.931829 -0.360081
vn -0.399688 -0.677271 0.617700
vn -0.399688 -0.677271 0.617700
vn -0.399688 -0.677271 0.617700
vn -0.399688 -0.677271 0.617700
vn -0.399688 -0.677271 0.617700
vn -0.399688 -0.677271 0.617700
vn -0.480840 0.867503 -0.127405
vn -0.480840 0.867503 -0.127405
vn -0.480840 0.867503 -0.127405
vn -0.480840 0.867503 -0.127405
vn -0.480840 0.867503 -0.127405
vn -0.480840 0.867503 -0.127405
vn 0.301152 0.619739 -0.724728
vn 0.301152 0.619739 -0.724728
vn 0.301152 0.619739 -0.724728
vn 0.301152 0.619739 -0.724728
vn 0.301152 0.619739 -0.724728
vn 0.301152 0.619739 -0.724728
vn 0.377325 -0.926005 0.011840
vn 0.377325 -0.926005 0.011840
vn 0.377325 -0.926005 0.011840
vn 0.377325 -0.926005 0.011840
vn 0.377325 -0.926005 0.011840
vn 0.377325 -0.926005 0.011840
vn -0.215460 -0.508130 0.833895
vn -0.215460 -0.508130 0.833895
vn -0.215460 -0.508130 0.833895
vn -0.215460 -0.508130 0.833895
vn -0.215460 -0.508130 0.833895
vn -0.215460 -0.508130 0.833895
vn -0.704996 0.598904 -0.379860
vn -0.704996 0.598904 -0.379860
vn -0.704996 0.598904 -0.379860
vn -0.704996 0.598904 -0.379860
vn -0.704996 0.598904 -0.379860
vn -0.704996 0.598904 -0.379860
vn 0.169677 0.433248 -0.885159
vn 0.169677 0.433248 -0.885159
vn 0.169677 0.433248 -0.885159
vn 0.169677 0.433248 -0.885159
vn 0.169677 0.433248 -0.885159
vn 0.169677 0.433248 -0.885159
vn 0.665674 -0.668826 0.330983
vn 0.665674 -0.668826 0.330983
vn 0.665674 -0.668826 0.330983
vn 0.665674 -0.668826 0.330983
vn 0.665674 -0.668826 0.330983
vn 0.665674 -0.668826 0.330983
vn -0.143389 -0.327381 0.933949
vn -0.143389 -0.327381 0.933949
vn -0.143389 -0.327381 0.933949
vn -0.143389 -0.327381 0.933949
vn -0.143389 -0.327381 0.933949
vn -0.143389 -0.327381 0.933949
vn -0.793995 0.348322 -0.498241
vn -0.793995 0.348322 -0.498241
vn -0.793995 0.348322 -0.498241
vn -0.793995 0.348322 -0.498241
vn -0.793995 0.348322 -0.498241
vn -0.793995 0.348322 -0.498241
vn 0.136413 0.299493 -0.944296
vn 0.136413 0.299493 -0.944296
vn 0.136413 0.299493 -0.944296
vn 0.136413 0.299493 -0.944296
vn 0.136413 0.299493 -0.944296
vn 0.136413 0.299493 -0.944296
vn 0.788405 -0.373410 0.488857
vn 0.788405 -0.373410 0.488857
vn 0.788405 -0.373410 0.488857
vn 0.788405 -0.373410 0.488857
vn 0.788405 -0.373410 0.488857
vn 0.788405 -0.373410 0.488857
vn -0.758465 -0.415306 -0.502246
vn -0.758465 -0.415306 -0.502246
vn -0.758465 -0.415306 -0.502246
vn -0.758465 -0.415306 -0.502246
vn -0.758465 -0.415306 -0.502246
vn -0.758465 -0.415306 -0.502246
vn -0.032857 -0.187128 0.981786
vn -0.032857 -0.187128 0.981786
vn -0.032857 -0.187128 0.981786
vn -0.032857 -0.187128 0.981786
vn -0.032857 -0.187128 0.981786
vn -0.032857 -0.187128 0.981786
vn 0.851743 -0.006418 0.523921
vn 0.851743 -0.006418 0.523921
vn 0.851743 -0.006418 0.523921
vn 0.851743 -0.006418 0.523921
vn 0.851743 -0.006418 0.523921
vn 0.851743 -0.006418 0.523921
vn 0.126889 -0.234562 -0.963784
vn 0.126889 -0.234562 -0.963784
vn 0.126889 -0.234562 -0.963784
vn 0.126889 -0.234562 -0.963784
vn 0.126889 -0.234562 -0.963784
vn 0.126889 -0.234562 -0.963784
vn -0.777861 -0.371949 -0.506544
vn -0.777861 -0.371949 -0.506544
vn -0.777861 -0.371949 -0.506544
vn -0.777861 -0.371949 -0.506544
vn -0.777861 -0.371949 -0.506544
vn -0.777861 -0.371949 -0.506544
vn -0.051624 -0.121902 0.991199
vn -0.051624 -0.121902 0.991199
vn -0.051624 -0.121902 0.991199
vn -0.051624 -0.121902 0.991199
vn -0.051624 -0.121902 0.991199
vn -0.051624 -0.121902 0.991199
vn 0.847587 0.041410 0.529038
vn 0.847587 0.041410 0.529038
vn 0.847587 0.041410 0.529038
vn 0.847587 0.041410 0.529038
vn 0.847587 0.041410 0.529038
vn 0.847587 0.041410 0.529038
vn 0.118393 -0.209654 -0.970581
vn 0.118393 -0.209654 -0.970581
vn 0.118393 -0.209654 -0.970581
vn 0.118393 -0.209654 -0.970581
vn 0.118393 -0.209654 -0.970581
vn 0.118393 -0.209654 -0.970581
vn -0.803965 -0.302703 -0.511870
vn -0.803965 -0.302703 -0.511870
vn -0.803965 -0.302703 -0.511870
vn -0.803965 -0.302703 -0.511870
vn -0.803965 -0.302703 -0.511870
vn -0.803965 -0.302703 -0.511870
vn -0.068953 -0.074932 0.994802
vn -0.068953 -0.074932 0.994802
vn -0.068953 -0.074932 0.994802
vn -0.068953 -0.074932 0.994802
vn -0.068953 -0.074932 0.994802
vn -0.068953 -0.074932 0.994802
vn 0.845152 0.025662 0.533910
vn 0.845152 0.025662 0.533910
vn 0.845152 0.025662 0.533910
vn 0.845152 0.025662 0.533910
vn 0.845152 0.025662 0.533910
vn 0.845152 0.025662 0.533910
vn 0.109053 -0.202689 -0.973152
vn 0.109053 -0.202689 -0.973152
vn 0.109053 -0.202689 -0.973152
vn 0.109053 -0.202689 -0.973152
vn 0.109053 -0.202689 -0.973152
vn 0.109053 -0.202689 -0.973152
vn -0.827326 -0.218768 -0.517371
vn -0.827326 -0.218768 -0.517371
vn -0.827326 -0.218768 -0.517371
vn -0.827326 -0.218768 -0.517371
vn -0.827326 -0.218768 -0.517371
vn -0.827326 -0.218768 -0.517371
vn -0.085700 -0.034561 0.995721
vn -0.085700 -0.034561 0.995721
vn -0.085700 -0.034561 0.995721
vn -0.085700 -0.034561 0.995721
vn -0.085700 -0.034561 0.995721
vn -0.085700 -0.034561 0.995721
vn 0.838976 -0.042603 0.542499
vn 0.838976 -0.042603 0.542499
vn 0.838976 -0.042603 0.542499
vn 0.838976 -0.042603 0.542499
vn 0.838976 -0.042603 0.542499
vn 0.838976 -0.042603 0.542499
vn 0.098915 -0.225255 -0.969266
vn 0.098915 -0.225255 -0.969266
vn 0.098915 -0.225255 -0.969266
vn 0.098915 -0.225255 -0.969266
vn 0.098915 -0.225255 -0.969266
vn 0.098915 -0.225255 -0.969266
vn -0.841407 -0.142114 -0.521380
vn -0.841407 -0.142114 -0.521380
vn -0.841407 -0.142114 -0.521380
vn -0.841407 -0.142114 -0.521380
vn -0.841407 -0.142114 -0.521380
vn -0.841407 -0.142114 -0.521380
vn -0.099810 0.022420 0.994754
vn -0.099810 0.022420 0.994754
vn -0.099810 0.022420 0.994754
vn -0.099810 0.022420 0.994754
vn -0.099810 0.022420 0.994754
vn -0.099810 0.022420 0.994754
vn 0.820093 -0.126416 0.558092
vn 0.820093 -0.126416 0.558092
vn 0.820093 -0.126416 0.558092
vn 0.820093 -0.126416 0.558092
vn 0.820093 -0.126416 0.558092
vn 0.820093 -0.126416 0.558092
vn 0.083645 -0.286781 -0.954338
vn 0.083645 -0.286781 -0.954338
vn 0.083645 -0.286781 -0.954338
vn 0.083645 -0.286781 -0.954338
vn 0.083645 -0.286781 -0.954338
vn 0.083645 -0.286781 -0.954338
vn -0.848688 -0.101080 -0.519145
vn -0.848688 -0.101080 -0.519145
vn -0.848688 -0.101080 -0.519145
vn -0.848688 -0.101080 -0.519145
vn -0.848688 -0.101080 -0.519145
vn -0.848688 -0.101080 -0.519145
vn -0.101001 0.122112 0.987364
vn -0.101001 0.122112 0.987364
vn -0.101001 0.122112 0.987364
vn -0.101001 0.122112 0.987364
vn -0.101001 0.122112 0.987364
vn -0.101001 0.122112 0.987364
vn 0.797770 -0.165864 0.579700
vn 0.797770 -0.165864 0.579700
vn 0.797770 -0.165864 0.579700
vn 0.797770 -0.165864 0.579700
vn 0.797770 -0.165864 0.579700
vn 0.797770 -0.165864 0.579700
vn 0.057149 -0.386979 -0.920316
vn 0.057149 -0.386979 -0.920316
vn 0.057149 -0.386979 -0.920316
vn 0.057149 -0.386979 -0.920316
vn 0.057149 -0.386979 -0.920316
vn 0.057149 -0.386979 -0.920316
vn -0.858817 -0.114929 -0.499225
vn -0.858817 -0.114929 -0.499225
vn -0.858817 -0.114929 -0.499225
vn -0.858817 -0.114929 -0.499225
vn -0.858817 -0.114929 -0.499225
vn -0.858817 -0.114929 -0.499225
vn -0.075268 0.281613 0.956572
vn -0.075268 0.281613 0.956572
vn -0.075268 0.281613 0.956572
vn -0.075268 0.281613 0.956572
vn -0.075268 0.281613 0.956572
vn -0.075268 0.281613 0.956572
vn 0.800657 -0.111566 0.588643
vn 0.800657 -0.111566 0.588643
vn 0.800657 -0.111566 0.588643
vn 0.800657 -0.111566 0.588643
vn 0.800657 -0.111566 0.588643
vn 0.800657 -0.111566 0.588643
vn 0.021272 -0.512069 -0.858681
vn 0.021272 -0.512069 -0.858681
vn 0.021272 -0.512069 -0.858681
vn 0.021272 -0.512069 -0.858681
vn 0.021272 -0.512069 -0.858681
vn 0.021272 -0.512069 -0.858681
vn -0.876411 -0.176504 -0.448051
vn -0.876411 -0.176504 -0.448051
vn -0.876411 -0.176504 -0.448051
vn -0.876411 -0.176504 -0.448051
vn -0.876411 -0.176504 -0.448051
vn -0.876411 -0.176504 -0.448051
vn -0.022261 0.497851 0.866977
vn -0.022261 0.497851 0.866977
vn -0.022261 0.497851 0.866977
vn -0.022261 0.497851 0.866977
vn -0.022261 0.497851 0.866977
vn -0.022261 0.497851 0.866977
vn 0.840573 0.039357 0.540266
vn 0.840573 0.039357 0.540266
vn 0.840573 0.039357 0.540266
vn 0.840573 0.039357 0.540266
vn 0.840573 0.039357 0.540266
vn 0.840573 0.039357 0.540266
vn -0.013336 -0.639904 -0.768339
vn -0.013336 -0.639904 -0.768339
vn -0.013336 -0.639904 -0.768339
vn -0.013336 -0.639904 -0.768339
vn -0.013336 -0.639904 -0.768339
vn -0.013336 -0.639904 -0.768339
vn -0.895018 -0.253306 -0.367122
vn -0.895018 -0.253306 -0.367122
vn -0.895018 -0.253306 -0.367122
vn -0.895018 -0.253306 -0.367122
vn -0.895018 -0.253306 -0.367122
vn -0.895018 -0.253306 -0.367122
vn 0.034404 0.728011 0.684701
vn 0.034404 0.728011 0.684701
vn 0.034404 0.728011 0.684701
vn 0.034404 0.728011 0.684701
vn 0.034404 0.728011 0.684701
vn 0.034404 0.728011 0.684701
vn 0.887287 0.219605 0.405579
vn 0.887287 0.219605 0.405579
vn 0.887287 0.219605 0.405579
vn 0.887287 0.219605 0.405579
vn 0.887287 0.219605 0.405579
vn 0.887287 0.219605 0.405579
vn -0.041499 -0.759753 -0.648886
vn -0.041499 -0.759753 -0.648886
vn -0.041499 -0.759753 -0.648886
vn -0.041499 -0.759753 -0.648886
vn -0.041499 -0.759753 -0.648886
vn -0.041499 -0.759753 -0.648886
vn -0.908908 -0.327881 -0.257643
vn -0.908908 -0.327881 -0.257643
vn -0.908908 -0.327881 -0.257643
vn -0.908908 -0.327881 -0.257643
vn -0.908908 -0.327881 -0.257643
vn -0.908908 -0.327881 -0.257643
vn 0.073227 0.916150 0.394091
vn 0.073227 0.916150 0.394091
vn 0.073227 0.916150 0.394091
vn 0.073227 0.916150 0.394091
vn 0.073227 0.916150 0.394091
vn 0.073227 0.916150 0.394091
vn 0.914005 0.352974 0.200009
vn 0.914005 0.352974 0.200009
vn 0.914005 0.352974 0.200009
vn 0.914005 0.352974 0.200009
vn 0.914005 0.352974 0.200009
vn 0.914005 0.352974 0.200009
vn -0.065757 -0.876971 -0.476024
vn -0.065757 -0.876971 -0.476024
vn -0.065757 -0.876971 -0.476024
vn -0.065757 -0.876971 -0.476024
vn -0.065757 -0.876971 -0.476024
vn -0.065757 -0.876971 -0.476024
vn -0.917213 -0.384284 -0.105097
vn -0.917213 -0.384284 -0.105097
vn -0.917213 -0.384284 -0.105097
vn -0.917213 -0.384284 -0.105097
vn -0.917213 -0.384284 -0.105097
vn -0.917213 -0.384284 -0.105097
vn 0.090829 0.995800 -0.011522
vn 0.090829 0.995800 -0.011522
vn 0.090829 0.995800 -0.011522
vn 0.090829 0.995800 -0.011522
vn 0.090829 0.995800 -0.011522
vn 0.090829 0.995800 -0.011522
vn 0.920825 0.388100 -0.038213
vn 0.920825 0.388100 -0.038213
vn 0.920825 0.388100 -0.038213
vn 0.920825 0.388100 -0.038213
vn 0.920825 0.388100 -0.038213
vn 0.920825 0.388100 -0.038213
vn -0.083760 -0.980335 -0.178684
vn -0.083760 -0.980335 -0.178684
vn -0.083760 -0.980335 -0.178684
vn -0.083760 -0.980335 -0.178684
vn -0.083760 -0.980335 -0.178684
vn -0.083760 -0.980335 -0.178684
vn -0.922535 -0.378373 0.075921
vn -0.922535 -0.378373 0.075921
vn -0.922535 -0.378373 0.075921
vn -0.922535 -0.378373 0.075921
vn -0.922535 -0.378373 0.075921
vn -0.922535 -0.378373 0.075921
vn 0.097815 0.883213 -0.458657
vn 0.097815 0.883213 -0.458657
vn 0.097815 0.883213 -0.458657
vn 0.097815 0.883213 -0.458657
vn 0.097815 0.883213 -0.458657
vn 0.097815 0.883213 -0.458657
vn 0.923056 0.314790 -0.221075
vn 0.923056 0.314790 -0.221075
vn 0.923056 0.314790 -0.221075
vn 0.923056 0.314790 -0.221075
vn 0.923056 0.314790 -0.221075
vn 0.923056 0.314790 -0.221075
vn -0.093871 -0.947911 0.304389
vn -0.093871 -0.947911 0.304389
vn -0.093871 -0.947911 0.304389
vn -0.093871 -0.947911 0.304389
vn -0.093871 -0.947911 0.304389
vn -0.093871 -0.947911 0.304389
vn -0.928808 -0.303501 0.212609
vn -0.928808 -0.303501 0.212609
vn -0.928808 -0.303501 0.212609
vn -0.928808 -0.303501 0.212609
vn -0.928808 -0.303501 0.212609
vn -0.928808 -0.303501 0.212609
vn 0.112089 0.623068 -0.774095
vn 0.112089 0.623068 -0.774095
vn 0.112089 0.623068 -0.774095
vn 0.112089 0.623068 -0.774095
vn 0.112089 0.623068 -0.774095
vn 0.112089 0.623068 -0.774095
vn 0.931811 0.226665 -0.283463
vn 0.931811 0.226665 -0.283463
vn 0.931811 0.226665 -0.283463
vn 0.931811 0.226665 -0.283463
vn 0.931811 0.226665 -0.283463
vn 0.931811 0.226665 -0.283463
vn -0.108017 -0.693125 0.712678
vn -0.108017 -0.693125 0.712678
vn -0.108017 -0.693125 0.712678
vn -0.108017 -0.693125 0.712678
vn -0.108017 -0.693125 0.712678
vn -0.108017 -0.693125 0.712678
vn -0.936197 -0.219656 0.274383
vn -0.936197 -0.219656 0.274383
vn -0.936197 -0.219656 0.274383
vn -0.936197 -0.219656 0.274383
vn -0.936197 -0.219656 0.274383
vn -0.936197 -0.219656 0.274383
vn 0.133681 0.383075 -0.913993
vn 0.133681 0.383075 -0.913993
vn 0.133681 0.383075 -0.913993
vn 0.133681 0.383075 -0.913993
vn 0.133681 0.383075 -0.913993
vn 0.133681 0.383075 -0.913993
vn 0.938601 0.191255 -0.287139
vn 0.938601 0.191255 -0.287139
vn 0.938601 0.191255 -0.287139
vn 0.938601 0.191255 -0.287139
vn 0.938601 0.191255 -0.287139
vn 0.938601 0.191255 -0.287139
vn -0.131469 -0.407882 0.903520
vn -0.131469 -0.407882 0.903520
vn -0.131469 -0.407882 0.903520
vn -0.131469 -0.407882 0.903520
vn -0.131469 -0.407882 0.903520
vn -0.131469 -0.407882 0.903520
vn 0.914681 -0.220930 -0.338450
vn 0.914681 -0.220930 -0.338450
vn 0.914681 -0.220930 -0.338450
vn 0.914681 -0.220930 -0.338450
vn 0.914681 -0.220930 -0.338450
vn 0.914681 -0.220930 -0.338450
vn -0.686359 -0.615918 -0.386726
vn -0.686359 -0.615918 -0.386726
vn -0.686359 -0.615918 -0.386726
vn -0.686359 -0.615918 -0.386726
vn -0.686359 -0.615918 -0.386726
vn -0.686359 -0.615918 -0.386726
vn -0.859243 -0.121779 0.496862
vn -0.859243 -0.121779 0.496862
vn -0.859243 -0.121779 0.496862
vn -0.859243 -0.121779 0.496862
vn -0.859243 -0.121779 0.496862
vn -0.859243 -0.121779 0.496862
vn 0.788247 0.284115 0.545844
vn 0.788247 0.284115 0.545844
vn 0.788247 0.284115 0.545844
vn 0.788247 0.284115 0.545844
vn 0.788247 0.284115 0.545844
vn 0.788247 0.284115 0.545844
vn 0.895174 -0.051454 -0.442738
vn 0.895174 -0.051454 -0.442738
vn 0.895174 -0.051454 -0.442738
vn 0.895174 -0.051454 -0.442738
vn 0.895174 -0.051454 -0.442738
vn 0.895174 -0.051454 -0.442738
vn -0.739686 -0.462830 -0.488521
vn -0.739686 -0.462830 -0.488521
vn -0.739686 -0.462830 -0.488521
vn -0.739686 -0.462830 -0.488521
vn -0.739686 -0.462830 -0.488521
vn -0.739686 -0.462830 -0.488521
vn -0.821486 -0.244239 0.515276
vn -0.821486 -0.244239 0.515276
vn -0.821486 -0.244239 0.515276
vn -0.821486 -0.244239 0.515276
vn -0.821486 -0.244239 0.515276
vn -0.821486 -0.244239 0.515276
vn 0.810942 0.166584 0.560913
vn 0.810942 0.166584 0.560913
vn 0.810942 0.166584 0.560913
vn 0.810942 0.166584 0.560913
vn 0.810942 0.166584 0.560913
vn 0.810942 0.166584 0.560913
vn 0.870349 0.075729 -0.486577
vn 0.870349 0.075729 -0.486577
vn 0.870349 0.075729 -0.486577
vn 0.870349 0.075729 -0.486577
vn 0.870349 0.075729 -0.486577
vn 0.870349 0.075729 -0.486577
vn -0.773729 -0.344392 -0.531730
vn -0.773729 -0.344392 -0.531730
vn -0.773729 -0.344392 -0.531730
vn -0.773729 -0.344392 -0.531730
vn -0.773729 -0.344392 -0.531730
vn -0.773729 -0.344392 -0.531730
vn -0.805019 -0.320325 0.499336
vn -0.805019 -0.320325 0.499336
vn -0.805019 -0.320325 0.499336
vn -0.805019 -0.320325 0.499336
vn -0.805019 -0.320325 0.499336
vn -0.805019 -0.320325 0.499336
vn 0.832637 0.098760 0.544942
vn 0.832637 0.098760 0.544942
vn 0.832637 0.098760 0.544942
vn 0.832637 0.098760 0.544942
vn 0.832637 0.098760 0.544942
vn 0.832637 0.098760 0.544942
vn 0.856833 0.134841 -0.497650
vn 0.856833 0.134841 -0.497650
vn 0.856833 0.134841 -0.497650
vn 0.856833 0.134841 -0.497650
vn 0.856833 0.134841 -0.497650
vn 0.856833 0.134841 -0.497650
vn -0.794140 -0.272779 -0.543078
vn -0.794140 -0.272779 -0.543078
vn -0.794140 -0.272779 -0.543078
vn -0.794140 -0.272779 -0.543078
vn -0.794140 -0.272779 -0.543078
vn -0.794140 -0.272779 -0.543078
vn -0.802723 -0.345220 0.486269
vn -0.802723 -0.345220 0.486269
vn -0.802723 -0.345220 0.486269
vn -0.802723 -0.345220 0.486269
vn -0.802723 -0.345220 0.486269
vn -0.802723 -0.345220 0.486269
vn 0.844074 0.061619 0.532674
vn 0.844074 0.061619 0.532674
vn 0.844074 0.061619 0.532674
vn 0.844074 0.061619 0.532674
vn 0.844074 0.061619 0.532674
vn 0.844074 0.061619 0.532674
vn 0.855187 0.130234 -0.501692
vn 0.855187 0.130234 -0.501692
vn 0.855187 0.130234 -0.501692
vn 0.855187 0.130234 -0.501692
vn 0.855187 0.130234 -0.501692
vn 0.855187 0.130234 -0.501692
vn -0.808438 -0.226339 -0.543321
vn -0.808438 -0.226339 -0.543321
vn -0.808438 -0.226339 -0.543321
vn -0.808438 -0.226339 -0.543321
vn -0.808438 -0.226339 -0.543321
vn -0.808438 -0.226339 -0.543321
vn -0.812097 -0.326515 0.483619
vn -0.812097 -0.326515 0.483619
vn -0.812097 -0.326515 0.483619
vn -0.812097 -0.326515 0.483619
vn -0.812097 -0.326515 0.483619
vn -0.812097 -0.326515 0.483619
vn 0.849578 0.029228 0.526653
vn 0.849578 0.029228 0.526653
vn 0.849578 0.029228 0.526653
vn 0.849578 0.029228 0.526653
vn 0.849578 0.029228 0.526653
vn 0.849578 0.029228 0.526653
vn 0.859182 0.071399 -0.506664
vn 0.859182 0.071399 -0.506664
vn 0.859182 0.071399 -0.506664
vn 0.859182 0.071399 -0.506664
vn 0.859182 0.071399 -0.506664
vn 0.859182 0.071399 -0.506664
vn -0.825296 -0.171984 -0.537874
vn -0.825296 -0.171984 -0.537874
vn -0.825296 -0.171984 -0.537874
vn -0.825296 -0.171984 -0.537874
vn -0.825296 -0.171984 -0.537874
vn -0.825296 -0.171984 -0.537874
vn -0.831987 -0.260655 0.489752
vn -0.831987 -0.260655 0.489752
vn -0.831987 -0.260655 0.489752
vn -0.831987 -0.260655 0.489752
vn -0.831987 -0.260655 0.489752
vn -0.831987 -0.260655 0.489752
vn 0.852266 -0.017954 0.522801
vn 0.852266 -0.017954 0.522801
vn 0.852266 -0.017954 0.522801
vn 0.852266 -0.017954 0.522801
vn 0.852266 -0.017954 0.522801
vn 0.852266 -0.017954 0.522801
vn 0.857592 -0.032217 -0.513320
vn 0.857592 -0.032217 -0.513320
vn 0.857592 -0.032217 -0.513320
vn 0.857592 -0.032217 -0.513320
vn 0.857592 -0.032217 -0.513320
vn 0.857592 -0.032217 -0.513320
vn -0.846327 -0.068214 -0.528278
vn -0.846327 -0.068214 -0.528278
vn -0.846327 -0.068214 -0.528278
vn -0.846327 -0.068214 -0.528278
vn -0.846327 -0.068214 -0.528278
vn -0.846327 -0.068214 -0.528278
vn -0.854947 -0.136377 0.500467
vn -0.854947 -0.136377 0.500467
vn -0.854947 -0.136377 0.500467
vn -0.854947 -0.136377 0.500467
vn -0.854947 -0.136377 0.500467
vn -0.854947 -0.136377 0.500467
vn 0.849874 -0.099740 0.517462
vn 0.849874 -0.099740 0.517462
vn 0.849874 -0.099740 0.517462
vn 0.849874 -0.099740 0.517462
vn 0.849874 -0.099740 0.517462
vn 0.849874 -0.099740 0.517462
vn 0.836888 -0.163327 -0.522439
vn 0.836888 -0.163327 -0.522439
vn 0.836888 -0.163327 -0.522439
vn 0.836888 -0.163327 -0.522439
vn 0.836888 -0.163327 -0.522439
vn 0.836888 -0.163327 -0.522439
vn -0.847547 0.128056 -0.515039
vn -0.847547 0.128056 -0.515039
vn -0.847547 0.128056 -0.515039
vn -0.847547 0.128056 -0.515039
vn -0.847547 0.128056 -0.515039
vn -0.847547 0.128056 -0.515039
vn -0.856343 0.055782 0.513385
vn -0.856343 0.055782 0.513385
vn -0.856343 0.055782 0.513385
vn -0.856343 0.055782 0.513385
vn -0.856343 0.055782 0.513385
vn -0.856343 0.055782 0.513385
vn 0.829904 -0.231696 0.507519
vn 0.829904 -0.231696 0.507519
vn 0.829904 -0.231696 0.507519
vn 0.829904 -0.231696 0.507519
vn 0.829904 -0.231696 0.507519
vn 0.829904 -0.231696 0.507519
vn 0.792287 -0.291813 -0.535842
vn 0.792287 -0.291813 -0.535842
vn 0.792287 -0.291813 -0.535842
vn 0.792287 -0.291813 -0.535842
vn 0.792287 -0.291813 -0.535842
vn 0.792287 -0.291813 -0.535842
vn -0.766366 0.418478 -0.487401
vn -0.766366 0.418478 -0.487401
vn -0.766366 0.418478 -0.487401
vn -0.766366 0.418478 -0.487401
vn -0.766366 0.418478 -0.487401
vn -0.766366 0.418478 -0.487401
vn -0.790178 0.296304 0.536492
vn -0.790178 0.296304 0.536492
vn -0.790178 0.296304 0.536492
vn -0.790178 0.296304 0.536492
vn -0.790178 0.296304 0.536492
vn -0.790178 0.296304 0.536492
vn 0.771921 -0.406106 0.489096
vn 0.771921 -0.406106 0.489096
vn 0.771921 -0.406106 0.489096
vn 0.771921 -0.406106 0.489096
vn 0.771921 -0.406106 0.489096
vn 0.771921 -0.406106 0.489096
vn 0.739820 -0.387016 -0.550349
vn 0.739820 -0.387016 -0.550349
vn 0.739820 -0.387016 -0.550349
vn 0.739820 -0.387016 -0.550349
vn 0.739820 -0.387016 -0.550349
vn 0.739820 -0.387016 -0.550349
vn -0.559717 0.714334 -0.420053
vn -0.559717 0.714334 -0.420053
vn -0.559717 0.714334 -0.420053
vn -0.559717 0.714334 -0.420053
vn -0.559717 0.714334 -0.420053
vn -0.559717 0.714334 -0.420053
vn -0.636514 0.503119 0.584570
vn -0.636514 0.503119 0.584570
vn -0.636514 0.503119 0.584570
vn -0.636514 0.503119 0.584570
vn -0.636514 0.503119 0.584570
vn -0.636514 0.503119 0.584570
vn 0.664209 -0.591777 0.456756
vn 0.664209 -0.591777 0.456756
vn 0.664209 -0.591777 0.456756
vn 0.664209 -0.591777 0.456756
vn 0.664209 -0.591777 0.456756
vn 0.664209 -0.591777 0.456756
vn 0.707374 -0.439744 -0.553396
vn 0.707374 -0.439744 -0.553396
vn 0.707374 -0.439744 -0.553396
vn 0.707374 -0.439744 -0.553396
vn 0.707374 -0.439744 -0.553396
vn 0.707374 -0.439744 -0.553396
vn -0.291052 0.905584 -0.308556
vn -0.291052 0.905584 -0.308556
vn -0.291052 0.905584 -0.308556
vn -0.291052 0.905584 -0.308556
vn -0.291052 0.905584 -0.308556
vn -0.291052 0.905584 -0.308556
vn -0.473503 0.596052 0.648473
vn -0.473503 0.596052 0.648473
vn -0.473503 0.596052 0.648473
vn -0.473503 0.596052 0.648473
vn -0.473503 0.596052 0.648473
vn -0.473503 0.596052 0.648473
vn 0.522093 -0.748740 0.408422
vn 0.522093 -0.748740 0.408422
vn 0.522093 -0.748740 0.408422
vn 0.522093 -0.748740 0.408422
vn 0.522093 -0.748740 0.408422
vn 0.522093 -0.748740 0.408422
vn -0.985827 -0.015490 0.167046
vn -0.985827 -0.015490 0.167046
vn -0.985827 -0.015490 0.167046
vn -0.985827 -0.015490 0.167046
vn -0.985827 -0.015490 0.167046
vn -0.985827 -0.015490 0.167046
vn 0.496245 -0.648428 0.577306
vn 0.496245 -0.648428 0.577306
vn 0.496245 -0.648428 0.577306
vn 0.496245 -0.648428 0.577306
vn 0.496245 -0.648428 0.577306
vn 0.496245 -0.648428 0.577306
vn 0.909565 -0.303857 -0.283484
vn 0.909565 -0.303857 -0.283484
vn 0.909565 -0.303857 -0.283484
vn 0.909565 -0.303857 -0.283484
vn 0.909565 -0.303857 -0.283484
vn 0.909565 -0.303857 -0.283484
vn -0.596398 0.353299 -0.720756
vn -0.596398 0.353299 -0.720756
vn -0.596398 0.353299 -0.720756
vn -0.596398 0.353299 -0.720756
vn -0.596398 0.353299 -0.720756
vn -0.596398 0.353299 -0.720756
vn -0.979080 0.011046 0.203175
vn -0.979080 0.011046 0.203175
vn -0.979080 0.011046 0.203175
vn -0.979080 0.011046 0.203175
vn -0.979080 0.011046 0.203175
vn -0.979080 0.011046 0.203175
vn 0.575818 -0.408911 0.707973
vn 0.575818 -0.408911 0.707973
vn 0.575818 -0.408911 0.707973
vn 0.575818 -0.408911 0.707973
vn 0.575818 -0.408911 0.707973
vn 0.575818 -0.408911 0.707973
vn 0.920275 -0.296798 -0.254961
vn 0.920275 -0.296798 -0.254961
vn 0.920275 -0.296798 -0.254961
vn 0.920275 -0.296798 -0.254961
vn 0.920275 -0.296798 -0.254961
vn 0.920275 -0.296798 -0.254961
vn -0.635986 0.122418 -0.761928
vn -0.635986 0.122418 -0.761928
vn -0.635986 0.122418 -0.761928
vn -0.635986 0.122418 -0.761928
vn -0.635986 0.122418 -0.761928
vn -0.635986 0.122418 -0.761928
vn -0.971582 0.038883 0.233489
vn -0.971582 0.038883 0.233489
vn -0.971582 0.038883 0.233489
vn -0.971582 0.038883 0.233489
vn -0.971582 0.038883 0.233489
vn -0.971582 0.038883 0.233489
vn 0.622900 -0.205350 0.754869
vn 0.622900 -0.205350 0.754869
vn 0.622900 -0.205350 0.754869
vn 0.622900 -0.205350 0.754869
vn 0.622900 -0.205350 0.754869
vn 0.622900 -0.205350 0.754869
vn 0.927446 -0.297823 -0.226153
vn 0.927446 -0.297823 -0.226153
vn 0.927446 -0.297823 -0.226153
vn 0.927446 -0.297823 -0.226153
vn 0.927446 -0.297823 -0.226153
vn 0.927446 -0.297823 -0.226153
vn -0.664031 -0.056764 -0.745547
vn -0.664031 -0.056764 -0.745547
vn -0.664031 -0.056764 -0.745547
vn -0.664031 -0.056764 -0.745547
vn -0.664031 -0.056764 -0.745547
vn -0.664031 -0.056764 -0.745547
vn -0.966560 0.055776 0.250300
vn -0.966560 0.055776 0.250300
vn -0.966560 0.055776 0.250300
vn -0.966560 0.055776 0.250300
vn -0.966560 0.055776 0.250300
vn -0.966560 0.055776 0.250300
vn 0.649777 -0.061383 0.757643
vn 0.649777 -0.061383 0.757643
vn 0.649777 -0.061383 0.757643
vn 0.649777 -0.061383 0.757643
vn 0.649777 -0.061383 0.757643
vn 0.649777 -0.061383 0.757643
vn 0.932958 -0.295213 -0.206007
vn 0.932958 -0.295213 -0.206007
vn 0.932958 -0.295213 -0.206007
vn 0.932958 -0.295213 -0.206007
vn 0.932958 -0.295213 -0.206007
vn 0.932958 -0.295213 -0.206007
vn -0.679539 -0.180107 -0.711188
vn -0.679539 -0.180107 -0.711188
vn -0.679539 -0.180107 -0.711188
vn -0.679539 -0.180107 -0.711188
vn -0.679539 -0.180107 -0.711188
vn -0.679539 -0.180107 -0.711188
vn -0.963504 0.050171 0.262950
vn -0.963504 0.050171 0.262950
vn -0.963504 0.050171 0.262950
vn -0.963504 0.050171 0.262950
vn -0.963504 0.050171 0.262950
vn -0.963504 0.050171 0.262950
vn 0.665747 0.035328 0.745341
vn 0.665747 0.035328 0.745341
vn 0.665747 0.035328 0.745341
vn 0.665747 0.035328 0.745341
vn 0.665747 0.035328 0.745341
vn 0.665747 0.035328 0.745341
vn 0.940091 -0.277965 -0.197394
vn 0.940091 -0.277965 -0.197394
vn 0.940091 -0.277965 -0.197394
vn 0.940091 -0.277965 -0.197394
vn 0.940091 -0.277965 -0.197394
vn 0.940091 -0.277965 -0.197394
vn -0.685455 -0.264249 -0.678471
vn -0.685455 -0.264249 -0.678471
vn -0.685455 -0.264249 -0.678471
vn -0.685455 -0.264249 -0.678471
vn -0.685455 -0.264249 -0.678471
vn -0.685455 -0.264249 -0.678471
vn -0.959946 0.013050 0.279882
vn -0.959946 0.013050 0.279882
vn -0.959946 0.013050 0.279882
vn -0.959946 0.013050 0.279882
vn -0.959946 0.013050 0.279882
vn -0.959946 0.013050 0.279882
vn 0.677320 0.104972 0.728161
vn 0.677320 0.104972 0.728161
vn 0.677320 0.104972 0.728161
vn 0.677320 0.104972 0.728161
vn 0.677320 0.104972 0.728161
vn 0.677320 0.104972 0.728161
vn 0.950913 -0.230067 -0.206963
vn 0.950913 -0.230067 -0.206963
vn 0.950913 -0.230067 -0.206963
vn 0.950913 -0.230067 -0.206963
vn 0.950913 -0.230067 -0.206963
vn 0.950913 -0.230067 -0.206963
vn -0.683255 -0.323061 -0.654824
vn -0.683255 -0.323061 -0.654824
vn -0.683255 -0.323061 -0.654824
vn -0.683255 -0.323061 -0.654824
vn -0.683255 -0.323061 -0.654824
vn -0.683255 -0.323061 -0.654824
vn -0.949500 -0.067354 0.306454
vn -0.949500 -0.067354 0.306454
vn -0.949500 -0.067354 0.306454
vn -0.949500 -0.067354 0.306454
vn -0.949500 -0.067354 0.306454
vn -0.949500 -0.067354 0.306454
vn 0.687926 0.167689 0.706143
vn 0.687926 0.167689 0.706143
vn 0.687926 0.167689 0.706143
vn 0.687926 0.167689 0.706143
vn 0.687926 0.167689 0.706143
vn 0.687926 0.167689 0.706143
vn 0.961622 -0.126123 -0.243673
vn 0.961622 -0.126123 -0.243673
vn 0.961622 -0.126123 -0.243673
vn 0.961622 -0.126123 -0.243673
vn 0.961622 -0.126123 -0.243673
vn 0.961622 -0.126123 -0.243673
vn -0.673630 -0.363359 -0.643578
vn -0.673630 -0.363359 -0.643578
vn -0.673630 -0.363359 -0.643578
vn -0.673630 -0.363359 -0.643578
vn -0.673630 -0.363359 -0.643578
vn -0.673630 -0.363359 -0.643578
vn -0.918241 -0.201167 0.341123
vn -0.918241 -0.201167 0.341123
vn -0.918241 -0.201167 0.341123
vn -0.918241 -0.201167 0.341123
vn -0.918241 -0.201167 0.341123
vn -0.918241 -0.201167 0.341123
vn 0.692573 0.248396 0.677231
vn 0.692573 0.248396 0.677231
vn 0.692573 0.248396 0.677231
vn 0.692573 0.248396 0.677231
vn 0.692573 0.248396 0.677231
vn 0.692573 0.248396 0.677231
vn 0.948433 0.070221 -0.309100
vn 0.948433 0.070221 -0.309100
vn 0.948433 0.070221 -0.309100
vn 0.948433 0.070221 -0.309100
vn 0.948433 0.070221 -0.309100
vn 0.948433 0.070221 -0.309100
vn -0.660091 -0.384926 -0.645067
vn -0.660091 -0.384926 -0.645067
vn -0.660091 -0.384926 -0.645067
vn -0.660091 -0.384926 -0.645067
vn -0.660091 -0.384926 -0.645067
vn -0.660091 -0.384926 -0.645067
vn -0.851026 -0.373073 0.369556
vn -0.851026 -0.373073 0.369556
vn -0.851026 -0.373073 0.369556
vn -0.851026 -0.373073 0.369556
vn -0.851026 -0.373073 0.369556
vn -0.851026 -0.373073 0.369556
vn 0.660333 0.373474 0.651519
vn 0.660333 0.373474 0.651519
vn 0.660333 0.373474 0.651519
vn 0.660333 0.373474 0.651519
vn 0.660333 0.373474 0.651519
vn 0.660333 0.373474 0.651519
vn 0.850655 0.373844 -0.369630
vn 0.850655 0.373844 -0.369630
vn 0.850655 0.373844 -0.369630
vn 0.850655 0.373844 -0.369630
vn 0.850655 0.373844 -0.369630
vn 0.850655 0.373844 -0.369630
vn -0.654230 -0.385749 -0.650523
vn -0.654230 -0.385749 -0.650523
vn -0.654230 -0.385749 -0.650523
vn -0.654230 -0.385749 -0.650523
vn -0.654230 -0.385749 -0.650523
vn -0.654230 -0.385749 -0.650523
vn -0.737487 -0.561579 0.375156
vn -0.737487 -0.561579 0.375156
vn -0.737487 -0.561579 0.375156
vn -0.737487 -0.561579 0.375156
vn -0.737487 -0.561579 0.375156
vn -0.737487 -0.561579 0.375156
vn 0.554367 0.504578 0.661874
vn 0.554367 0.504578 0.661874
vn 0.554367 0.504578 0.661874
vn 0.554367 0.504578 0.661874
vn 0.554367 0.504578 0.661874
vn 0.554367 0.504578 0.661874
vn 0.618873 0.701883 -0.352642
vn 0.618873 0.701883 -0.352642
vn 0.618873 0.701883 -0.352642
vn 0.618873 0.701883 -0.352642
vn 0.618873 0.701883 -0.352642
vn 0.618873 0.701883 -0.352642
vn -0.668872 -0.375871 -0.641351
vn -0.668872 -0.375871 -0.641351
vn -0.668872 -0.375871 -0.641351
vn -0.668872 -0.375871 -0.641351
vn -0.668872 -0.375871 -0.641351
vn -0.668872 -0.375871 -0.641351
vn -0.585309 -0.733533 0.345461
vn -0.585309 -0.733533 0.345461
vn -0.585309 -0.733533 0.345461
vn -0.585309 -0.733533 0.345461
vn -0.585309 -0.733533 0.345461
vn -0.585309 -0.733533 0.345461
vn 0.433822 0.556414 0.708663
vn 0.433822 0.556414 0.708663
vn 0.433822 0.556414 0.708663
vn 0.433822 0.556414 0.708663
vn 0.433822 0.556414 0.708663
vn 0.433822 0.556414 0.708663
vn 0.325188 0.913770 -0.243469
vn 0.325188 0.913770 -0.243469
vn 0.325188 0.913770 -0.243469
vn 0.325188 0.913770 -0.243469
vn 0.325188 0.913770 -0.243469
vn 0.325188 0.913770 -0.243469
vn -0.695929 -0.377455 -0.610909
vn -0.695929 -0.377455 -0.610909
vn -0.695929 -0.377455 -0.610909
vn -0.695929 -0.377455 -0.610909
vn -0.695929 -0.377455 -0.610909
vn -0.695929 -0.377455 -0.610909
vn -0.739918 -0.496874 -0.453472
vn -0.739918 -0.496874 -0.453472
vn -0.739918 -0.496874 -0.453472
vn -0.739918 -0.496874 -0.453472
vn -0.739918 -0.496874 -0.453472
vn -0.739918 -0.496874 -0.453472
vn -0.153985 0.175682 0.972329
vn -0.153985 0.175682 0.972329
vn -0.153985 0.175682 0.972329
vn -0.153985 0.175682 0.972329
vn -0.153985 0.175682 0.972329
vn -0.153985 0.175682 0.972329
vn 0.793653 0.131940 0.593892
vn 0.793653 0.131940 0.593892
vn 0.793653 0.131940 0.593892
vn 0.793653 0.131940 0.593892
vn 0.793653 0.131940 0.593892
vn 0.793653 0.131940 0.593892
vn 0.205676 -0.535277 -0.819253
vn 0.205676 -0.535277 -0.819253
vn 0.205676 -0.535277 -0.819253
vn 0.205676 -0.535277 -0.819253
vn 0.205676 -0.535277 -0.819253
vn 0.205676 -0.535277 -0.819253
vn -0.750666 -0.448377 -0.485241
vn -0.750666 -0.448377 -0.485241
vn -0.750666 -0.448377 -0.485241
vn -0.750666 -0.448377 -0.485241
vn -0.750666 -0.448377 -0.485241
vn -0.750666 -0.448377 -0.485241
vn -0.149988 0.164780 0.974860
vn -0.149988 0.164780 0.974860
vn -0.149988 0.164780 0.974860
vn -0.149988 0.164780 0.974860
vn -0.149988 0.164780 0.974860
vn -0.149988 0.164780 0.974860
vn 0.797385 0.194488 0.571272
vn 0.797385 0.194488 0.571272
vn 0.797385 0.194488 0.571272
vn 0.797385 0.194488 0.571272
vn 0.797385 0.194488 0.571272
vn 0.797385 0.194488 0.571272
vn 0.193367 -0.418291 -0.887492
vn 0.193367 -0.418291 -0.887492
vn 0.193367 -0.418291 -0.887492
vn 0.193367 -0.418291 -0.887492
vn 0.193367 -0.418291 -0.887492
vn 0.193367 -0.418291 -0.887492
vn -0.764748 -0.380980 -0.519630
vn -0.764748 -0.380980 -0.519630
vn -0.764748 -0.380980 -0.519630
vn -0.764748 -0.380980 -0.519630
vn -0.764748 -0.380980 -0.519630
vn -0.764748 -0.380980 -0.519630
vn -0.138026 0.110429 0.984253
vn -0.138026 0.110429 0.984253
vn -0.138026 0.110429 0.984253
vn -0.138026 0.110429 0.984253
vn -0.138026 0.110429 0.984253
vn -0.138026 0.110429 0.984253
vn 0.802330 0.196256 0.563693
vn 0.802330 0.196256 0.563693
vn 0.802330 0.196256 0.563693
vn 0.802330 0.196256 0.563693
vn 0.802330 0.196256 0.563693
vn 0.802330 0.196256 0.563693
vn 0.173144 -0.294964 -0.939690
vn 0.173144 -0.294964 -0.939690
vn 0.173144 -0.294964 -0.939690
vn 0.173144 -0.294964 -0.939690
vn 0.173144 -0.294964 -0.939690
vn 0.173144 -0.294964 -0.939690
vn -0.785587 -0.283196 -0.550140
vn -0.785587 -0.283196 -0.550140
vn -0.785587 -0.283196 -0.550140
vn -0.785587 -0.283196 -0.550140
vn -0.785587 -0.283196 -0.550140
vn -0.785587 -0.283196 -0.550140
vn -0.118592 0.008962 0.992903
vn -0.118592 0.008962 0.992903
vn -0.118592 0.008962 0.992903
vn -0.118592 0.008962 0.992903
vn -0.118592 0.008962 0.992903
vn -0.118592 0.008962 0.992903
vn 0.812947 0.144656 0.564085
vn 0.812947 0.144656 0.564085
vn 0.812947 0.144656 0.564085
vn 0.812947 0.144656 0.564085
vn 0.812947 0.144656 0.564085
vn 0.812947 0.144656 0.564085
vn 0.144002 -0.147193 -0.978569
vn 0.144002 -0.147193 -0.978569
vn 0.144002 -0.147193 -0.978569
vn 0.144002 -0.147193 -0.978569
vn 0.144002 -0.147193 -0.978569
vn 0.144002 -0.147193 -0.978569
vn -0.812916 -0.139886 -0.565332
vn -0.812916 -0.139886 -0.565332
vn -0.812916 -0.139886 -0.565332
vn -0.812916 -0.139886 -0.565332
vn -0.812916 -0.139886 -0.565332
vn -0.812916 -0.139886 -0.565332
vn -0.092944 -0.145214 0.985025
vn -0.092944 -0.145214 0.985025
vn -0.092944 -0.145214 0.985025
vn -0.092944 -0.145214 0.985025
vn -0.092944 -0.145214 0.985025
vn -0.092944 -0.145214 0.985025
vn 0.829832 0.036214 0.556837
vn 0.829832 0.036214 0.556837
vn 0.829832 0.036214 0.556837
vn 0.829832 0.036214 0.556837
vn 0.829832 0.036214 0.556837
vn 0.829832 0.036214 0.556837
vn 0.108452 0.041728 -0.993226
vn 0.108452 0.041728 -0.993226
vn 0.108452 0.041728 -0.993226
vn 0.108452 0.041728 -0.993226
vn 0.108452 0.041728 -0.993226
vn 0.108452 0.041728 -0.993226
vn -0.840214 0.055213 -0.539436
vn -0.840214 0.055213 -0.539436
vn -0.840214 0.055213 -0.539436
vn -0.840214 0.055213 -0.539436
vn -0.840214 0.055213 -0.539436
vn -0.840214 0.055213 -0.539436
vn -0.069787 -0.345360 0.935872
vn -0.069787 -0.345360 0.935872
vn -0.069787 -0.345360 0.935872
vn -0.069787 -0.345360 0.935872
vn -0.069787 -0.345360 0.935872
vn -0.069787 -0.345360 0.935872
vn 0.846765 -0.125808 0.516877
vn 0.846765 -0.125808 0.516877
vn 0.846765 -0.125808 0.516877
vn 0.846765 -0.125808 0.516877
vn 0.846765 -0.125808 0.516877
vn 0.846765 -0.125808 0.516877
vn 0.075811 0.274021 -0.958731
vn 0.075811 0.274021 -0.958731
vn 0.075811 0.274021 -0.958731
vn 0.075811 0.274021 -0.958731
vn 0.075811 0.274021 -0.958731
vn 0.075811 0.274021 -0.958731
vn -0.851886 0.274223 -0.446196
vn -0.851886 0.274223 -0.446196
vn -0.851886 0.274223 -0.446196
vn -0.851886 0.274223 -0.446196
vn -0.851886 0.274223 -0.446196
vn -0.851886 0.274223 -0.446196
vn -0.064409 -0.550142 0.832583
vn -0.064409 -0.550142 0.832583
vn -0.064409 -0.550142 0.832583
vn -0.064409 -0.550142 0.832583
vn -0.064409 -0.550142 0.832583
vn -0.064409 -0.550142 0.832583
vn 0.851109 -0.308158 0.425032
vn 0.851109 -0.308158 0.425032
vn 0.851109 -0.308158 0.425032
vn 0.851109 -0.308158 0.425032
vn 0.851109 -0.308158 0.425032
vn 0.851109 -0.308158 0.425032
vn 0.063683 0.514842 -0.854917
vn 0.063683 0.514842 -0.854917
vn 0.063683 0.514842 -0.854917
vn 0.063683 0.514842 -0.854917
vn 0.063683 0.514842 -0.854917
vn 0.063683 0.514842 -0.854917
vn -0.835898 0.461393 -0.297307
vn -0.835898 0.461393 -0.297307
vn -0.835898 0.461393 -0.297307
vn -0.835898 0.461393 -0.297307
vn -0.835898 0.461393 -0.297307
vn -0.835898 0.461393 -0.297307
vn -0.080775 -0.702572 0.707013
vn -0.080775 -0.702572 0.707013
vn -0.080775 -0.702572 0.707013
vn -0.080775 -0.702572 0.707013
vn -0.080775 -0.702572 0.707013
vn -0.080775 -0.702572 0.707013
vn 0.836742 -0.456922 0.301804
vn 0.836742 -0.456922 0.301804
vn 0.836742 -0.456922 0.301804
vn 0.836742 -0.456922 0.301804
vn 0.836742 -0.456922 0.301804
vn 0.836742 -0.456922 0.301804
vn 0.081488 0.706575 -0.702930
vn 0.081488 0.706575 -0.702930
vn 0.081488 0.706575 -0.702930
vn 0.081488 0.706575 -0.702930
vn 0.081488 0.706575 -0.702930
vn 0.081488 0.706575 -0.702930
vn -0.797515 0.588268 -0.133829
vn -0.797515 0.588268 -0.133829
vn -0.797515 0.588268 -0.133829
vn -0.797515 0.588268 -0.133829
vn -0.797515 0.588268 -0.133829
vn -0.797515 0.588268 -0.133829
vn -0.106828 -0.798789 0.592051
vn -0.106828 -0.798789 0.592051
vn -0.106828 -0.798789 0.592051
vn -0.106828 -0.798789 0.592051
vn -0.106828 -0.798789 0.592051
vn -0.106828 -0.798789 0.592051
vn 0.810707 -0.556348 0.182295
vn 0.810707 -0.556348 0.182295
vn 0.810707 -0.556348 0.182295
vn 0.810707 -0.556348 0.182295
vn 0.810707 -0.556348 0.182295
vn 0.810707 -0.556348 0.182295
vn 0.119877 0.831027 -0.543161
vn 0.119877 0.831027 -0.543161
vn 0.119877 0.831027 -0.543161
vn 0.119877 0.831027 -0.543161
vn 0.119877 0.831027 -0.543161
vn 0.119877 0.831027 -0.543161
vn -0.746376 0.664932 0.028078
vn -0.746376 0.664932 0.028078
vn -0.746376 0.664932 0.028078
vn -0.746376 0.664932 0.028078
vn -0.746376 0.664932 0.028078
vn -0.746376 0.664932 0.028078
vn -0.139607 -0.869074 0.474574
vn -0.139607 -0.869074 0.474574
vn -0.139607 -0.869074 0.474574
vn -0.139607 -0.869074 0.474574
vn -0.139607 -0.869074 0.474574
vn -0.139607 -0.869074 0.474574
vn 0.777117 -0.625683 0.067895
vn 0.777117 -0.625683 0.067895
vn 0.777117 -0.625683 0.067895
vn 0.777117 -0.625683 0.067895
vn 0.777117 -0.625683 0.067895
vn 0.777117 -0.625683 0.067895
vn 0.171435 0.910127 -0.377199
vn 0.171435 0.910127 -0.377199
vn 0.171435 0.910127 -0.377199
vn 0.171435 0.910127 -0.377199
vn 0.171435 0.910127 -0.377199
vn 0.171435 0.910127 -0.377199
vn -0.683273 0.700799 0.204985
vn -0.683273 0.700799 0.204985
vn -0.683273 0.700799 0.204985
vn -0.683273 0.700799 0.204985
vn -0.683273 0.700799 0.204985
vn -0.683273 0.700799 0.204985
vn -0.190634 -0.930179 0.313730
vn -0.190634 -0.930179 0.313730
vn -0.190634 -0.930179 0.313730
vn -0.190634 -0.930179 0.313730
vn -0.190634 -0.930179 0.313730
vn -0.190634 -0.930179 0.313730
vn 0.729773 -0.680533 -0.065616
vn 0.729773 -0.680533 -0.065616
vn 0.729773 -0.680533 -0.065616
vn 0.729773 -0.680533 -0.065616
vn 0.729773 -0.680533 -0.065616
vn 0.729773 -0.680533 -0.065616
vn 0.242925 0.955625 -0.166637
vn 0.242925 0.955625 -0.166637
vn 0.242925 0.955625 -0.166637
vn 0.242925 0.955625 -0.166637
vn 0.242925 0.955625 -0.166637
vn 0.242925 0.955625 -0.166637
vn -0.604227 0.672632 0.427171
vn -0.604227 0.672632 0.427171
vn -0.604227 0.672632 0.427171
vn -0.604227 0.672632 0.427171
vn -0.604227 0.672632 0.427171
vn -0.604227 0.672632 0.427171
vn -0.286465 -0.957614 0.030223
vn -0.286465 -0.957614 0.030223
vn -0.286465 -0.957614 0.030223
vn -0.286465 -0.957614 0.030223
vn -0.286465 -0.957614 0.030223
vn -0.286465 -0.957614 0.030223
vn 0.652817 -0.707895 -0.269657
vn 0.652817 -0.707895 -0.269657
vn 0.652817 -0.707895 -0.269657
vn 0.652817 -0.707895 -0.269657
vn 0.652817 -0.707895 -0.269657
vn 0.652817 -0.707895 -0.269657
vn 0.348928 0.924513 0.153380
vn 0.348928 0.924513 0.153380
vn 0.348928 0.924513 0.153380
vn 0.348928 0.924513 0.153380
vn 0.348928 0.924513 0.153380
vn 0.348928 0.924513 0.153380
vn -0.535558 0.514572 0.669621
vn -0.535558 0.514572 0.669621
vn -0.535558 0.514572 0.669621
vn -0.535558 0.514572 0.669621
vn -0.535558 0.514572 0.669621
vn -0.535558 0.514572 0.669621
vn -0.438296 -0.771474 -0.461220
vn -0.438296 -0.771474 -0.461220
vn -0.438296 -0.771474 -0.461220
vn -0.438296 -0.771474 -0.461220
vn -0.438296 -0.771474 -0.461220
vn -0.438296 -0.771474 -0.461220
vn 0.559123 -0.599608 -0.572583
vn 0.559123 -0.599608 -0.572583
vn 0.559123 -0.599608 -0.572583
vn 0.559123 -0.599608 -0.572583
vn 0.559123 -0.599608 -0.572583
vn 0.559123 -0.599608 -0.572583
vn 0.462716 0.682490 0.565775
vn 0.462716 0.682490 0.565775
vn 0.462716 0.682490 0.565775
vn 0.462716 0.682490 0.565775
vn 0.462716 0.682490 0.565775
vn 0.462716 0.682490 0.565775
vn -0.532531 0.294327 0.793589
vn -0.532531 0.294327 0.793589
vn -0.532531 0.294327 0.793589
vn -0.532531 0.294327 0.793589
vn -0.532531 0.294327 0.793589
vn -0.532531 0.294327 0.793589
vn -0.492667 -0.298021 -0.817595
vn -0.492667 -0.298021 -0.817595
vn -0.492667 -0.298021 -0.817595
vn -0.492667 -0.298021 -0.817595
vn -0.492667 -0.298021 -0.817595
vn -0.492667 -0.298021 -0.817595
vn 0.532129 -0.331956 -0.778873
vn 0.532129 -0.331956 -0.778873
vn 0.532129 -0.331956 -0.778873
vn 0.532129 -0.331956 -0.778873
vn 0.532129 -0.331956 -0.778873
vn 0.532129 -0.331956 -0.778873
vn 0.491336 0.270752 0.827817
vn 0.491336 0.270752 0.827817
vn 0.491336 0.270752 0.827817
vn 0.491336 0.270752 0.827817
vn 0.491336 0.270752 0.827817
vn 0.491336 0.270752 0.827817
vn -0.630793 -0.588569 -0.505656
vn -0.630793 -0.588569 -0.505656
vn -0.630793 -0.588569 -0.505656
vn -0.630793 -0.588569 -0.505656
vn -0.630793 -0.588569 -0.505656
vn -0.630793 -0.588569 -0.505656
vn -0.369946 0.468785 0.802110
vn -0.369946 0.468785 0.802110
vn -0.369946 0.468785 0.802110
vn -0.369946 0.468785 0.802110
vn -0.369946 0.468785 0.802110
vn -0.369946 0.468785 0.802110
vn 0.653647 0.366258 0.662269
vn 0.653647 0.366258 0.662269
vn 0.653647 0.366258 0.662269
vn 0.653647 0.366258 0.662269
vn 0.653647 0.366258 0.662269
vn 0.653647 0.366258 0.662269
vn 0.366080 -0.680826 -0.634399
vn 0.366080 -0.680826 -0.634399
vn 0.366080 -0.680826 -0.634399
vn 0.366080 -0.680826 -0.634399
vn 0.366080 -0.680826 -0.634399
vn 0.366080 -0.680826 -0.634399
vn -0.644411 -0.433779 -0.629738
vn -0.644411 -0.433779 -0.629738
vn -0.644411 -0.433779 -0.629738
vn -0.644411 -0.433779 -0.629738
vn -0.644411 -0.433779 -0.629738
vn -0.644411 -0.433779 -0.629738
vn -0.356830 0.270071 0.894278
vn -0.356830 0.270071 0.894278
vn -0.356830 0.270071 0.894278
vn -0.356830 0.270071 0.894278
vn -0.356830 0.270071 0.894278
vn -0.356830 0.270071 0.894278
vn 0.656911 0.251606 0.710748
vn 0.656911 0.251606 0.710748
vn 0.656911 0.251606 0.710748
vn 0.656911 0.251606 0.710748
vn 0.656911 0.251606 0.710748
vn 0.656911 0.251606 0.710748
vn 0.366690 -0.452677 -0.812787
vn 0.366690 -0.452677 -0.812787
vn 0.366690 -0.452677 -0.812787
vn 0.366690 -0.452677 -0.812787
vn 0.366690 -0.452677 -0.812787
vn 0.366690 -0.452677 -0.812787
vn -0.654861 -0.290241 -0.697794
vn -0.654861 -0.290241 -0.697794
vn -0.654861 -0.290241 -0.697794
vn -0.654861 -0.290241 -0.697794
vn -0.654861 -0.290241 -0.697794
vn -0.654861 -0.290241 -0.697794
vn -0.344730 0.102896 0.933045
vn -0.344730 0.102896 0.933045
vn -0.344730 0.102896 0.933045
vn -0.344730 0.102896 0.933045
vn -0.344730 0.102896 0.933045
vn -0.344730 0.102896 0.933045
vn 0.667216 0.136685 0.732216
vn 0.667216 0.136685 0.732216
vn 0.667216 0.136685 0.732216
vn 0.667216 0.136685 0.732216
vn 0.667216 0.136685 0.732216
vn 0.667216 0.136685 0.732216
vn 0.355473 -0.256826 -0.898710
vn 0.355473 -0.256826 -0.898710
vn 0.355473 -0.256826 -0.898710
vn 0.355473 -0.256826 -0.898710
vn 0.355473 -0.256826 -0.898710
vn 0.355473 -0.256826 -0.898710
vn -0.666900 -0.132567 -0.733260
vn -0.666900 -0.132567 -0.733260
vn -0.666900 -0.132567 -0.733260
vn -0.666900 -0.132567 -0.733260
vn -0.666900 -0.132567 -0.733260
vn -0.666900 -0.132567 -0.733260
vn -0.332359 -0.069128 0.940616
vn -0.332359 -0.069128 0.940616
vn -0.332359 -0.069128 0.940616
vn -0.332359 -0.069128 0.940616
vn -0.332359 -0.069128 0.940616
vn -0.332359 -0.069128 0.940616
vn 0.677083 0.000165 0.735906
vn 0.677083 0.000165 0.735906
vn 0.677083 0.000165 0.735906
vn 0.677083 0.000165 0.735906
vn 0.677083 0.000165 0.735906
vn 0.677083 0.000165 0.735906
vn 0.340703 -0.063503 -0.938024
vn 0.340703 -0.063503 -0.938024
vn 0.340703 -0.063503 -0.938024
vn 0.340703 -0.063503 -0.938024
vn 0.340703 -0.063503 -0.938024
vn 0.340703 -0.063503 -0.938024
vn -0.679447 0.067082 -0.730651
vn -0.679447 0.067082 -0.730651
vn -0.679447 0.067082 -0.730651
vn -0.679447 0.067082 -0.730651
vn -0.679447 0.067082 -0.730651
vn -0.679447 0.067082 -0.730651
vn -0.321415 -0.269153 0.907882
vn -0.321415 -0.269153 0.907882
vn -0.321415 -0.269153 0.907882
vn -0.321415 -0.269153 0.907882
vn -0.321415 -0.269153 0.907882
vn -0.321415 -0.269153 0.907882
vn 0.685085 -0.178760 0.706190
vn 0.685085 -0.178760 0.706190
vn 0.685085 -0.178760 0.706190
vn 0.685085 -0.178760 0.706190
vn 0.685085 -0.178760 0.706190
vn 0.685085 -0.178760 0.706190
vn 0.325191 0.156917 -0.932538
vn 0.325191 0.156917 -0.932538
vn 0.325191 0.156917 -0.932538
vn 0.325191 0.156917 -0.932538
vn 0.325191 0.156917 -0.932538
vn 0.325191 0.156917 -0.932538
vn -0.685717 0.319171 -0.654158
vn -0.685717 0.319171 -0.654158
vn -0.685717 0.319171 -0.654158
vn -0.685717 0.319171 -0.654158
vn -0.685717 0.319171 -0.654158
vn -0.685717 0.319171 -0.654158
vn -0.319647 -0.494872 0.808039
vn -0.319647 -0.494872 0.808039
vn -0.319647 -0.494872 0.808039
vn -0.319647 -0.494872 0.808039
vn -0.319647 -0.494872 0.808039
vn -0.319647 -0.494872 0.808039
vn 0.684272 -0.401374 0.608827
vn 0.684272 -0.401374 0.608827
vn 0.684272 -0.401374 0.608827
vn 0.684272 -0.401374 0.608827
vn 0.684272 -0.401374 0.608827
vn 0.684272 -0.401374 0.608827
vn 0.317357 0.411532 -0.854357
vn 0.317357 0.411532 -0.854357
vn 0.317357 0.411532 -0.854357
vn 0.317357 0.411532 -0.854357
vn 0.317357 0.411532 -0.854357
vn 0.317357 0.411532 -0.854357
vn -0.671034 0.570696 -0.473306
vn -0.671034 0.570696 -0.473306
vn -0.671034 0.570696 -0.473306
vn -0.671034 0.570696 -0.473306
vn -0.671034 0.570696 -0.473306
vn -0.671034 0.570696 -0.473306
vn -0.339071 -0.690003 0.639474
vn -0.339071 -0.690003 0.639474
vn -0.339071 -0.690003 0.639474
vn -0.339071 -0.690003 0.639474
vn -0.339071 -0.690003 0.639474
vn -0.339071 -0.690003 0.639474
vn 0.663878 -0.613865 0.427125
vn 0.663878 -0.613865 0.427125
vn 0.663878 -0.613865 0.427125
vn 0.663878 -0.613865 0.427125
vn 0.663878 -0.613865 0.427125
vn 0.663878 -0.613865 0.427125
vn 0.332647 0.647064 -0.686042
vn 0.332647 0.647064 -0.686042
vn 0.332647 0.647064 -0.686042
vn 0.332647 0.647064 -0.686042
vn 0.332647 0.647064 -0.686042
vn 0.332647 0.647064 -0.686042
vn -0.630779 0.736786 -0.243443
vn -0.630779 0.736786 -0.243443
vn -0.630779 0.736786 -0.243443
vn -0.630779 0.736786 -0.243443
vn -0.630779 0.736786 -0.243443
vn -0.630779 0.736786 -0.243443
vn -0.372454 -0.793237 0.481720
vn -0.372454 -0.793237 0.481720
vn -0.372454 -0.793237 0.481720
vn -0.372454 -0.793237 0.481720
vn -0.372454 -0.793237 0.481720
vn -0.372454 -0.793237 0.481720
vn 0.628016 -0.742891 0.231754
vn 0.628016 -0.742891 0.231754
vn 0.628016 -0.742891 0.231754
vn 0.628016 -0.742891 0.231754
vn 0.628016 -0.742891 0.231754
vn 0.628016 -0.742891 0.231754
vn 0.370395 0.788245 -0.491403
vn 0.370395 0.788245 -0.491403
vn 0.370395 0.788245 -0.491403
vn 0.370395 0.788245 -0.491403
vn 0.370395 0.788245 -0.491403
vn 0.370395 0.788245 -0.491403
vn -0.578684 0.814460 -0.042182
vn -0.578684 0.814460 -0.042182
vn -0.578684 0.814460 -0.042182
vn -0.578684 0.814460 -0.042182
vn -0.578684 0.814460 -0.042182
vn -0.578684 0.814460 -0.042182
vn -0.399217 -0.832450 0.384256
vn -0.399217 -0.832450 0.384256
vn -0.399217 -0.832450 0.384256
vn -0.399217 -0.832450 0.384256
vn -0.399217 -0.832450 0.384256
vn -0.399217 -0.832450 0.384256
vn 0.591513 -0.801765 0.085357
vn 0.591513 -0.801765 0.085357
vn 0.591513 -0.801765 0.085357
vn 0.591513 -0.801765 0.085357
vn 0.591513 -0.801765 0.085357
vn 0.591513 -0.801765 0.085357
vn 0.411953 0.845420 -0.339941
vn 0.411953 0.845420 -0.339941
vn 0.411953 0.845420 -0.339941
vn 0.411953 0.845420 -0.339941
vn 0.411953 0.845420 -0.339941
vn 0.411953 0.845420 -0.339941
vn -0.520947 0.843742 0.129283
vn -0.520947 0.843742 0.129283
vn -0.520947 0.843742 0.129283
vn -0.520947 0.843742 0.129283
vn -0.520947 0.843742 0.129283
vn -0.520947 0.843742 0.129283
vn -0.419394 -0.851886 0.313686
vn -0.419394 -0.851886 0.313686
vn -0.419394 -0.851886 0.313686
vn -0.419394 -0.851886 0.313686
vn -0.419394 -0.851886 0.313686
vn -0.419394 -0.851886 0.313686
vn 0.554890 -0.831325 -0.031561
vn 0.554890 -0.831325 -0.031561
vn 0.554890 -0.831325 -0.031561
vn 0.554890 -0.831325 -0.031561
vn 0.554890 -0.831325 -0.031561
vn 0.554890 -0.831325 -0.031561
vn 0.453704 0.864320 -0.217034
vn 0.453704 0.864320 -0.217034
vn 0.453704 0.864320 -0.217034
vn 0.453704 0.864320 -0.217034
vn 0.453704 0.864320 -0.217034
vn 0.453704 0.864320 -0.217034
vn -0.448611 0.837803 0.311182
vn -0.448611 0.837803 0.311182
vn -0.448611 0.837803 0.311182
vn -0.448611 0.837803 0.311182
vn -0.448611 0.837803 0.311182
vn -0.448611 0.837803 0.311182
vn -0.448308 -0.866928 0.217845
vn -0.448308 -0.866928 0.217845
vn -0.448308 -0.866928 0.217845
vn -0.448308 -0.866928 0.217845
vn -0.448308 -0.866928 0.217845
vn -0.448308 -0.866928 0.217845
vn 0.505027 -0.847949 -0.161030
vn 0.505027 -0.847949 -0.161030
vn 0.505027 -0.847949 -0.161030
vn 0.505027 -0.847949 -0.161030
vn 0.505027 -0.847949 -0.161030
vn 0.505027 -0.847949 -0.161030
vn 0.509169 0.857790 -0.070305
vn 0.509169 0.857790 -0.070305
vn 0.509169 0.857790 -0.070305
vn 0.509169 0.857790 -0.070305
vn 0.509169 0.857790 -0.070305
vn 0.509169 0.857790 -0.070305
vn -0.339358 0.753857 0.562615
vn -0.339358 0.753857 0.562615
vn -0.339358 0.753857 0.562615
vn -0.339358 0.753857 0.562615
vn -0.339358 0.753857 0.562615
vn -0.339358 0.753857 0.562615
vn -0.517466 -0.855577 0.014714
vn -0.517466 -0.855577 0.014714
vn -0.517466 -0.855577 0.014714
vn -0.517466 -0.855577 0.014714
vn -0.517466 -0.855577 0.014714
vn -0.517466 -0.855577 0.014714
vn 0.406924 -0.832666 -0.375606
vn 0.406924 -0.832666 -0.375606
vn 0.406924 -0.832666 -0.375606
vn 0.406924 -0.832666 -0.375606
vn 0.406924 -0.832666 -0.375606
vn 0.406924 -0.832666 -0.375606
vn 0.604447 0.775821 0.180955
vn 0.604447 0.775821 0.180955
vn 0.604447 0.775821 0.180955
vn 0.604447 0.775821 0.180955
vn 0.604447 0.775821 0.180955
vn 0.604447 0.775821 0.180955
vn -0.221810 0.451117 0.864462
vn -0.221810 0.451117 0.864462
vn -0.221810 0.451117 0.864462
vn -0.221810 0.451117 0.864462
vn -0.221810 0.451117 0.864462
vn -0.221810 0.451117 0.864462
vn -0.689324 -0.586472 -0.425303
vn -0.689324 -0.586472 -0.425303
vn -0.689324 -0.586472 -0.425303
vn -0.689324 -0.586472 -0.425303
vn -0.689324 -0.586472 -0.425303
vn -0.689324 -0.586472 -0.425303
vn 0.251217 -0.588803 -0.768246
vn 0.251217 -0.588803 -0.768246
vn 0.251217 -0.588803 -0.768246
vn 0.251217 -0.588803 -0.768246
vn 0.251217 -0.588803 -0.768246
vn 0.251217 -0.588803 -0.768246
vn 0.724079 0.438052 0.532748
vn 0.724079 0.438052 0.532748
vn 0.724079 0.438052 0.532748
vn 0.724079 0.438052 0.532748
vn 0.724079 0.438052 0.532748
vn 0.724079 0.438052 0.532748
vn -0.229100 0.061695 0.971446
vn -0.229100 0.061695 0.971446
vn -0.229100 0.061695 0.971446
vn -0.229100 0.061695 0.971446
vn -0.229100 0.061695 0.971446
vn -0.229100 0.061695 0.971446
vn -0.738048 0.026333 -0.674234
vn -0.738048 0.026333 -0.674234
vn -0.738048 0.026333 -0.674234
vn -0.738048 0.026333 -0.674234
vn -0.738048 0.026333 -0.674234
vn -0.738048 0.026333 -0.674234
vn 0.225850 -0.104768 -0.968512
vn 0.225850 -0.104768 -0.968512
vn 0.225850 -0.104768 -0.968512
vn 0.225850 -0.104768 -0.968512
vn 0.225850 -0.104768 -0.968512
vn 0.225850 -0.104768 -0.968512
vn 0.733799 -0.058879 0.676810
vn 0.733799 -0.058879 0.676810
vn 0.733799 -0.058879 0.676810
vn 0.733799 -0.058879 0.676810
vn 0.733799 -0.058879 0.676810
vn 0.733799 -0.058879 0.676810
vn -0.835919 -0.453608 0.308998
vn -0.835919 -0.453608 0.308998
vn -0.835919 -0.453608 0.308998
vn -0.835919 -0.453608 0.308998
vn -0.835919 -0.453608 0.308998
vn -0.835919 -0.453608 0.308998
vn 0.769740 -0.612925 0.178391
vn 0.769740 -0.612925 0.178391
vn 0.769740 -0.612925 0.178391
vn 0.769740 -0.612925 0.178391
vn 0.769740 -0.612925 0.178391
vn 0.769740 -0.612925 0.178391
vn 0.839768 0.173049 -0.514629
vn 0.839768 0.173049 -0.514629
vn 0.839768 0.173049 -0.514629
vn 0.839768 0.173049 -0.514629
vn 0.839768 0.173049 -0.514629
vn 0.839768 0.173049 -0.514629
vn -0.855157 0.350961 -0.381488
vn -0.855157 0.350961 -0.381488
vn -0.855157 0.350961 -0.381488
vn -0.855157 0.350961 -0.381488
vn -0.855157 0.350961 -0.381488
vn -0.855157 0.350961 -0.381488
vn -0.828720 -0.260496 0.495344
vn -0.828720 -0.260496 0.495344
vn -0.828720 -0.260496 0.495344
vn -0.828720 -0.260496 0.495344
vn -0.828720 -0.260496 0.495344
vn -0.828720 -0.260496 0.495344
vn 0.842425 -0.340182 0.417847
vn 0.842425 -0.340182 0.417847
vn 0.842425 -0.340182 0.417847
vn 0.842425 -0.340182 0.417847
vn 0.842425 -0.340182 0.417847
vn 0.842425 -0.340182 0.417847
vn 0.802119 -0.101757 -0.588431
vn 0.802119 -0.101757 -0.588431
vn 0.802119 -0.101757 -0.588431
vn 0.802119 -0.101757 -0.588431
vn 0.802119 -0.101757 -0.588431
vn 0.802119 -0.101757 -0.588431
vn -0.857488 -0.023332 -0.513975
vn -0.857488 -0.023332 -0.513975
vn -0.857488 -0.023332 -0.513975
vn -0.857488 -0.023332 -0.513975
vn -0.857488 -0.023332 -0.513975
vn -0.857488 -0.023332 -0.513975
vn -0.824637 -0.144049 0.547013
vn -0.824637 -0.144049 0.547013
vn -0.824637 -0.144049 0.547013
vn -0.824637 -0.144049 0.547013
vn -0.824637 -0.144049 0.547013
vn -0.824637 -0.144049 0.547013
vn 0.866898 -0.130344 0.481144
vn 0.866898 -0.130344 0.481144
vn 0.866898 -0.130344 0.481144
vn 0.866898 -0.130344 0.481144
vn 0.866898 -0.130344 0.481144
vn 0.866898 -0.130344 0.481144
vn 0.820042 -0.173455 -0.545384
vn 0.820042 -0.173455 -0.545384
vn 0.820042 -0.173455 -0.545384
vn 0.820042 -0.173455 -0.545384
vn 0.820042 -0.173455 -0.545384
vn 0.820042 -0.173455 -0.545384
vn -0.856396 -0.189041 -0.480469
vn -0.856396 -0.189041 -0.480469
vn -0.856396 -0.189041 -0.480469
vn -0.856396 -0.189041 -0.480469
vn -0.856396 -0.189041 -0.480469
vn -0.856396 -0.189041 -0.480469
vn -0.820292 -0.127361 0.557585
vn -0.820292 -0.127361 0.557585
vn -0.820292 -0.127361 0.557585
vn -0.820292 -0.127361 0.557585
vn -0.820292 -0.127361 0.557585
vn -0.820292 -0.127361 0.557585
vn 0.873089 -0.028783 0.486711
vn 0.873089 -0.028783 0.486711
vn 0.873089 -0.028783 0.486711
vn 0.873089 -0.028783 0.486711
vn 0.873089 -0.028783 0.486711
vn 0.873089 -0.028783 0.486711
vn 0.833307 -0.137751 -0.535374
vn 0.833307 -0.137751 -0.535374
vn 0.833307 -0.137751 -0.535374
vn 0.833307 -0.137751 -0.535374
vn 0.833307 -0.137751 -0.535374
vn 0.833307 -0.137751 -0.535374
vn -0.852904 -0.236947 -0.465200
vn -0.852904 -0.236947 -0.465200
vn -0.852904 -0.236947 -0.465200
vn -0.852904 -0.236947 -0.465200
vn -0.852904 -0.236947 -0.465200
vn -0.852904 -0.236947 -0.465200
vn -0.810437 -0.177535 0.558277
vn -0.810437 -0.177535 0.558277
vn -0.810437 -0.177535 0.558277
vn -0.810437 -0.177535 0.558277
vn -0.810437 -0.177535 0.558277
vn -0.810437 -0.177535 0.558277
vn 0.877081 0.013591 0.480150
vn 0.877081 0.013591 0.480150
vn 0.877081 0.013591 0.480150
vn 0.877081 0.013591 0.480150
vn 0.877081 0.013591 0.480150
vn 0.877081 0.013591 0.480150
vn 0.834720 -0.044413 -0.548881
vn 0.834720 -0.044413 -0.548881
vn 0.834720 -0.044413 -0.548881
vn 0.834720 -0.044413 -0.548881
vn 0.834720 -0.044413 -0.548881
vn 0.834720 -0.044413 -0.548881
vn -0.849616 -0.236200 -0.471553
vn -0.849616 -0.236200 -0.471553
vn -0.849616 -0.236200 -0.471553
vn -0.849616 -0.236200 -0.471553
vn -0.849616 -0.236200 -0.471553
vn -0.849616 -0.236200 -0.471553
vn -0.788699 -0.283208 0.545662
vn -0.788699 -0.283208 0.545662
vn -0.788699 -0.283208 0.545662
vn -0.788699 -0.283208 0.545662
vn -0.788699 -0.283208 0.545662
vn -0.788699 -0.283208 0.545662
vn 0.883202 0.026183 0.468262
vn 0.883202 0.026183 0.468262
vn 0.883202 0.026183 0.468262
vn 0.883202 0.026183 0.468262
vn 0.883202 0.026183 0.468262
vn 0.883202 0.026183 0.468262
vn 0.819272 0.113336 -0.562093
vn 0.819272 0.113336 -0.562093
vn 0.819272 0.113336 -0.562093
vn 0.819272 0.113336 -0.562093
vn 0.819272 0.113336 -0.562093
vn 0.819272 0.113336 -0.562093
vn -0.851431 -0.197806 -0.485735
vn -0.851431 -0.197806 -0.485735
vn -0.851431 -0.197806 -0.485735
vn -0.851431 -0.197806 -0.485735
vn -0.851431 -0.197806 -0.485735
vn -0.851431 -0.197806 -0.485735
vn -0.748104 -0.433979 0.501998
vn -0.748104 -0.433979 0.501998
vn -0.748104 -0.433979 0.501998
vn -0.748104 -0.433979 0.501998
vn -0.748104 -0.433979 0.501998
vn -0.748104 -0.433979 0.501998
vn 0.890299 0.031966 0.454254
vn 0.890299 0.031966 0.454254
vn 0.890299 0.031966 0.454254
vn 0.890299 0.031966 0.454254
vn 0.890299 0.031966 0.454254
vn 0.890299 0.031966 0.454254
vn 0.772752 0.345086 -0.532700
vn 0.772752 0.345086 -0.532700
vn 0.772752 0.345086 -0.532700
vn 0.772752 0.345086 -0.532700
vn 0.772752 0.345086 -0.532700
vn 0.772752 0.345086 -0.532700
vn -0.864287 -0.125253 -0.487154
vn -0.864287 -0.125253 -0.487154
vn -0.864287 -0.125253 -0.487154
vn -0.864287 -0.125253 -0.487154
vn -0.864287 -0.125253 -0.487154
vn -0.864287 -0.125253 -0.487154
vn -0.687757 -0.597077 0.412903
vn -0.687757 -0.597077 0.412903
vn -0.687757 -0.597077 0.412903
vn -0.687757 -0.597077 0.412903
vn -0.687757 -0.597077 0.412903
vn -0.687757 -0.597077 0.412903
vn 0.888358 0.049774 0.456445
vn 0.888358 0.049774 0.456445
vn 0.888358 0.049774 0.456445
vn 0.888358 0.049774 0.456445
vn 0.888358 0.049774 0.456445
vn 0.888358 0.049774 0.456445
vn 0.679956 0.615156 -0.399052
vn 0.679956 0.615156 -0.399052
vn 0.679956 0.615156 -0.399052
vn 0.679956 0.615156 -0.399052
vn 0.679956 0.615156 -0.399052
vn 0.679956 0.615156 -0.399052
vn -0.892131 -0.041389 -0.449876
vn -0.892131 -0.041389 -0.449876
vn -0.892131 -0.041389 -0.449876
vn -0.892131 -0.041389 -0.449876
vn -0.892131 -0.041389 -0.449876
vn -0.892131 -0.041389 -0.449876
vn -0.610096 -0.742817 0.275691
vn -0.610096 -0.742817 0.275691
vn -0.610096 -0.742817 0.275691
vn -0.610096 -0.742817 0.275691
vn -0.610096 -0.742817 0.275691
vn -0.610096 -0.742817 0.275691
vn 0.869138 0.060539 0.490850
vn 0.869138 0.060539 0.490850
vn 0.869138 0.060539 0.490850
vn 0.869138 0.060539 0.490850
vn 0.869138 0.060539 0.490850
vn 0.869138 0.060539 0.490850
vn 0.547471 0.824608 -0.142464
vn 0.547471 0.824608 -0.142464
vn 0.547471 0.824608 -0.142464
vn 0.547471 0.824608 -0.142464
vn 0.547471 0.824608 -0.142464
vn 0.547471 0.824608 -0.142464
vn -0.927556 0.008200 -0.373593
vn -0.927556 0.008200 -0.373593
vn -0.927556 0.008200 -0.373593
vn -0.927556 0.008200 -0.373593
vn -0.927556 0.008200 -0.373593
vn -0.927556 0.008200 -0.373593
vn -0.517921 -0.850837 0.088510
vn -0.517921 -0.850837 0.088510
vn -0.517921 -0.850837 0.088510
vn -0.517921 -0.850837 0.088510
vn -0.517921 -0.850837 0.088510
vn -0.517921 -0.850837 0.088510
vn 0.841054 0.038689 0.539565
vn 0.841054 0.038689 0.539565
vn 0.841054 0.038689 0.539565
vn 0.841054 0.038689 0.539565
vn 0.841054 0.038689 0.539565
vn 0.841054 0.038689 0.539565
vn 0.402719 0.899280 0.170626
vn 0.402719 0.899280 0.170626
vn 0.402719 0.899280 0.170626
vn 0.402719 0.899280 0.170626
vn 0.402719 0.899280 0.170626
vn 0.402719 0.899280 0.170626
vn -0.954377 0.000008 -0.298603
vn -0.954377 0.000008 -0.298603
vn -0.954377 0.000008 -0.298603
vn -0.954377 0.000008 -0.298603
vn -0.954377 0.000008 -0.298603
vn -0.954377 0.000008 -0.298603
vn -0.420982 -0.898612 -0.123573
vn -0.420982 -0.898612 -0.123573
vn -0.420982 -0.898612 -0.123573
vn -0.420982 -0.898612 -0.123573
vn -0.420982 -0.898612 -0.123573
vn -0.420982 -0.898612 -0.123573
vn 0.800352 -0.013377 0.599382
vn 0.800352 -0.013377 0.599382
vn 0.800352 -0.013377 0.599382
vn 0.800352 -0.013377 0.599382
vn 0.800352 -0.013377 0.599382
vn 0.800352 -0.013377 0.599382
vn 0.258863 0.843451 0.470723
vn 0.258863 0.843451 0.470723
vn 0.258863 0.843451 0.470723
vn 0.258863 0.843451 0.470723
vn 0.258863 0.843451 0.470723
vn 0.258863 0.843451 0.470723
vn -0.962943 -0.046124 -0.265731
vn -0.962943 -0.046124 -0.265731
vn -0.962943 -0.046124 -0.265731
vn -0.962943 -0.046124 -0.265731
vn -0.962943 -0.046124 -0.265731
vn -0.962943 -0.046124 -0.265731
vn -0.202247 -0.545721 0.813194
vn -0.202247 -0.545721 0.813194
vn -0.202247 -0.545721 0.813194
vn -0.202247 -0.545721 0.813194
vn -0.202247 -0.545721 0.813194
vn -0.202247 -0.545721 0.813194
vn 0.968732 0.141370 -0.203895
vn 0.968732 0.141370 -0.203895
vn 0.968732 0.141370 -0.203895
vn 0.968732 0.141370 -0.203895
vn 0.968732 0.141370 -0.203895
vn 0.968732 0.141370 -0.203895
vn 0.233445 0.356217 -0.904772
vn 0.233445 0.356217 -0.904772
vn 0.233445 0.356217 -0.904772
vn 0.233445 0.356217 -0.904772
vn 0.233445 0.356217 -0.904772
vn 0.233445 0.356217 -0.904772
vn -0.932193 -0.338493 0.128209
vn -0.932193 -0.338493 0.128209
vn -0.932193 -0.338493 0.128209
vn -0.932193 -0.338493 0.128209
vn -0.932193 -0.338493 0.128209
vn -0.932193 -0.338493 0.128209
vn -0.227118 -0.389181 0.892724
vn -0.227118 -0.389181 0.892724
vn -0.227118 -0.389181 0.892724
vn -0.227118 -0.389181 0.892724
vn -0.227118 -0.389181 0.892724
vn -0.227118 -0.389181 0.892724
vn 0.971664 0.024311 -0.235113
vn 0.971664 0.024311 -0.235113
vn 0.971664 0.024311 -0.235113
vn 0.971664 0.024311 -0.235113
vn 0.971664 0.024311 -0.235113
vn 0.971664 0.024311 -0.235113
vn 0.246721 0.141150 -0.958752
vn 0.246721 0.141150 -0.958752
vn 0.246721 0.141150 -0.958752
vn 0.246721 0.141150 -0.958752
vn 0.246721 0.141150 -0.958752
vn 0.246721 0.141150 -0.958752
vn -0.944551 -0.277156 0.176091
vn -0.944551 -0.277156 0.176091
vn -0.944551 -0.277156 0.176091
vn -0.944551 -0.277156 0.176091
vn -0.944551 -0.277156 0.176091
vn -0.944551 -0.277156 0.176091
vn -0.238897 -0.173521 0.955415
vn -0.238897 -0.173521 0.955415
vn -0.238897 -0.173521 0.955415
vn -0.238897 -0.173521 0.955415
vn -0.238897 -0.173521 0.955415
vn -0.238897 -0.173521 0.955415
vn 0.954008 -0.163588 -0.251213
vn 0.954008 -0.163588 -0.251213
vn 0.954008 -0.163588 -0.251213
vn 0.954008 -0.163588 -0.251213
vn 0.954008 -0.163588 -0.251213
vn 0.954008 -0.163588 -0.251213
vn 0.224477 -0.108153 -0.968459
vn 0.224477 -0.108153 -0.968459
vn 0.224477 -0.108153 -0.968459
vn 0.224477 -0.108153 -0.968459
vn 0.224477 -0.108153 -0.968459
vn 0.224477 -0.108153 -0.968459
vn -0.961968 -0.130213 0.240130
vn -0.961968 -0.130213 0.240130
vn -0.961968 -0.130213 0.240130
vn -0.961968 -0.130213 0.240130
vn -0.961968 -0.130213 0.240130
vn -0.961968 -0.130213 0.240130
vn -0.210232 0.070106 0.975135
vn -0.210232 0.070106 0.975135
vn -0.210232 0.070106 0.975135
vn -0.210232 0.070106 0.975135
vn -0.210232 0.070106 0.975135
vn -0.210232 0.070106 0.975135
vn 0.888558 -0.395965 -0.231683
vn 0.888558 -0.395965 -0.231683
vn 0.888558 -0.395965 -0.231683
vn 0.888558 -0.395965 -0.231683
vn 0.888558 -0.395965 -0.231683
vn 0.888558 -0.395965 -0.231683
vn 0.148323 -0.332240 -0.931459
vn 0.148323 -0.332240 -0.931459
vn 0.148323 -0.332240 -0.931459
vn 0.148323 -0.332240 -0.931459
vn 0.148323 -0.332240 -0.931459
vn 0.148323 -0.332240 -0.931459
vn -0.954907 0.103579 0.278253
vn -0.954907 0.103579 0.278253
vn -0.954907 0.103579 0.278253
vn -0.954907 0.103579 0.278253
vn -0.954907 0.103579 0.278253
vn -0.954907 0.103579 0.278253
vn -0.131396 0.277484 0.951703
vn -0.131396 0.277484 0.951703
vn -0.131396 0.277484 0.951703
vn -0.131396 0.277484 0.951703
vn -0.131396 0.277484 0.951703
vn -0.131396 0.277484 0.951703
vn 0.769159 -0.612845 -0.181150
vn 0.769159 -0.612845 -0.181150
vn 0.769159 -0.612845 -0.181150
vn 0.769159 -0.612845 -0.181150
vn 0.769159 -0.612845 -0.181150
vn 0.769159 -0.612845 -0.181150
vn 0.037803 -0.469998 -0.881858
vn 0.037803 -0.469998 -0.881858
vn 0.037803 -0.469998 -0.881858
vn 0.037803 -0.469998 -0.881858
vn 0.037803 -0.469998 -0.881858
vn 0.037803 -0.469998 -0.881858
vn -0.889877 0.370463 0.266225
vn -0.889877 0.370463 0.266225
vn -0.889877 0.370463 0.266225
vn -0.889877 0.370463 0.266225
vn -0.889877 0.370463 0.266225
vn -0.889877 0.370463 0.266225
vn -0.028650 0.403184 0.914670
vn -0.028650 0.403184 0.914670
vn -0.028650 0.403184 0.914670
vn -0.028650 0.403184 0.914670
vn -0.028650 0.403184 0.914670
vn -0.028650 0.403184 0.914670
vn 0.622474 -0.771545 -0.131319
vn 0.622474 -0.771545 -0.131319
vn 0.622474 -0.771545 -0.131319
vn 0.622474 -0.771545 -0.131319
vn 0.622474 -0.771545 -0.131319
vn 0.622474 -0.771545 -0.131319
vn -0.063162 -0.514232 -0.855322
vn -0.063162 -0.514232 -0.855322
vn -0.063162 -0.514232 -0.855322
vn -0.063162 -0.514232 -0.855322
vn -0.063162 -0.514232 -0.855322
vn -0.063162 -0.514232 -0.855322
vn -0.765040 0.605652 0.218859
vn -0.765040 0.605652 0.218859
vn -0.765040 0.605652 0.218859
vn -0.765040 0.605652 0.218859
vn -0.765040 0.605652 0.218859
vn -0.765040 0.605652 0.218859
vn 0.058116 0.448388 0.891948
vn 0.058116 0.448388 0.891948
vn 0.058116 0.448388 0.891948
vn 0.058116 0.448388 0.891948
vn 0.058116 0.448388 0.891948
vn 0.058116 0.448388 0.891948
vn 0.479044 -0.871735 -0.102928
vn 0.479044 -0.871735 -0.102928
vn 0.479044 -0.871735 -0.102928
vn 0.479044 -0.871735 -0.102928
vn 0.479044 -0.871735 -0.102928
vn 0.479044 -0.871735 -0.102928
vn -0.119614 -0.494995 -0.860623
vn -0.119614 -0.494995 -0.860623
vn -0.119614 -0.494995 -0.860623
vn -0.119614 -0.494995 -0.860623
vn -0.119614 -0.494995 -0.860623
vn -0.119614 -0.494995 -0.860623
vn -0.601891 0.781780 0.162933
vn -0.601891 0.781780 0.162933
vn -0.601891 0.781780 0.162933
vn -0.601891 0.781780 0.162933
vn -0.601891 0.781780 0.162933
vn -0.601891 0.781780 0.162933
vn 0.097846 0.441291 0.892014
vn 0.097846 0.441291 0.892014
vn 0.097846 0.441291 0.892014
vn 0.097846 0.441291 0.892014
vn 0.097846 0.441291 0.892014
vn 0.097846 0.441291 0.892014
vn 0.357245 -0.929438 -0.092305
vn 0.357245 -0.929438 -0.092305
vn 0.357245 -0.929438 -0.092305
vn 0.357245 -0.929438 -0.092305
vn 0.357245 -0.929438 -0.092305
vn 0.357245 -0.929438 -0.092305
vn -0.111006 -0.447437 -0.887399
vn -0.111006 -0.447437 -0.887399
vn -0.111006 -0.447437 -0.887399
vn -0.111006 -0.447437 -0.887399
vn -0.111006 -0.447437 -0.887399
vn -0.111006 -0.447437 -0.887399
vn -0.417101 0.901863 0.112564
vn -0.417101 0.901863 0.112564
vn -0.417101 0.901863 0.112564
vn -0.417101 0.901863 0.112564
vn -0.417101 0.901863 0.112564
vn -0.417101 0.901863 0.112564
vn 0.086875 0.421109 0.902840
vn 0.086875 0.421109 0.902840
vn 0.086875 0.421109 0.902840
vn 0.086875 0.421109 0.902840
vn 0.086875 0.421109 0.902840
vn 0.086875 0.421109 0.902840
vn 0.256213 -0.963360 -0.079323
vn 0.256213 -0.963360 -0.079323
vn 0.256213 -0.963360 -0.079323
vn 0.256213 -0.963360 -0.079323
vn 0.256213 -0.963360 -0.079323
vn 0.256213 -0.963360 -0.079323
vn -0.042439 -0.410276 -0.910973
vn -0.042439 -0.410276 -0.910973
vn -0.042439 -0.410276 -0.910973
vn -0.042439 -0.410276 -0.910973
vn -0.042439 -0.410276 -0.910973
vn -0.042439 -0.410276 -0.910973
vn -0.211944 0.974667 0.071442
vn -0.211944 0.974667 0.071442
vn -0.211944 0.974667 0.071442
vn -0.211944 0.974667 0.071442
vn -0.211944 0.974667 0.071442
vn -0.211944 0.974667 0.071442
vn 0.058893 0.418852 0.906143
vn 0.058893 0.418852 0.906143
vn 0.058893 0.418852 0.906143
vn 0.058893 0.418852 0.906143
vn 0.058893 0.418852 0.906143
vn 0.058893 0.418852 0.906143
vn 0.145476 -0.988263 -0.046605
vn 0.145476 -0.988263 -0.046605
vn 0.145476 -0.988263 -0.046605
vn 0.145476 -0.988263 -0.046605
vn 0.145476 -0.988263 -0.046605
vn 0.145476 -0.988263 -0.046605
vn 0.041790 -0.415513 -0.908627
vn 0.041790 -0.415513 -0.908627
vn 0.041790 -0.415513 -0.908627
vn 0.041790 -0.415513 -0.908627
vn 0.041790 -0.415513 -0.908627
vn 0.041790 -0.415513 -0.908627
vn 0.021871 0.998878 0.041998
vn 0.021871 0.998878 0.041998
vn 0.021871 0.998878 0.041998
vn 0.021871 0.998878 0.041998
vn 0.021871 0.998878 0.041998
vn 0.021871 0.998878 0.041998
vn 0.072272 0.435816 0.897129
vn 0.072272 0.435816 0.897129
vn 0.072272 0.435816 0.897129
vn 0.072272 0.435816 0.897129
vn 0.072272 0.435816 0.897129
vn 0.072272 0.435816 0.897129
vn -0.024835 -0.999686 -0.003477
vn -0.024835 -0.999686 -0.003477
vn -0.024835 -0.999686 -0.003477
vn -0.024835 -0.999686 -0.003477
vn -0.024835 -0.999686 -0.003477
vn -0.024835 -0.999686 -0.003477
vn 0.069260 -0.466559 -0.881774
vn 0.069260 -0.466559 -0.881774
vn 0.069260 -0.466559 -0.881774
vn 0.069260 -0.466559 -0.881774
vn 0.069260 -0.466559 -0.881774
vn 0.069260 -0.466559 -0.881774
vn 0.296475 0.954653 0.027226
vn 0.296475 0.954653 0.027226
vn 0.296475 0.954653 0.027226
vn 0.296475 0.954653 0.027226
vn 0.296475 0.954653 0.027226
vn 0.296475 0.954653 0.027226
vn 0.201161 0.415107 0.887254
vn 0.201161 0.415107 0.887254
vn 0.201161 0.415107 0.887254
vn 0.201161 0.415107 0.887254
vn 0.201161 0.415107 0.887254
vn 0.201161 0.415107 0.887254
vn -0.314286 -0.949268 0.010697
vn -0.314286 -0.949268 0.010697
vn -0.314286 -0.949268 0.010697
vn -0.314286 -0.949268 0.010697
vn -0.314286 -0.949268 0.010697
vn -0.314286 -0.949268 0.010697
vn -0.045946 -0.509482 -0.859254
vn -0.045946 -0.509482 -0.859254
vn -0.045946 -0.509482 -0.859254
vn -0.045946 -0.509482 -0.859254
vn -0.045946 -0.509482 -0.859254
vn -0.045946 -0.509482 -0.859254
vn 0.614589 0.788442 0.025295
vn 0.614589 0.788442 0.025295
vn 0.614589 0.788442 0.025295
vn 0.614589 0.788442 0.025295
vn 0.614589 0.788442 0.025295
vn 0.614589 0.788442 0.025295
vn 0.455102 0.195373 0.868742
vn 0.455102 0.195373 0.868742
vn 0.455102 0.195373 0.868742
vn 0.455102 0.195373 0.868742
vn 0.455102 0.195373 0.868742
vn 0.455102 0.195373 0.868742
vn -0.758843 -0.651248 -0.005683
vn -0.758843 -0.651248 -0.005683
vn -0.758843 -0.651248 -0.005683
vn -0.758843 -0.651248 -0.005683
vn -0.758843 -0.651248 -0.005683
vn -0.758843 -0.651248 -0.005683
vn -0.355950 -0.347165 -0.867627
vn -0.355950 -0.347165 -0.867627
vn -0.355950 -0.347165 -0.867627
vn -0.355950 -0.347165 -0.867627
vn -0.355950 -0.347165 -0.867627
vn -0.355950 -0.347165 -0.867627
vn 0.901971 0.431771 -0.004591
vn 0.901971 0.431771 -0.004591
vn 0.901971 0.431771 -0.004591
vn 0.901971 0.431771 -0.004591
vn 0.901971 0.431771 -0.004591
vn 0.901971 0.431771 -0.004591
vn 0.601234 -0.248690 0.759388
vn 0.601234 -0.248690 0.759388
vn 0.601234 -0.248690 0.759388
vn 0.601234 -0.248690 0.759388
vn 0.601234 -0.248690 0.759388
vn 0.601234 -0.248690 0.759388
vn -0.989096 -0.099807 0.108298
vn -0.989096 -0.099807 0.108298
vn -0.989096 -0.099807 0.108298
vn -0.989096 -0.099807 0.108298
vn -0.989096 -0.099807 0.108298
vn -0.989096 -0.099807 0.108298
vn -0.598867 0.206226 -0.773841
vn -0.598867 0.206226 -0.773841
vn -0.598867 0.206226 -0.773841
vn -0.598867 0.206226 -0.773841
vn -0.598867 0.206226 -0.773841
vn -0.598867 0.206226 -0.773841
vn 0.991033 0.030431 -0.130105
vn 0.991033 0.030431 -0.130105
vn 0.991033 0.030431 -0.130105
vn 0.991033 0.030431 -0.130105
vn 0.991033 0.030431 -0.130105
vn 0.991033 0.030431 -0.130105
vn -0.814592 0.023750 0.579548
vn -0.814592 0.023750 0.579548
vn -0.814592 0.023750 0.579548
vn -0.814592 0.023750 0.579548
vn -0.814592 0.023750 0.579548
vn -0.814592 0.023750 0.579548
vn 0.832249 -0.344528 0.434353
vn 0.832249 -0.344528 0.434353
vn 0.832249 -0.344528 0.434353
vn 0.832249 -0.344528 0.434353
vn 0.832249 -0.344528 0.434353
vn 0.832249 -0.344528 0.434353
vn 0.745011 -0.317872 -0.586443
vn 0.745011 -0.317872 -0.586443
vn 0.745011 -0.317872 -0.586443
vn 0.745011 -0.317872 -0.586443
vn 0.745011 -0.317872 -0.586443
vn 0.745011 -0.317872 -0.586443
vn -0.894204 0.048622 -0.445012
vn -0.894204 0.048622 -0.445012
vn -0.894204 0.048622 -0.445012
vn -0.894204 0.048622 -0.445012
vn -0.894204 0.048622 -0.445012
vn -0.894204 0.048622 -0.445012
vn -0.820495 -0.020885 0.571272
vn -0.820495 -0.020885 0.571272
vn -0.820495 -0.020885 0.571272
vn -0.820495 -0.020885 0.571272
vn -0.820495 -0.020885 0.571272
vn -0.820495 -0.020885 0.571272
vn 0.833584 -0.349193 0.428022
vn 0.833584 -0.349193 0.428022
vn 0.833584 -0.349193 0.428022
vn 0.833584 -0.349193 0.428022
vn 0.833584 -0.349193 0.428022
vn 0.833584 -0.349193 0.428022
vn 0.763259 -0.258785 -0.592002
vn 0.763259 -0.258785 -0.592002
vn 0.763259 -0.258785 -0.592002
vn 0.763259 -0.258785 -0.592002
vn 0.763259 -0.258785 -0.592002
vn 0.763259 -0.258785 -0.592002
vn -0.889821 0.069293 -0.451017
vn -0.889821 0.069293 -0.451017
vn -0.889821 0.069293 -0.451017
vn -0.889821 0.069293 -0.451017
vn -0.889821 0.069293 -0.451017
vn -0.889821 0.069293 -0.451017
vn -0.825934 -0.072808 0.559046
vn -0.825934 -0.072808 0.559046
vn -0.825934 -0.072808 0.559046
vn -0.825934 -0.072808 0.559046
vn -0.825934 -0.072808 0.559046
vn -0.825934 -0.072808 0.559046
vn 0.842167 -0.335322 0.422272
vn 0.842167 -0.335322 0.422272
vn 0.842167 -0.335322 0.422272
vn 0.842167 -0.335322 0.422272
vn 0.842167 -0.335322 0.422272
vn 0.842167 -0.335322 0.422272
vn 0.782176 -0.189950 -0.593396
vn 0.782176 -0.189950 -0.593396
vn 0.782176 -0.189950 -0.593396
vn 0.782176 -0.189950 -0.593396
vn 0.782176 -0.189950 -0.593396
vn 0.782176 -0.189950 -0.593396
vn -0.885757 0.072543 -0.458445
vn -0.885757 0.072543 -0.458445
vn -0.885757 0.072543 -0.458445
vn -0.885757 0.072543 -0.458445
vn -0.885757 0.072543 -0.458445
vn -0.885757 0.072543 -0.458445
vn -0.829151 -0.137247 0.541914
vn -0.829151 -0.137247 0.541914
vn -0.829151 -0.137247 0.541914
vn -0.829151 -0.137247 0.541914
vn -0.829151 -0.137247 0.541914
vn -0.829151 -0.137247 0.541914
vn 0.854746 -0.304936 0.420029
vn 0.854746 -0.304936 0.420029
vn 0.854746 -0.304936 0.420029
vn 0.854746 -0.304936 0.420029
vn 0.854746 -0.304936 0.420029
vn 0.854746 -0.304936 0.420029
vn 0.802459 -0.102642 -0.587814
vn 0.802459 -0.102642 -0.587814
vn 0.802459 -0.102642 -0.587814
vn 0.802459 -0.102642 -0.587814
vn 0.802459 -0.102642 -0.587814
vn 0.802459 -0.102642 -0.587814
vn -0.881593 0.065058 -0.467506
vn -0.881593 0.065058 -0.467506
vn -0.881593 0.065058 -0.467506
vn -0.881593 0.065058 -0.467506
vn -0.881593 0.065058 -0.467506
vn -0.881593 0.065058 -0.467506
vn -0.827902 -0.218874 0.516403
vn -0.827902 -0.218874 0.516403
vn -0.827902 -0.218874 0.516403
vn -0.827902 -0.218874 0.516403
vn -0.827902 -0.218874 0.516403
vn -0.827902 -0.218874 0.516403
vn 0.869031 -0.255457 0.423706
vn 0.869031 -0.255457 0.423706
vn 0.869031 -0.255457 0.423706
vn 0.869031 -0.255457 0.423706
vn 0.869031 -0.255457 0.423706
vn 0.869031 -0.255457 0.423706
vn 0.821071 0.013033 -0.570678
vn 0.821071 0.013033 -0.570678
vn 0.821071 0.013033 -0.570678
vn 0.821071 0.013033 -0.570678
vn 0.821071 0.013033 -0.570678
vn 0.821071 0.013033 -0.570678
vn -0.876207 0.049543 -0.479381
vn -0.876207 0.049543 -0.479381
vn -0.876207 0.049543 -0.479381
vn -0.876207 0.049543 -0.479381
vn -0.876207 0.049543 -0.479381
vn -0.876207 0.049543 -0.479381
vn -0.817701 -0.321428 0.477544
vn -0.817701 -0.321428 0.477544
vn -0.817701 -0.321428 0.477544
vn -0.817701 -0.321428 0.477544
vn -0.817701 -0.321428 0.477544
vn -0.817701 -0.321428 0.477544
vn 0.880162 -0.181889 0.438442
vn 0.880162 -0.181889 0.438442
vn 0.880162 -0.181889 0.438442
vn 0.880162 -0.181889 0.438442
vn 0.880162 -0.181889 0.438442
vn 0.880162 -0.181889 0.438442
vn 0.829598 0.167498 -0.532646
vn 0.829598 0.167498 -0.532646
vn 0.829598 0.167498 -0.532646
vn 0.829598 0.167498 -0.532646
vn 0.829598 0.167498 -0.532646
vn 0.829598 0.167498 -0.532646
vn -0.868557 0.027558 -0.494823
vn -0.868557 0.027558 -0.494823
vn -0.868557 0.027558 -0.494823
vn -0.868557 0.027558 -0.494823
vn -0.868557 0.027558 -0.494823
vn -0.868557 0.027558 -0.494823
vn -0.791526 -0.444133 0.419800
vn -0.791526 -0.444133 0.419800
vn -0.791526 -0.444133 0.419800
vn -0.791526 -0.444133 0.419800
vn -0.791526 -0.444133 0.419800
vn -0.791526 -0.444133 0.419800
vn 0.877065 -0.080820 0.473525
vn 0.877065 -0.080820 0.473525
vn 0.877065 -0.080820 0.473525
vn 0.877065 -0.080820 0.473525
vn 0.877065 -0.080820 0.473525
vn 0.877065 -0.080820 0.473525
vn 0.810215 0.365181 -0.458471
vn 0.810215 0.365181 -0.458471
vn 0.810215 0.365181 -0.458471
vn 0.810215 0.365181 -0.458471
vn 0.810215 0.365181 -0.458471
vn 0.810215 0.365181 -0.458471
vn -0.858013 0.000369 -0.513628
vn -0.858013 0.000369 -0.513628
vn -0.858013 0.000369 -0.513628
vn -0.858013 0.000369 -0.513628
vn -0.858013 0.000369 -0.513628
vn -0.858013 0.000369 -0.513628
vn -0.742113 -0.577582 0.340098
vn -0.742113 -0.577582 0.340098
vn -0.742113 -0.577582 0.340098
vn -0.742113 -0.577582 0.340098
vn -0.742113 -0.577582 0.340098
vn -0.742113 -0.577582 0.340098
vn 0.840991 0.038853 0.539653
vn 0.840991 0.038853 0.539653
vn 0.840991 0.038853 0.539653
vn 0.840991 0.038853 0.539653
vn 0.840991 0.038853 0.539653
vn 0.840991 0.038853 0.539653
vn 0.736554 0.589248 -0.332076
vn 0.736554 0.589248 -0.332076
vn 0.736554 0.589248 -0.332076
vn 0.736554 0.589248 -0.332076
vn 0.736554 0.589248 -0.332076
vn 0.736554 0.589248 -0.332076
vn -0.844741 -0.031145 -0.534269
vn -0.844741 -0.031145 -0.534269
vn -0.844741 -0.031145 -0.534269
vn -0.844741 -0.031145 -0.534269
vn -0.844741 -0.031145 -0.534269
vn -0.844741 -0.031145 -0.534269
vn -0.665071 -0.707476 0.239079
vn -0.665071 -0.707476 0.239079
vn -0.665071 -0.707476 0.239079
vn -0.665071 -0.707476 0.239079
vn -0.665071 -0.707476 0.239079
vn -0.665071 -0.707476 0.239079
vn 0.758631 0.144299 0.635340
vn 0.758631 0.144299 0.635340
vn 0.758631 0.144299 0.635340
vn 0.758631 0.144299 0.635340
vn 0.758631 0.144299 0.635340
vn 0.758631 0.144299 0.635340
vn 0.592002 0.791084 -0.154011
vn 0.592002 0.791084 -0.154011
vn 0.592002 0.791084 -0.154011
vn 0.592002 0.791084 -0.154011
vn 0.592002 0.791084 -0.154011
vn 0.592002 0.791084 -0.154011
vn -0.829403 -0.066258 -0.554707
vn -0.829403 -0.066258 -0.554707
vn -0.829403 -0.066258 -0.554707
vn -0.829403 -0.066258 -0.554707
vn -0.829403 -0.066258 -0.554707
vn -0.829403 -0.066258 -0.554707
vn -0.562234 -0.817852 0.122515
vn -0.562234 -0.817852 0.122515
vn -0.562234 -0.817852 0.122515
vn -0.562234 -0.817852 0.122515
vn -0.562234 -0.817852 0.122515
vn -0.562234 -0.817852 0.122515
vn 0.647947 0.198302 0.735419
vn 0.647947 0.198302 0.735419
vn 0.647947 0.198302 0.735419
vn 0.647947 0.198302 0.735419
vn 0.647947 0.198302 0.735419
vn 0.647947 0.198302 0.735419
vn 0.397436 0.916575 0.043982
vn 0.397436 0.916575 0.043982
vn 0.397436 0.916575 0.043982
vn 0.397436 0.916575 0.043982
vn 0.397436 0.916575 0.043982
vn 0.397436 0.916575 0.043982
vn -0.813024 -0.102509 -0.573135
vn -0.813024 -0.102509 -0.573135
vn -0.813024 -0.102509 -0.573135
vn -0.813024 -0.102509 -0.573135
vn -0.813024 -0.102509 -0.573135
vn -0.813024 -0.102509 -0.573135
vn -0.453074 -0.891404 0.011059
vn -0.453074 -0.891404 0.011059
vn -0.453074 -0.891404 0.011059
vn -0.453074 -0.891404 0.011059
vn -0.453074 -0.891404 0.011059
vn -0.453074 -0.891404 0.011059
vn 0.547324 0.199879 0.812702
vn 0.547324 0.199879 0.812702
vn 0.547324 0.199879 0.812702
vn 0.547324 0.199879 0.812702
vn 0.547324 0.199879 0.812702
vn 0.547324 0.199879 0.812702
vn 0.204268 0.954404 0.217685
vn 0.204268 0.954404 0.217685
vn 0.204268 0.954404 0.217685
vn 0.204268 0.954404 0.217685
vn 0.204268 0.954404 0.217685
vn 0.204268 0.954404 0.217685
vn -0.797960 -0.136124 -0.587137
vn -0.797960 -0.136124 -0.587137
vn -0.797960 -0.136124 -0.587137
vn -0.797960 -0.136124 -0.587137
vn -0.797960 -0.136124 -0.587137
vn -0.797960 -0.136124 -0.587137
vn -0.933242 -0.346941 -0.093226
vn -0.933242 -0.346941 -0.093226
vn -0.933242 -0.346941 -0.093226
vn -0.933242 -0.346941 -0.093226
vn -0.933242 -0.346941 -0.093226
vn -0.933242 -0.346941 -0.093226
vn 0.528242 -0.463517 0.711415
vn 0.528242 -0.463517 0.711415
vn 0.528242 -0.463517 0.711415
vn 0.528242 -0.463517 0.711415
vn 0.528242 -0.463517 0.711415
vn 0.528242 -0.463517 0.711415
vn 0.997270 -0.010449 -0.073099
vn 0.997270 -0.010449 -0.073099
vn 0.997270 -0.010449 -0.073099
vn 0.997270 -0.010449 -0.073099
vn 0.997270 -0.010449 -0.073099
vn 0.997270 -0.010449 -0.073099
vn -0.471702 0.103675 -0.875642
vn -0.471702 0.103675 -0.875642
vn -0.471702 0.103675 -0.875642
vn -0.471702 0.103675 -0.875642
vn -0.471702 0.103675 -0.875642
vn -0.471702 0.103675 -0.875642
vn -0.957291 -0.283281 -0.057846
vn -0.957291 -0.283281 -0.057846
vn -0.957291 -0.283281 -0.057846
vn -0.957291 -0.283281 -0.057846
vn -0.957291 -0.283281 -0.057846
vn -0.957291 -0.283281 -0.057846
vn 0.521261 -0.453213 0.723108
vn 0.521261 -0.453213 0.723108
vn 0.521261 -0.453213 0.723108
vn 0.521261 -0.453213 0.723108
vn 0.521261 -0.453213 0.723108
vn 0.521261 -0.453213 0.723108
vn 0.996339 -0.033704 -0.078568
vn 0.996339 -0.033704 -0.078568
vn 0.996339 -0.033704 -0.078568
vn 0.996339 -0.033704 -0.078568
vn 0.996339 -0.033704 -0.078568
vn 0.996339 -0.033704 -0.078568
vn -0.486190 0.137606 -0.862951
vn -0.486190 0.137606 -0.862951
vn -0.486190 0.137606 -0.862951
vn -0.486190 0.137606 -0.862951
vn -0.486190 0.137606 -0.862951
vn -0.486190 0.137606 -0.862951
vn -0.973035 -0.229494 -0.023147
vn -0.973035 -0.229494 -0.023147
vn -0.973035 -0.229494 -0.023147
vn -0.973035 -0.229494 -0.023147
vn -0.973035 -0.229494 -0.023147
vn -0.973035 -0.229494 -0.023147
vn 0.510351 -0.408948 0.756508
vn 0.510351 -0.408948 0.756508
vn 0.510351 -0.408948 0.756508
vn 0.510351 -0.408948 0.756508
vn 0.510351 -0.408948 0.756508
vn 0.510351 -0.408948 0.756508
vn 0.993016 -0.082084 -0.084745
vn 0.993016 -0.082084 -0.084745
vn 0.993016 -0.082084 -0.084745
vn 0.993016 -0.082084 -0.084745
vn 0.993016 -0.082084 -0.084745
vn 0.993016 -0.082084 -0.084745
vn -0.489534 0.099542 -0.866284
vn -0.489534 0.099542 -0.866284
vn -0.489534 0.099542 -0.866284
vn -0.489534 0.099542 -0.866284
vn -0.489534 0.099542 -0.866284
vn -0.489534 0.099542 -0.866284
vn -0.980498 -0.196479 0.004442
vn -0.980498 -0.196479 0.004442
vn -0.980498 -0.196479 0.004442
vn -0.980498 -0.196479 0.004442
vn -0.980498 -0.196479 0.004442
vn -0.980498 -0.196479 0.004442
vn 0.502008 -0.325964 0.801084
vn 0.502008 -0.325964 0.801084
vn 0.502008 -0.325964 0.801084
vn 0.502008 -0.325964 0.801084
vn 0.502008 -0.325964 0.801084
vn 0.502008 -0.325964 0.801084
vn 0.988998 -0.126380 -0.076888
vn 0.988998 -0.126380 -0.076888
vn 0.988998 -0.126380 -0.076888
vn 0.988998 -0.126380 -0.076888
vn 0.988998 -0.126380 -0.076888
vn 0.988998 -0.126380 -0.076888
vn -0.487595 0.004151 -0.873060
vn -0.487595 0.004151 -0.873060
vn -0.487595 0.004151 -0.873060
vn -0.487595 0.004151 -0.873060
vn -0.487595 0.004151 -0.873060
vn -0.487595 0.004151 -0.873060
vn -0.979629 -0.199565 0.022371
vn -0.979629 -0.199565 0.022371
vn -0.979629 -0.199565 0.022371
vn -0.979629 -0.199565 0.022371
vn -0.979629 -0.199565 0.022371
vn -0.979629 -0.199565 0.022371
vn 0.499612 -0.209201 0.840608
vn 0.499612 -0.209201 0.840608
vn 0.499612 -0.209201 0.840608
vn 0.499612 -0.209201 0.840608
vn 0.499612 -0.209201 0.840608
vn 0.499612 -0.209201 0.840608
vn 0.990543 -0.126224 -0.053772
vn 0.990543 -0.126224 -0.053772
vn 0.990543 -0.126224 -0.053772
vn 0.990543 -0.126224 -0.053772
vn 0.990543 -0.126224 -0.053772
vn 0.990543 -0.126224 -0.053772
vn -0.480018 -0.118857 -0.869170
vn -0.480018 -0.118857 -0.869170
vn -0.480018 -0.118857 -0.869170
vn -0.480018 -0.118857 -0.869170
vn -0.480018 -0.118857 -0.869170
vn -0.480018 -0.118857 -0.869170
vn -0.967196 -0.251590 0.035136
vn -0.967196 -0.251590 0.035136
vn -0.967196 -0.251590 0.035136
vn -0.967196 -0.251590 0.035136
vn -0.967196 -0.251590 0.035136
vn -0.967196 -0.251590 0.035136
vn 0.500221 -0.075601 0.862591
vn 0.500221 -0.075601 0.862591
vn 0.500221 -0.075601 0.862591
vn 0.500221 -0.075601 0.862591
vn 0.500221 -0.075601 0.862591
vn 0.500221 -0.075601 0.862591
vn 0.998227 -0.049648 -0.032825
vn 0.998227 -0.049648 -0.032825
vn 0.998227 -0.049648 -0.032825
vn 0.998227 -0.049648 -0.032825
vn 0.998227 -0.049648 -0.032825
vn 0.998227 -0.049648 -0.032825
vn -0.462411 -0.229222 -0.856524
vn -0.462411 -0.229222 -0.856524
vn -0.462411 -0.229222 -0.856524
vn -0.462411 -0.229222 -0.856524
vn -0.462411 -0.229222 -0.856524
vn -0.462411 -0.229222 -0.856524
vn -0.935071 -0.351269 0.047456
vn -0.935071 -0.351269 0.047456
vn -0.935071 -0.351269 0.047456
vn -0.935071 -0.351269 0.047456
vn -0.935071 -0.351269 0.047456
vn -0.935071 -0.351269 0.047456
vn 0.495871 0.056963 0.866526
vn 0.495871 0.056963 0.866526
vn 0.495871 0.056963 0.866526
vn 0.495871 0.056963 0.866526
vn 0.495871 0.056963 0.866526
vn 0.495871 0.056963 0.866526
vn 0.993357 0.110410 -0.032435
vn 0.993357 0.110410 -0.032435
vn 0.993357 0.110410 -0.032435
vn 0.993357 0.110410 -0.032435
vn 0.993357 0.110410 -0.032435
vn 0.993357 0.110410 -0.032435
vn -0.435798 -0.297873 -0.849324
vn -0.435798 -0.297873 -0.849324
vn -0.435798 -0.297873 -0.849324
vn -0.435798 -0.297873 -0.849324
vn -0.435798 -0.297873 -0.849324
vn -0.435798 -0.297873 -0.849324
vn -0.877832 -0.475646 0.056326
vn -0.877832 -0.475646 0.056326
vn -0.877832 -0.475646 0.056326
vn -0.877832 -0.475646 0.056326
vn -0.877832 -0.475646 0.056326
vn -0.877832 -0.475646 0.056326
vn 0.475327 0.178093 0.861596
vn 0.475327 0.178093 0.861596
vn 0.475327 0.178093 0.861596
vn 0.475327 0.178093 0.861596
vn 0.475327 0.178093 0.861596
vn 0.475327 0.178093 0.861596
vn 0.940435 0.336331 -0.049640
vn 0.940435 0.336331 -0.049640
vn 0.940435 0.336331 -0.049640
vn 0.940435 0.336331 -0.049640
vn 0.940435 0.336331 -0.049640
vn 0.940435 0.336331 -0.049640
vn -0.414732 -0.313550 -0.854215
vn -0.414732 -0.313550 -0.854215
vn -0.414732 -0.313550 -0.854215
vn -0.414732 -0.313550 -0.854215
vn -0.414732 -0.313550 -0.854215
vn -0.414732 -0.313550 -0.854215
vn -0.803114 -0.593169 0.056201
vn -0.803114 -0.593169 0.056201
vn -0.803114 -0.593169 0.056201
vn -0.803114 -0.593169 0.056201
vn -0.803114 -0.593169 0.056201
vn -0.803114 -0.593169 0.056201
vn 0.429234 0.274183 0.860571
vn 0.429234 0.274183 0.860571
vn 0.429234 0.274183 0.860571
vn 0.429234 0.274183 0.860571
vn 0.429234 0.274183 0.860571
vn 0.429234 0.274183 0.860571
vn 0.810838 0.582515 -0.056732
vn 0.810838 0.582515 -0.056732
vn 0.810838 0.582515 -0.056732
vn 0.810838 0.582515 -0.056732
vn 0.810838 0.582515 -0.056732
vn 0.810838 0.582515 -0.056732
vn -0.423677 -0.281783 -0.860869
vn -0.423677 -0.281783 -0.860869
vn -0.423677 -0.281783 -0.860869
vn -0.423677 -0.281783 -0.860869
vn -0.423677 -0.281783 -0.860869
vn -0.423677 -0.281783 -0.860869
vn -0.716635 -0.695849 0.047211
vn -0.716635 -0.695849 0.047211
vn -0.716635 -0.695849 0.047211
vn -0.716635 -0.695849 0.047211
vn -0.716635 -0.695849 0.047211
vn -0.716635 -0.695849 0.047211
vn 0.375600 0.318669 0.870273
vn 0.375600 0.318669 0.870273
vn 0.375600 0.318669 0.870273
vn 0.375600 0.318669 0.870273
vn 0.375600 0.318669 0.870273
vn 0.375600 0.318669 0.870273
vn 0.619312 0.784736 -0.025332
vn 0.619312 0.784736 -0.025332
vn 0.619312 0.784736 -0.025332
vn 0.619312 0.784736 -0.025332
vn 0.619312 0.784736 -0.025332
vn 0.619312 0.784736 -0.025332
vn -0.475504 -0.228333 -0.849564
vn -0.475504 -0.228333 -0.849564
vn -0.475504 -0.228333 -0.849564
vn -0.475504 -0.228333 -0.849564
vn -0.475504 -0.228333 -0.849564
vn -0.475504 -0.228333 -0.849564
vn -0.627012 -0.778415 0.030433
vn -0.627012 -0.778415 0.030433
vn -0.627012 -0.778415 0.030433
vn -0.627012 -0.778415 0.030433
vn -0.627012 -0.778415 0.030433
vn -0.627012 -0.778415 0.030433
vn 0.349059 0.312952 0.883300
vn 0.349059 0.312952 0.883300
vn 0.349059 0.312952 0.883300
vn 0.349059 0.312952 0.883300
vn 0.349059 0.312952 0.883300
vn 0.349059 0.312952 0.883300
vn 0.424241 0.904608 0.041281
vn 0.424241 0.904608 0.041281
vn 0.424241 0.904608 0.041281
vn 0.424241 0.904608 0.041281
vn 0.424241 0.904608 0.041281
vn 0.424241 0.904608 0.041281
vn -0.552751 -0.184692 -0.812622
vn -0.552751 -0.184692 -0.812622
vn -0.552751 -0.184692 -0.812622
vn -0.552751 -0.184692 -0.812622
vn -0.552751 -0.184692 -0.812622
vn -0.552751 -0.184692 -0.812622
vn -0.016874 0.977955 0.208131
vn -0.016874 0.977955 0.208131
vn -0.016874 0.977955 0.208131
vn -0.016874 0.977955 0.208131
vn -0.016874 0.977955 0.208131
vn -0.016874 0.977955 0.208131
vn 0.926784 -0.257904 0.273052
vn 0.926784 -0.257904 0.273052
vn 0.926784 -0.257904 0.273052
vn 0.926784 -0.257904 0.273052
vn 0.926784 -0.257904 0.273052
vn 0.926784 -0.257904 0.273052
vn -0.960166 0.116144 -0.254151
vn -0.960166 0.116144 -0.254151
vn -0.960166 0.116144 -0.254151
vn -0.960166 0.116144 -0.254151
vn -0.960166 0.116144 -0.254151
vn -0.960166 0.116144 -0.254151
vn -0.001371 -0.976886 -0.213756
vn -0.001371 -0.976886 -0.213756
vn -0.001371 -0.976886 -0.213756
vn -0.001371 -0.976886 -0.213756
vn -0.001371 -0.976886 -0.213756
vn -0.001371 -0.976886 -0.213756
vn -0.266455 -0.296264 0.917186
vn -0.266455 -0.296264 0.917186
vn -0.266455 -0.296264 0.917186
vn -0.266455 -0.296264 0.917186
vn -0.266455 -0.296264 0.917186
vn -0.266455 -0.296264 0.917186
vn 0.304255 0.289124 -0.907654
vn 0.304255 0.289124 -0.907654
vn 0.304255 0.289124 -0.907654
vn 0.304255 0.289124 -0.907654
vn 0.304255 0.289124 -0.907654
vn 0.304255 0.289124 -0.907654
vn 0.016872 0.977955 0.208131
vn 0.016872 0.977955 0.208131
vn 0.016872 0.977955 0.208131
vn 0.016872 0.977955 0.208131
vn 0.016872 0.977955 0.208131
vn 0.016872 0.977955 0.208131
vn -0.926784 -0.257904 0.273052
vn -0.926784 -0.257904 0.273052
vn -0.926784 -0.257904 0.273052
vn -0.926784 -0.257904 0.273052
vn -0.926784 -0.257904 0.273052
vn -0.926784 -0.257904 0.273052
vn 0.960166 0.116145 -0.254150
vn 0.960166 0.116145 -0.254150
vn 0.960166 0.116145 -0.254150
vn 0.960166 0.116145 -0.254150
vn 0.960166 0.116145 -0.254150
vn 0.960166 0.116145 -0.254150
vn 0.001375 -0.976886 -0.213756
vn 0.001375 -0.976886 -0.213756
vn 0.001375 -0.976886 -0.213756
vn 0.001375 -0.976886 -0.213756
vn 0.001375 -0.976886 -0.213756
vn 0.001375 -0.976886 -0.213756
vn 0.266452 -0.296264 0.917187
vn 0.266452 -0.296264 0.917187
vn 0.266452 -0.296264 0.917187
vn 0.266452 -0.296264 0.917187
vn 0.266452 -0.296264 0.917187
vn 0.266452 -0.296264 0.917187
vn -0.304253 0.289125 -0.907655
vn -0.304253 0.289125 -0.907655
vn -0.304253 0.289125 -0.907655
vn -0.304253 0.289125 -0.907655
vn -0.304253 0.289125 -0.907655
vn -0.304253 0.289125 -0.907655
vn 0.041631 0.980875 0.190137
vn 0.041631 0.980875 0.190137
vn 0.041631 0.980875 0.190137
vn 0.041631 0.980875 0.190137
vn 0.041631 0.980875 0.190137
vn 0.041631 0.980875 0.190137
vn -0.041616 -0.980874 -0.190144
vn -0.041616 -0.980874 -0.190144
vn -0.041616 -0.980874 -0.190144
vn -0.041616 -0.980874 -0.190144
vn -0.041616 -0.980874 -0.190144
vn -0.041616 -0.980874 -0.190144
vn -0.302145 -0.169037 0.938155
vn -0.302145 -0.169037 0.938155
vn -0.302145 -0.169037 0.938155
vn -0.302145 -0.169037 0.938155
vn -0.302145 -0.169037 0.938155
vn -0.302145 -0.169037 0.938155
vn -0.952353 0.096503 -0.289327
vn -0.952353 0.096503 -0.289327
vn -0.952353 0.096503 -0.289327
vn -0.952353 0.096503 -0.289327
vn -0.952353 0.096503 -0.289327
vn -0.952353 0.096503 -0.289327
vn 0.302144 0.169039 -0.938155
vn 0.302144 0.169039 -0.938155
vn 0.302144 0.169039 -0.938155
vn 0.302144 0.169039 -0.938155
vn 0.302144 0.169039 -0.938155
vn 0.302144 0.169039 -0.938155
vn 0.952353 -0.096503 0.289329
vn 0.952353 -0.096503 0.289329
vn 0.952353 -0.096503 0.289329
vn 0.952353 -0.096503 0.289329
vn 0.952353 -0.096503 0.289329
vn 0.952353 -0.096503 0.289329
vn -0.041624 0.980875 0.190137
vn -0.041624 0.980875 0.190137
vn -0.041624 0.980875 0.190137
vn -0.041624 0.980875 0.190137
vn -0.041624 0.980875 0.190137
vn -0.041624 0.980875 0.190137
vn 0.041628 -0.980873 -0.190144
vn 0.041628 -0.980873 -0.190144
vn 0.041628 -0.980873 -0.190144
vn 0.041628 -0.980873 -0.190144
vn 0.041628 -0.980873 -0.190144
vn 0.041628 -0.980873 -0.190144
vn 0.302145 -0.169037 0.938155
vn 0.302145 -0.169037 0.938155
vn 0.302145 -0.169037 0.938155
vn 0.302145 -0.169037 0.938155
vn 0.302145 -0.169037 0.938155
vn 0.302145 -0.169037 0.938155
vn 0.952353 0.096502 -0.289327
vn 0.952353 0.096502 -0.289327
vn 0.952353 0.096502 -0.289327
vn 0.952353 0.096502 -0.289327
vn 0.952353 0.096502 -0.289327
vn 0.952353 0.096502 -0.289327
vn -0.302146 0.169038 -0.938154
vn -0.302146 0.169038 -0.938154
vn -0.302146 0.169038 -0.938154
vn -0.302146 0.169038 -0.938154
vn -0.302146 0.169038 -0.938154
vn -0.302146 0.169038 -0.938154
vn -0.952353 -0.096503 0.289328
vn -0.952353 -0.096503 0.289328
vn -0.952353 -0.096503 0.289328
vn -0.952353 -0.096503 0.289328
vn -0.952353 -0.096503 0.289328
vn -0.952353 -0.096503 0.289328
vt 0.000000 1.000000
vt 0.000000 1.000000
vt 0.000000 1.000000
vt 0.000000 1.000000
vt 0.000000 1.000000
vt 0.000000 1.000000
vt 0.000000 1.000000
vt 0.000000 1.000000
vt 0.000000 1.000000
vt 0.000000 1.000000
vt 0.000000 1.000000
vt 0.000000 1.000000
vt 0.000000 1.000000
vt 0.000000 1.000000
vt 0.000000 1.000000
vt 0.000000 1.000000
vt 0.000000 1.000000
vt 0.000000 1.000000
vt 0.000000 1.000000
vt 0.000000 1.000000
vt 0.000000 1.000000
vt 0.000000 1.000000
vt 0.000000 1.000000
vt 0.000000 1.000000
vt 0.000000 1.000000
vt 0.000000 1.000000
vt 0.000000 1.000000
vt 0.000000 1.000000
vt 0.000000 1.000000
vt 0.000000 1.000000
vt 0.000000 1.000000
vt 0.000000 1.000000
vt 0.000000 1.000000
vt 0.000000 1.000000
vt 0.000000 1.000000
vt 0.000000 1.000000
vt 0.000000 1.000000
vt 0.000000 1.000000
vt 0.000000 1.000000
vt 0.000000 1.000000
vt 0.000000 1.000000
vt 0.000000 1.000000
vt 0.000000 1.000000
vt 0.000000 1.000000
vt 0.000000 1.000000
vt 0.000000 1.000000
vt 0.000000 1.000000
vt 0.000000 1.000000
vt 0.000000 1.000000
vt 0.000000 1.000000
vt 0.000000 1.000000
vt 0.000000 1.000000
vt 0.000000 1.000000
vt 0.000000 1.000000
vt 0.000000 1.000000
vt 0.000000 1.000000
vt 0.000000 1.000000
vt 0.000000 1.000000
vt 0.000000 1.000000
vt 0.000000 1.000000
vt 0.000000 1.000000
vt 0.000000 1.000000
vt 0.000000 1.000000
vt 0.000000 1.000000
vt 0.000000 1.000000
vt 0.000000 1.000000
vt 0.000000 1.000000
vt 0.000000 1.000000
vt 0.000000 1.000000
vt 0.000000 1.000000
vt 0.000000 1.000000
vt 0.000000 1.000000
vt 0.000000 1.000000
vt 0.000000 1.000000
vt 0.000000 1.000000
vt 0.000000 1.000000
vt 0.000000 1.000000
vt 0.000000 1.000000
vt 0.000000 1.000000
vt 0.000000 1.000000
vt 0.000000 1.000000
vt 0.000000 1.000000
vt 0.000000 1.000000
vt 0.000000 1.000000
vt 0.000000 1.000000
vt 0.000000 1.000000
vt 0.000000 1.000000
vt 0.000000 1.000000
vt 0.000000 1.000000
vt 0.000000 1.000000
vt 0.000000 1.000000
vt 0.000000 1.000000
vt 0.000000 1.000000
vt 0.000000 1.000000
vt 0.000000 1.000000
vt 0.000000 1.000000
vt 0.000000 1.000000
vt 0.000000 1.000000
vt 0.000000 1.000000
vt 0.000000 1.000000
vt 0.000000 1.000000
vt 0.000000 1.000000
vt 0.000000 1.000000
vt 0.000000 1.000000
vt 0.000000 1.000000
vt 0.000000 1.000000
vt 0.000000 1.000000
vt 0.000000 1.000000
vt 0.000000 1.000000
vt 0.000000 1.000000
vt 0.000000 1.000000
vt 0.000000 1.000000
vt 0.000000 1.000000
vt 0.000000 1.000000
vt 0.000000 1.000000
vt 0.000000 1.000000
vt 0.000000 1.000000
vt 0.000000 1.000000
vt 0.000000 1.000000
vt 0.000000 1.000000
vt 0.000000 1.000000
vt 0.000000 1.000000
vt 0.000000 1.000000
vt 0.000000 1.000000
vt 0.000000 1.000000
vt 0.000000 1.000000
vt 0.000000 1.000000
vt 0.000000 1.000000
vt 0.000000 1.000000
vt 0.000000 1.000000
vt 0.000000 1.000000
vt 0.000000 1.000000
vt 0.000000 1.000000
vt 0.000000 1.000000
vt 0.000000 1.000000
vt 0.000000 1.000000
vt 0.000000 1.000000
vt 0.000000 1.000000
vt 0.000000 1.000000
vt 0.000000 1.000000
vt 0.000000 1.000000
vt 0.000000 1.000000
vt 0.000000 1.000000
vt 0.000000 1.000000
vt 0.000000 1.000000
vt 0.000000 1.000000
vt 0.000000 1.000000
vt 0.000000 1.000000
vt 0.000000 1.000000
vt 0.000000 1.000000
vt 0.000000 1.000000
vt 0.000000 1.000000
vt 0.000000 1.000000
vt 0.000000 1.000000
vt 0.000000 1.000000
vt 0.000000 1.000000
vt 0.000000 1.000000
vt 0.000000 1.000000
vt 0.000000 1.000000
vt 0.000000 1.000000
vt 0.000000 1.000000
vt 0.000000 1.000000
vt 0.000000 1.000000
vt 0.000000 1.000000
vt 0.000000 1.000000
vt 0.000000 1.000000
vt 0.000000 1.000000
vt 0.000000 1.000000
vt 0.000000 1.000000
vt 0.000000 1.000000
vt 0.000000 1.000000
vt 0.000000 1.000000
vt 0.000000 1.000000
vt 0.000000 1.000000
vt 0.000000 1.000000
vt 0.000000 1.000000
vt 0.000000 1.000000
vt 0.000000 1.000000
vt 0.000000 1.000000
vt 0.000000 1.000000
vt 0.000000 1.000000
vt 0.000000 1.000000
vt 0.000000 1.000000
vt 0.000000 1.000000
vt 0.000000 1.000000
vt 0.000000 1.000000
vt 0.000000 1.000000
vt 0.000000 1.000000
vt 0.000000 1.000000
vt 0.000000 1.000000
vt 0.000000 1.000000
vt 0.000000 1.000000
vt 0.000000 1.000000
vt 0.000000 1.000000
vt 0.000000 1.000000
vt 0.000000 1.000000
vt 0.000000 1.000000
vt 0.000000 1.000000
vt 0.000000 1.000000
vt 0.000000 1.000000
vt 0.000000 1.000000
vt 0.000000 1.000000
vt 0.000000 1.000000
vt 0.000000 1.000000
vt 0.000000 1.000000
vt 0.000000 1.000000
vt 0.000000 1.000000
vt 0.000000 1.000000
vt 0.000000 1.000000
vt 0.000000 1.000000
vt 0.000000 1.000000
vt 0.000000 1.000000
vt 0.000000 1.000000
vt 0.000000 1.000000
vt 0.000000 1.000000
vt 0.000000 1.000000
vt 0.000000 1.000000
vt 0.000000 1.000000
vt 0.000000 1.000000
vt 0.000000 1.000000
vt 0.000000 1.000000
vt 0.000000 1.000000
vt 0.000000 1.000000
vt 0.000000 1.000000
vt 0.000000 1.000000
vt 0.000000 1.000000
vt 0.000000 1.000000
vt 0.000000 1.000000
vt 0.000000 1.000000
vt 0.000000 1.000000
vt 0.000000 1.000000
vt 0.000000 1.000000
vt 0.000000 1.000000
vt 0.000000 1.000000
vt 0.000000 1.000000
vt 0.000000 1.000000
vt 0.000000 1.000000
vt 0.000000 1.000000
vt 0.000000 1.000000
vt 0.000000 1.000000
vt 0.000000 1.000000
vt 0.000000 1.000000
vt 0.000000 1.000000
vt 0.000000 1.000000
vt 0.000000 1.000000
vt 0.000000 1.000000
vt 0.000000 1.000000
vt 0.000000 1.000000
vt 0.000000 1.000000
vt 0.000000 1.000000
vt 0.000000 1.000000
vt 0.000000 1.000000
vt 0.000000 1.000000
vt 0.000000 1.000000
vt 0.000000 1.000000
vt 0.000000 1.000000
vt 0.000000 1.000000
vt 0.000000 1.000000
vt 0.000000 1.000000
vt 0.000000 1.000000
vt 0.000000 1.000000
vt 0.000000 1.000000
vt 0.000000 1.000000
vt 0.000000 1.000000
vt 0.000000 1.000000
vt 0.000000 1.000000
vt 0.000000 1.000000
vt 0.000000 1.000000
vt 0.000000 1.000000
vt 0.000000 1.000000
vt 0.000000 1.000000
vt 0.000000 1.000000
vt 0.000000 1.000000
vt 0.000000 1.000000
vt 0.000000 1.000000
vt 0.000000 1.000000
vt 0.000000 1.000000
vt 0.000000 1.000000
vt 0.000000 1.000000
vt 0.000000 1.000000
vt 0.000000 1.000000
vt 0.000000 1.000000
vt 0.000000 1.000000
vt 0.000000 1.000000
vt 0.000000 1.000000
vt 0.000000 1.000000
vt 0.000000 1.000000
vt 0.000000 1.000000
vt 0.000000 1.000000
vt 0.000000 1.000000
vt 0.000000 1.000000
vt 0.000000 1.000000
vt 0.000000 1.000000
vt 0.000000 1.000000
vt 0.000000 1.000000
vt 0.000000 1.000000
vt 0.000000 1.000000
vt 0.000000 1.000000
vt 0.000000 1.000000
vt 0.000000 1.000000
vt 0.000000 1.000000
vt 0.000000 1.000000
vt 0.000000 1.000000
vt 0.000000 1.000000
vt 0.000000 1.000000
vt 0.000000 1.000000
vt 0.000000 1.000000
vt 0.000000 1.000000
vt 0.000000 1.000000
vt 0.000000 1.000000
vt 0.000000 1.000000
vt 0.000000 1.000000
vt 0.000000 1.000000
vt 0.000000 1.000000
vt 0.000000 1.000000
vt 0.000000 1.000000
vt 0.000000 1.000000
vt 0.000000 1.000000
vt 0.000000 1.000000
vt 0.000000 1.000000
vt 0.000000 1.000000
vt 0.000000 1.000000
vt 0.000000 1.000000
vt 0.000000 1.000000
vt 0.000000 1.000000
vt 0.000000 1.000000
vt 0.000000 1.000000
vt 0.000000 1.000000
vt 0.000000 1.000000
vt 0.000000 1.000000
vt 0.000000 1.000000
vt 0.000000 1.000000
vt 0.000000 1.000000
vt 0.000000 1.000000
vt 0.000000 1.000000
vt 0.000000 1.000000
vt 0.000000 1.000000
vt 0.000000 1.000000
vt 0.000000 1.000000
vt 0.000000 1.000000
vt 0.000000 1.000000
vt 0.000000 1.000000
vt 0.000000 1.000000
vt 0.000000 1.000000
vt 0.000000 1.000000
vt 0.000000 1.000000
vt 0.000000 1.000000
vt 0.000000 1.000000
vt 0.000000 1.000000
vt 0.000000 1.000000
vt 0.000000 1.000000
vt 0.000000 1.000000
vt 0.000000 1.000000
vt 0.000000 1.000000
vt 0.000000 1.000000
vt 0.000000 1.000000
vt 0.000000 1.000000
vt 0.000000 1.000000
vt 0.000000 1.000000
vt 0.000000 1.000000
vt 0.000000 1.000000
vt 0.000000 1.000000
vt 0.000000 1.000000
vt 0.000000 1.000000
vt 0.000000 1.000000
vt 0.000000 1.000000
vt 0.000000 1.000000
vt 0.000000 1.000000
vt 0.000000 1.000000
vt 0.000000 1.000000
vt 0.000000 1.000000
vt 0.000000 1.000000
vt 0.000000 1.000000
vt 0.000000 1.000000
vt 0.000000 1.000000
vt 0.000000 1.000000
vt 0.000000 1.000000
vt 0.000000 1.000000
vt 0.000000 1.000000
vt 0.000000 1.000000
vt 0.000000 1.000000
vt 0.000000 1.000000
vt 0.000000 1.000000
vt 0.000000 1.000000
vt 0.000000 1.000000
vt 0.000000 1.000000
vt 0.000000 1.000000
vt 0.000000 1.000000
vt 0.000000 1.000000
vt 0.000000 1.000000
vt 0.000000 1.000000
vt 0.000000 1.000000
vt 0.000000 1.000000
vt 0.000000 1.000000
vt 0.000000 1.000000
vt 0.000000 1.000000
vt 0.000000 1.000000
vt 0.000000 1.000000
vt 0.000000 1.000000
vt 0.000000 1.000000
vt 0.000000 1.000000
vt 0.000000 1.000000
vt 0.000000 1.000000
vt 0.000000 1.000000
vt 0.000000 1.000000
vt 0.000000 1.000000
vt 0.000000 1.000000
vt 0.000000 1.000000
vt 0.000000 1.000000
vt 0.000000 1.000000
vt 0.000000 1.000000
vt 0.000000 1.000000
vt 0.000000 1.000000
vt 0.000000 1.000000
vt 0.000000 1.000000
vt 0.000000 1.000000
vt 0.000000 1.000000
vt 0.000000 1.000000
vt 0.000000 1.000000
vt 0.000000 1.000000
vt 0.000000 1.000000
vt 0.000000 1.000000
vt 0.000000 1.000000
vt 0.000000 1.000000
vt 0.000000 1.000000
vt 0.000000 1.000000
vt 0.000000 1.000000
vt 0.000000 1.000000
vt 0.000000 1.000000
vt 0.000000 1.000000
vt 0.000000 1.000000
vt 0.000000 1.000000
vt 0.000000 1.000000
vt 0.000000 1.000000
vt 0.000000 1.000000
vt 0.000000 1.000000
vt 0.000000 1.000000
vt 0.000000 1.000000
vt 0.000000 1.000000
vt 0.000000 1.000000
vt 0.000000 1.000000
vt 0.000000 1.000000
vt 0.000000 1.000000
vt 0.000000 1.000000
vt 0.000000 1.000000
vt 0.000000 1.000000
vt 0.000000 1.000000
vt 0.000000 1.000000
vt 0.000000 1.000000
vt 0.000000 1.000000
vt 0.000000 1.000000
vt 0.000000 1.000000
vt 0.000000 1.000000
vt 0.000000 1.000000
vt 0.000000 1.000000
vt 0.000000 1.000000
vt 0.000000 1.000000
vt 0.000000 1.000000
vt 0.000000 1.000000
vt 0.000000 1.000000
vt 0.000000 1.000000
vt 0.000000 1.000000
vt 0.000000 1.000000
vt 0.000000 1.000000
vt 0.000000 1.000000
vt 0.000000 1.000000
vt 0.000000 1.000000
vt 0.000000 1.000000
vt 0.000000 1.000000
vt 0.000000 1.000000
vt 0.000000 1.000000
vt 0.000000 1.000000
vt 0.000000 1.000000
vt 0.000000 1.000000
vt 0.000000 1.000000
vt 0.000000 1.000000
vt 0.000000 1.000000
vt 0.000000 1.000000
vt 0.000000 1.000000
vt 0.000000 1.000000
vt 0.000000 1.000000
vt 0.000000 1.000000
vt 0.000000 1.000000
vt 0.000000 1.000000
vt 0.000000 1.000000
vt 0.000000 1.000000
vt 0.000000 1.000000
vt 0.000000 1.000000
vt 0.000000 1.000000
vt 0.000000 1.000000
vt 0.000000 1.000000
vt 0.000000 1.000000
vt 0.000000 1.000000
vt 0.000000 1.000000
vt 0.000000 1.000000
vt 0.000000 1.000000
vt 0.000000 1.000000
vt 0.000000 1.000000
vt 0.000000 1.000000
vt 0.000000 1.000000
vt 0.000000 1.000000
vt 0.000000 1.000000
vt 0.000000 1.000000
vt 0.000000 1.000000
vt 0.000000 1.000000
vt 0.000000 1.000000
vt 0.000000 1.000000
vt 0.000000 1.000000
vt 0.000000 1.000000
vt 0.000000 1.000000
vt 0.000000 1.000000
vt 0.000000 1.000000
vt 0.000000 1.000000
vt 0.000000 1.000000
vt 0.000000 1.000000
vt 0.000000 1.000000
vt 0.000000 1.000000
vt 0.000000 1.000000
vt 0.000000 1.000000
vt 0.000000 1.000000
vt 0.000000 1.000000
vt 0.000000 1.000000
vt 0.000000 1.000000
vt 0.000000 1.000000
vt 0.000000 1.000000
vt 0.000000 1.000000
vt 0.000000 1.000000
vt 0.000000 1.000000
vt 0.000000 1.000000
vt 0.000000 1.000000
vt 0.000000 1.000000
vt 0.000000 1.000000
vt 0.000000 1.000000
vt 0.000000 1.000000
vt 0.000000 1.000000
vt 0.000000 1.000000
vt 0.000000 1.000000
vt 0.000000 1.000000
vt 0.000000 1.000000
vt 0.000000 1.000000
vt 0.000000 1.000000
vt 0.000000 1.000000
vt 0.000000 1.000000
vt 0.000000 1.000000
vt 0.000000 1.000000
vt 0.000000 1.000000
vt 0.000000 1.000000
vt 0.000000 1.000000
vt 0.000000 1.000000
vt 0.000000 1.000000
vt 0.000000 1.000000
vt 0.000000 1.000000
vt 0.000000 1.000000
vt 0.000000 1.000000
vt 0.000000 1.000000
vt 0.000000 1.000000
vt 0.000000 1.000000
vt 0.000000 1.000000
vt 0.000000 1.000000
vt 0.000000 1.000000
vt 0.000000 1.000000
vt 0.000000 1.000000
vt 0.000000 1.000000
vt 0.000000 1.000000
vt 0.000000 1.000000
vt 0.000000 1.000000
vt 0.000000 1.000000
vt 0.000000 1.000000
vt 0.000000 1.000000
vt 0.000000 1.000000
vt 0.000000 1.000000
vt 0.000000 1.000000
vt 0.000000 1.000000
vt 0.000000 1.000000
vt 0.000000 1.000000
vt 0.000000 1.000000
vt 0.000000 1.000000
vt 0.000000 1.000000
vt 0.000000 1.000000
vt 0.000000 1.000000
vt 0.000000 1.000000
vt 0.000000 1.000000
vt 0.000000 1.000000
vt 0.000000 1.000000
vt 0.000000 1.000000
vt 0.000000 1.000000
vt 0.000000 1.000000
vt 0.000000 1.000000
vt 0.000000 1.000000
vt 0.000000 1.000000
vt 0.000000 1.000000
vt 0.000000 1.000000
vt 0.000000 1.000000
vt 0.000000 1.000000
vt 0.000000 1.000000
vt 0.000000 1.000000
vt 0.000000 1.000000
vt 0.000000 1.000000
vt 0.000000 1.000000
vt 0.000000 1.000000
vt 0.000000 1.000000
vt 0.000000 1.000000
vt 0.000000 1.000000
vt 0.000000 1.000000
vt 0.000000 1.000000
vt 0.000000 1.000000
vt 0.000000 1.000000
vt 0.000000 1.000000
vt 0.000000 1.000000
vt 0.000000 1.000000
vt 0.000000 1.000000
vt 0.000000 1.000000
vt 0.000000 1.000000
vt 0.000000 1.000000
vt 0.000000 1.000000
vt 0.000000 1.000000
vt 0.000000 1.000000
vt 0.000000 1.000000
vt 0.000000 1.000000
vt 0.000000 1.000000
vt 0.000000 1.000000
vt 0.000000 1.000000
vt 0.000000 1.000000
vt 0.000000 1.000000
vt 0.000000 1.000000
vt 0.000000 1.000000
vt 0.000000 1.000000
vt 0.000000 1.000000
vt 0.000000 1.000000
vt 0.000000 1.000000
vt 0.000000 1.000000
vt 0.000000 1.000000
vt 0.000000 1.000000
vt 0.000000 1.000000
vt 0.000000 1.000000
vt 0.000000 1.000000
vt 0.000000 1.000000
vt 0.000000 1.000000
vt 0.000000 1.000000
vt 0.000000 1.000000
vt 0.000000 1.000000
vt 0.000000 1.000000
vt 0.000000 1.000000
vt 0.000000 1.000000
vt 0.000000 1.000000
vt 0.000000 1.000000
vt 0.000000 1.000000
vt 0.000000 1.000000
vt 0.000000 1.000000
vt 0.000000 1.000000
vt 0.000000 1.000000
vt 0.000000 1.000000
vt 0.000000 1.000000
vt 0.000000 1.000000
vt 0.000000 1.000000
vt 0.000000 1.000000
vt 0.000000 1.000000
vt 0.000000 1.000000
vt 0.000000 1.000000
vt 0.000000 1.000000
vt 0.000000 1.000000
vt 0.000000 1.000000
vt 0.000000 1.000000
vt 0.000000 1.000000
vt 0.000000 1.000000
vt 0.000000 1.000000
vt 0.000000 1.000000
vt 0.000000 1.000000
vt 0.000000 1.000000
vt 0.000000 1.000000
vt 0.000000 1.000000
vt 0.000000 1.000000
vt 0.000000 1.000000
vt 0.000000 1.000000
vt 0.000000 1.000000
vt 0.000000 1.000000
vt 0.000000 1.000000
vt 0.000000 1.000000
vt 0.000000 1.000000
vt 0.000000 1.000000
vt 0.000000 1.000000
vt 0.000000 1.000000
vt 0.000000 1.000000
vt 0.000000 1.000000
vt 0.000000 1.000000
vt 0.000000 1.000000
vt 0.000000 1.000000
vt 0.000000 1.000000
vt 0.000000 1.000000
vt 0.000000 1.000000
vt 0.000000 1.000000
vt 0.000000 1.000000
vt 0.000000 1.000000
vt 0.000000 1.000000
vt 0.000000 1.000000
vt 0.000000 1.000000
vt 0.000000 1.000000
vt 0.000000 1.000000
vt 0.000000 1.000000
vt 0.000000 1.000000
vt 0.000000 1.000000
vt 0.000000 1.000000
vt 0.000000 1.000000
vt 0.000000 1.000000
vt 0.000000 1.000000
vt 0.000000 1.000000
vt 0.000000 1.000000
vt 0.000000 1.000000
vt 0.000000 1.000000
vt 0.000000 1.000000
vt 0.000000 1.000000
vt 0.000000 1.000000
vt 0.000000 1.000000
vt 0.000000 1.000000
vt 0.000000 1.000000
vt 0.000000 1.000000
vt 0.000000 1.000000
vt 0.000000 1.000000
vt 0.000000 1.000000
vt 0.000000 1.000000
vt 0.000000 1.000000
vt 0.000000 1.000000
vt 0.000000 1.000000
vt 0.000000 1.000000
vt 0.000000 1.000000
vt 0.000000 1.000000
vt 0.000000 1.000000
vt 0.000000 1.000000
vt 0.000000 1.000000
vt 0.000000 1.000000
vt 0.000000 1.000000
vt 0.000000 1.000000
vt 0.000000 1.000000
vt 0.000000 1.000000
vt 0.000000 1.000000
vt 0.000000 1.000000
vt 0.000000 1.000000
vt 0.000000 1.000000
vt 0.000000 1.000000
vt 0.000000 1.000000
vt 0.000000 1.000000
vt 0.000000 1.000000
vt 0.000000 1.000000
vt 0.000000 1.000000
vt 0.000000 1.000000
vt 0.000000 1.000000
vt 0.000000 1.000000
vt 0.000000 1.000000
vt 0.000000 1.000000
vt 0.000000 1.000000
vt 0.000000 1.000000
vt 0.000000 1.000000
vt 0.000000 1.000000
vt 0.000000 1.000000
vt 0.000000 1.000000
vt 0.000000 1.000000
vt 0.000000 1.000000
vt 0.000000 1.000000
vt 0.000000 1.000000
vt 0.000000 1.000000
vt 0.000000 1.000000
vt 0.000000 1.000000
vt 0.000000 1.000000
vt 0.000000 1.000000
vt 0.000000 1.000000
vt 0.000000 1.000000
vt 0.000000 1.000000
vt 0.000000 1.000000
vt 0.000000 1.000000
vt 0.000000 1.000000
vt 0.000000 1.000000
vt 0.000000 1.000000
vt 0.000000 1.000000
vt 0.000000 1.000000
vt 0.000000 1.000000
vt 0.000000 1.000000
vt 0.000000 1.000000
vt 0.000000 1.000000
vt 0.000000 1.000000
vt 0.000000 1.000000
vt 0.000000 1.000000
vt 0.000000 1.000000
vt 0.000000 1.000000
vt 0.000000 1.000000
vt 0.000000 1.000000
vt 0.000000 1.000000
vt 0.000000 1.000000
vt 0.000000 1.000000
vt 0.000000 1.000000
vt 0.000000 1.000000
vt 0.000000 1.000000
vt 0.000000 1.000000
vt 0.000000 1.000000
vt 0.000000 1.000000
vt 0.000000 1.000000
vt 0.000000 1.000000
vt 0.000000 1.000000
vt 0.000000 1.000000
vt 0.000000 1.000000
vt 0.000000 1.000000
vt 0.000000 1.000000
vt 0.000000 1.000000
vt 0.000000 1.000000
vt 0.000000 1.000000
vt 0.000000 1.000000
vt 0.000000 1.000000
vt 0.000000 1.000000
vt 0.000000 1.000000
vt 0.000000 1.000000
vt 0.000000 1.000000
vt 0.000000 1.000000
vt 0.000000 1.000000
vt 0.000000 1.000000
vt 0.000000 1.000000
vt 0.000000 1.000000
vt 0.000000 1.000000
vt 0.000000 1.000000
vt 0.000000 1.000000
vt 0.000000 1.000000
vt 0.000000 1.000000
vt 0.000000 1.000000
vt 0.000000 1.000000
vt 0.000000 1.000000
vt 0.000000 1.000000
vt 0.000000 1.000000
vt 0.000000 1.000000
vt 0.000000 1.000000
vt 0.000000 1.000000
vt 0.000000 1.000000
vt 0.000000 1.000000
vt 0.000000 1.000000
vt 0.000000 1.000000
vt 0.000000 1.000000
vt 0.000000 1.000000
vt 0.000000 1.000000
vt 0.000000 1.000000
vt 0.000000 1.000000
vt 0.000000 1.000000
vt 0.000000 1.000000
vt 0.000000 1.000000
vt 0.000000 1.000000
vt 0.000000 1.000000
vt 0.000000 1.000000
vt 0.000000 1.000000
vt 0.000000 1.000000
vt 0.000000 1.000000
vt 0.000000 1.000000
vt 0.000000 1.000000
vt 0.000000 1.000000
vt 0.000000 1.000000
vt 0.000000 1.000000
vt 0.000000 1.000000
vt 0.000000 1.000000
vt 0.000000 1.000000
vt 0.000000 1.000000
vt 0.000000 1.000000
vt 0.000000 1.000000
vt 0.000000 1.000000
vt 0.000000 1.000000
vt 0.000000 1.000000
vt 0.000000 1.000000
vt 0.000000 1.000000
vt 0.000000 1.000000
vt 0.000000 1.000000
vt 0.000000 1.000000
vt 0.000000 1.000000
vt 0.000000 1.000000
vt 0.000000 1.000000
vt 0.000000 1.000000
vt 0.000000 1.000000
vt 0.000000 1.000000
vt 0.000000 1.000000
vt 0.000000 1.000000
vt 0.000000 1.000000
vt 0.000000 1.000000
vt 0.000000 1.000000
vt 0.000000 1.000000
vt 0.000000 1.000000
vt 0.000000 1.000000
vt 0.000000 1.000000
vt 0.000000 1.000000
vt 0.000000 1.000000
vt 0.000000 1.000000
vt 0.000000 1.000000
vt 0.000000 1.000000
vt 0.000000 1.000000
vt 0.000000 1.000000
vt 0.000000 1.000000
vt 0.000000 1.000000
vt 0.000000 1.000000
vt 0.000000 1.000000
vt 0.000000 1.000000
vt 0.000000 1.000000
vt 0.000000 1.000000
vt 0.000000 1.000000
vt 0.000000 1.000000
vt 0.000000 1.000000
vt 0.000000 1.000000
vt 0.000000 1.000000
vt 0.000000 1.000000
vt 0.000000 1.000000
vt 0.000000 1.000000
vt 0.000000 1.000000
vt 0.000000 1.000000
vt 0.000000 1.000000
vt 0.000000 1.000000
vt 0.000000 1.000000
vt 0.000000 1.000000
vt 0.000000 1.000000
vt 0.000000 1.000000
vt 0.000000 1.000000
vt 0.000000 1.000000
vt 0.000000 1.000000
vt 0.000000 1.000000
vt 0.000000 1.000000
vt 0.000000 1.000000
vt 0.000000 1.000000
vt 0.000000 1.000000
vt 0.000000 1.000000
vt 0.000000 1.000000
vt 0.000000 1.000000
vt 0.000000 1.000000
vt 0.000000 1.000000
vt 0.000000 1.000000
vt 0.000000 1.000000
vt 0.000000 1.000000
vt 0.000000 1.000000
vt 0.000000 1.000000
vt 0.000000 1.000000
vt 0.000000 1.000000
vt 0.000000 1.000000
vt 0.000000 1.000000
vt 0.000000 1.000000
vt 0.000000 1.000000
vt 0.000000 1.000000
vt 0.000000 1.000000
vt 0.000000 1.000000
vt 0.000000 1.000000
vt 0.000000 1.000000
vt 0.000000 1.000000
vt 0.000000 1.000000
vt 0.000000 1.000000
vt 0.000000 1.000000
vt 0.000000 1.000000
vt 0.000000 1.000000
vt 0.000000 1.000000
vt 0.000000 1.000000
vt 0.000000 1.000000
vt 0.000000 1.000000
vt 0.000000 1.000000
vt 0.000000 1.000000
vt 0.000000 1.000000
vt 0.000000 1.000000
vt 0.000000 1.000000
vt 0.000000 1.000000
vt 0.000000 1.000000
vt 0.000000 1.000000
vt 0.000000 1.000000
vt 0.000000 1.000000
vt 0.000000 1.000000
vt 0.000000 1.000000
vt 0.000000 1.000000
vt 0.000000 1.000000
vt 0.000000 1.000000
vt 0.000000 1.000000
vt 0.000000 1.000000
vt 0.000000 1.000000
vt 0.000000 1.000000
vt 0.000000 1.000000
vt 0.000000 1.000000
vt 0.000000 1.000000
vt 0.000000 1.000000
vt 0.000000 1.000000
vt 0.000000 1.000000
vt 0.000000 1.000000
vt 0.000000 1.000000
vt 0.000000 1.000000
vt 0.000000 1.000000
vt 0.000000 1.000000
vt 0.000000 1.000000
vt 0.000000 1.000000
vt 0.000000 1.000000
vt 0.000000 1.000000
vt 0.000000 1.000000
vt 0.000000 1.000000
vt 0.000000 1.000000
vt 0.000000 1.000000
vt 0.000000 1.000000
vt 0.000000 1.000000
vt 0.000000 1.000000
vt 0.000000 1.000000
vt 0.000000 1.000000
vt 0.000000 1.000000
vt 0.000000 1.000000
vt 0.000000 1.000000
vt 0.000000 1.000000
vt 0.000000 1.000000
vt 0.000000 1.000000
vt 0.000000 1.000000
vt 0.000000 1.000000
vt 0.000000 1.000000
vt 0.000000 1.000000
vt 0.000000 1.000000
vt 0.000000 1.000000
vt 0.000000 1.000000
vt 0.000000 1.000000
vt 0.000000 1.000000
vt 0.000000 1.000000
vt 0.000000 1.000000
vt 0.000000 1.000000
vt 0.000000 1.000000
vt 0.000000 1.000000
vt 0.000000 1.000000
vt 0.000000 1.000000
vt 0.000000 1.000000
vt 0.000000 1.000000
vt 0.000000 1.000000
vt 0.000000 1.000000
vt 0.000000 1.000000
vt 0.000000 1.000000
vt 0.000000 1.000000
vt 0.000000 1.000000
vt 0.000000 1.000000
vt 0.000000 1.000000
vt 0.000000 1.000000
vt 0.000000 1.000000
vt 0.000000 1.000000
vt 0.000000 1.000000
vt 0.000000 1.000000
vt 0.000000 1.000000
vt 0.000000 1.000000
vt 0.000000 1.000000
vt 0.000000 1.000000
vt 0.000000 1.000000
vt 0.000000 1.000000
vt 0.000000 1.000000
vt 0.000000 1.000000
vt 0.000000 1.000000
vt 0.000000 1.000000
vt 0.000000 1.000000
vt 0.000000 1.000000
vt 0.000000 1.000000
vt 0.000000 1.000000
vt 0.000000 1.000000
vt 0.000000 1.000000
vt 0.000000 1.000000
vt 0.000000 1.000000
vt 0.000000 1.000000
vt 0.000000 1.000000
vt 0.000000 1.000000
vt 0.000000 1.000000
vt 0.000000 1.000000
vt 0.000000 1.000000
vt 0.000000 1.000000
vt 0.000000 1.000000
vt 0.000000 1.000000
vt 0.000000 1.000000
vt 0.000000 1.000000
vt 0.000000 1.000000
vt 0.000000 1.000000
vt 0.000000 1.000000
vt 0.000000 1.000000
vt 0.000000 1.000000
vt 0.000000 1.000000
vt 0.000000 1.000000
vt 0.000000 1.000000
vt 0.000000 1.000000
vt 0.000000 1.000000
vt 0.000000 1.000000
vt 0.000000 1.000000
vt 0.000000 1.000000
vt 0.000000 1.000000
vt 0.000000 1.000000
vt 0.000000 1.000000
vt 0.000000 1.000000
vt 0.000000 1.000000
vt 0.000000 1.000000
vt 0.000000 1.000000
vt 0.000000 1.000000
vt 0.000000 1.000000
vt 0.000000 1.000000
vt 0.000000 1.000000
vt 0.000000 1.000000
vt 0.000000 1.000000
vt 0.000000 1.000000
vt 0.000000 1.000000
vt 0.000000 1.000000
vt 0.000000 1.000000
vt 0.000000 1.000000
vt 0.000000 1.000000
vt 0.000000 1.000000
vt 0.000000 1.000000
vt 0.000000 1.000000
vt 0.000000 1.000000
vt 0.000000 1.000000
vt 0.000000 1.000000
vt 0.000000 1.000000
vt 0.000000 1.000000
vt 0.000000 1.000000
vt 0.000000 1.000000
vt 0.000000 1.000000
vt 0.000000 1.000000
vt 0.000000 1.000000
vt 0.000000 1.000000
vt 0.000000 1.000000
vt 0.000000 1.000000
vt 0.000000 1.000000
vt 0.000000 1.000000
vt 0.000000 1.000000
vt 0.000000 1.000000
vt 0.000000 1.000000
vt 0.000000 1.000000
vt 0.000000 1.000000
vt 0.000000 1.000000
vt 0.000000 1.000000
vt 0.000000 1.000000
vt 0.000000 1.000000
vt 0.000000 1.000000
vt 0.000000 1.000000
vt 0.000000 1.000000
vt 0.000000 1.000000
vt 0.000000 1.000000
vt 0.000000 1.000000
vt 0.000000 1.000000
vt 0.000000 1.000000
vt 0.000000 1.000000
vt 0.000000 1.000000
vt 0.000000 1.000000
vt 0.000000 1.000000
vt 0.000000 1.000000
vt 0.000000 1.000000
vt 0.000000 1.000000
vt 0.000000 1.000000
vt 0.000000 1.000000
vt 0.000000 1.000000
vt 0.000000 1.000000
vt 0.000000 1.000000
vt 0.000000 1.000000
vt 0.000000 1.000000
vt 0.000000 1.000000
vt 0.000000 1.000000
vt 0.000000 1.000000
vt 0.000000 1.000000
vt 0.000000 1.000000
vt 0.000000 1.000000
vt 0.000000 1.000000
vt 0.000000 1.000000
vt 0.000000 1.000000
vt 0.000000 1.000000
vt 0.000000 1.000000
vt 0.000000 1.000000
vt 0.000000 1.000000
vt 0.000000 1.000000
vt 0.000000 1.000000
vt 0.000000 1.000000
vt 0.000000 1.000000
vt 0.000000 1.000000
vt 0.000000 1.000000
vt 0.000000 1.000000
vt 0.000000 1.000000
vt 0.000000 1.000000
vt 0.000000 1.000000
vt 0.000000 1.000000
vt 0.000000 1.000000
vt 0.000000 1.000000
vt 0.000000 1.000000
vt 0.000000 1.000000
vt 0.000000 1.000000
vt 0.000000 1.000000
vt 0.000000 1.000000
vt 0.000000 1.000000
vt 0.000000 1.000000
vt 0.000000 1.000000
vt 0.000000 1.000000
vt 0.000000 1.000000
vt 0.000000 1.000000
vt 0.000000 1.000000
vt 0.000000 1.000000
vt 0.000000 1.000000
vt 0.000000 1.000000
vt 0.000000 1.000000
vt 0.000000 1.000000
vt 0.000000 1.000000
vt 0.000000 1.000000
vt 0.000000 1.000000
vt 0.000000 1.000000
vt 0.000000 1.000000
vt 0.000000 1.000000
vt 0.000000 1.000000
vt 0.000000 1.000000
vt 0.000000 1.000000
vt 0.000000 1.000000
vt 0.000000 1.000000
vt 0.000000 1.000000
vt 0.000000 1.000000
vt 0.000000 1.000000
vt 0.000000 1.000000
vt 0.000000 1.000000
vt 0.000000 1.000000
vt 0.000000 1.000000
vt 0.000000 1.000000
vt 0.000000 1.000000
vt 0.000000 1.000000
vt 0.000000 1.000000
vt 0.000000 1.000000
vt 0.000000 1.000000
vt 0.000000 1.000000
vt 0.000000 1.000000
vt 0.000000 1.000000
vt 0.000000 1.000000
vt 0.000000 1.000000
vt 0.000000 1.000000
vt 0.000000 1.000000
vt 0.000000 1.000000
vt 0.000000 1.000000
vt 0.000000 1.000000
vt 0.000000 1.000000
vt 0.000000 1.000000
vt 0.000000 1.000000
vt 0.000000 1.000000
vt 0.000000 1.000000
vt 0.000000 1.000000
vt 0.000000 1.000000
vt 0.000000 1.000000
vt 0.000000 1.000000
vt 0.000000 1.000000
vt 0.000000 1.000000
vt 0.000000 1.000000
vt 0.000000 1.000000
vt 0.000000 1.000000
vt 0.000000 1.000000
vt 0.000000 1.000000
vt 0.000000 1.000000
vt 0.000000 1.000000
vt 0.000000 1.000000
vt 0.000000 1.000000
vt 0.000000 1.000000
vt 0.000000 1.000000
vt 0.000000 1.000000
vt 0.000000 1.000000
vt 0.000000 1.000000
vt 0.000000 1.000000
vt 0.000000 1.000000
vt 0.000000 1.000000
vt 0.000000 1.000000
vt 0.000000 1.000000
vt 0.000000 1.000000
vt 0.000000 1.000000
vt 0.000000 1.000000
vt 0.000000 1.000000
vt 0.000000 1.000000
vt 0.000000 1.000000
vt 0.000000 1.000000
vt 0.000000 1.000000
vt 0.000000 1.000000
vt 0.000000 1.000000
vt 0.000000 1.000000
vt 0.000000 1.000000
vt 0.000000 1.000000
vt 0.000000 1.000000
vt 0.000000 1.000000
vt 0.000000 1.000000
vt 0.000000 1.000000
vt 0.000000 1.000000
vt 0.000000 1.000000
vt 0.000000 1.000000
vt 0.000000 1.000000
vt 0.000000 1.000000
vt 0.000000 1.000000
vt 0.000000 1.000000
vt 0.000000 1.000000
vt 0.000000 1.000000
vt 0.000000 1.000000
vt 0.000000 1.000000
vt 0.000000 1.000000
vt 0.000000 1.000000
vt 0.000000 1.000000
vt 0.000000 1.000000
vt 0.000000 1.000000
vt 0.000000 1.000000
vt 0.000000 1.000000
vt 0.000000 1.000000
vt 0.000000 1.000000
vt 0.000000 1.000000
vt 0.000000 1.000000
vt 0.000000 1.000000
vt 0.000000 1.000000
vt 0.000000 1.000000
vt 0.000000 1.000000
vt 0.000000 1.000000
vt 0.000000 1.000000
vt 0.000000 1.000000
vt 0.000000 1.000000
vt 0.000000 1.000000
vt 0.000000 1.000000
vt 0.000000 1.000000
vt 0.000000 1.000000
vt 0.000000 1.000000
vt 0.000000 1.000000
vt 0.000000 1.000000
vt 0.000000 1.000000
vt 0.000000 1.000000
vt 0.000000 1.000000
vt 0.000000 1.000000
vt 0.000000 1.000000
vt 0.000000 1.000000
vt 0.000000 1.000000
vt 0.000000 1.000000
vt 0.000000 1.000000
vt 0.000000 1.000000
vt 0.000000 1.000000
vt 0.000000 1.000000
vt 0.000000 1.000000
vt 0.000000 1.000000
vt 0.000000 1.000000
vt 0.000000 1.000000
vt 0.000000 1.000000
vt 0.000000 1.000000
vt 0.000000 1.000000
vt 0.000000 1.000000
vt 0.000000 1.000000
vt 0.000000 1.000000
vt 0.000000 1.000000
vt 0.000000 1.000000
vt 0.000000 1.000000
vt 0.000000 1.000000
vt 0.000000 1.000000
vt 0.000000 1.000000
vt 0.000000 1.000000
vt 0.000000 1.000000
vt 0.000000 1.000000
vt 0.000000 1.000000
vt 0.000000 1.000000
vt 0.000000 1.000000
vt 0.000000 1.000000
vt 0.000000 1.000000
vt 0.000000 1.000000
vt 0.000000 1.000000
vt 0.000000 1.000000
vt 0.000000 1.000000
vt 0.000000 1.000000
vt 0.000000 1.000000
vt 0.000000 1.000000
vt 0.000000 1.000000
vt 0.000000 1.000000
vt 0.000000 1.000000
vt 0.000000 1.000000
vt 0.000000 1.000000
vt 0.000000 1.000000
vt 0.000000 1.000000
vt 0.000000 1.000000
vt 0.000000 1.000000
vt 0.000000 1.000000
vt 0.000000 1.000000
vt 0.000000 1.000000
vt 0.000000 1.000000
vt 0.000000 1.000000
vt 0.000000 1.000000
vt 0.000000 1.000000
vt 0.000000 1.000000
vt 0.000000 1.000000
vt 0.000000 1.000000
vt 0.000000 1.000000
vt 0.000000 1.000000
vt 0.000000 1.000000
vt 0.000000 1.000000
vt 0.000000 1.000000
vt 0.000000 1.000000
vt 0.000000 1.000000
vt 0.000000 1.000000
vt 0.000000 1.000000
vt 0.000000 1.000000
vt 0.000000 1.000000
vt 0.000000 1.000000
vt 0.000000 1.000000
vt 0.000000 1.000000
vt 0.000000 1.000000
vt 0.000000 1.000000
vt 0.000000 1.000000
vt 0.000000 1.000000
vt 0.000000 1.000000
vt 0.000000 1.000000
vt 0.000000 1.000000
vt 0.000000 1.000000
vt 0.000000 1.000000
vt 0.000000 1.000000
vt 0.000000 1.000000
vt 0.000000 1.000000
vt 0.000000 1.000000
vt 0.000000 1.000000
vt 0.000000 1.000000
vt 0.000000 1.000000
vt 0.000000 1.000000
vt 0.000000 1.000000
vt 0.000000 1.000000
vt 0.000000 1.000000
vt 0.000000 1.000000
vt 0.000000 1.000000
vt 0.000000 1.000000
vt 0.000000 1.000000
vt 0.000000 1.000000
vt 0.000000 1.000000
vt 0.000000 1.000000
vt 0.000000 1.000000
vt 0.000000 1.000000
vt 0.000000 1.000000
vt 0.000000 1.000000
vt 0.000000 1.000000
vt 0.000000 1.000000
vt 0.000000 1.000000
vt 0.000000 1.000000
vt 0.000000 1.000000
vt 0.000000 1.000000
vt 0.000000 1.000000
vt 0.000000 1.000000
vt 0.000000 1.000000
vt 0.000000 1.000000
vt 0.000000 1.000000
vt 0.000000 1.000000
vt 0.000000 1.000000
vt 0.000000 1.000000
vt 0.000000 1.000000
vt 0.000000 1.000000
vt 0.000000 1.000000
vt 0.000000 1.000000
vt 0.000000 1.000000
vt 0.000000 1.000000
vt 0.000000 1.000000
vt 0.000000 1.000000
vt 0.000000 1.000000
vt 0.000000 1.000000
vt 0.000000 1.000000
vt 0.000000 1.000000
vt 0.000000 1.000000
vt 0.000000 1.000000
vt 0.000000 1.000000
vt 0.000000 1.000000
vt 0.000000 1.000000
vt 0.000000 1.000000
vt 0.000000 1.000000
vt 0.000000 1.000000
vt 0.000000 1.000000
vt 0.000000 1.000000
vt 0.000000 1.000000
vt 0.000000 1.000000
vt 0.000000 1.000000
vt 0.000000 1.000000
vt 0.000000 1.000000
vt 0.000000 1.000000
vt 0.000000 1.000000
vt 0.000000 1.000000
vt 0.000000 1.000000
vt 0.000000 1.000000
vt 0.000000 1.000000
vt 0.000000 1.000000
vt 0.000000 1.000000
vt 0.000000 1.000000
vt 0.000000 1.000000
vt 0.000000 1.000000
vt 0.000000 1.000000
vt 0.000000 1.000000
vt 0.000000 1.000000
vt 0.000000 1.000000
vt 0.000000 1.000000
vt 0.000000 1.000000
vt 0.000000 1.000000
vt 0.000000 1.000000
vt 0.000000 1.000000
vt 0.000000 1.000000
vt 0.000000 1.000000
vt 0.000000 1.000000
vt 0.000000 1.000000
vt 0.000000 1.000000
vt 0.000000 1.000000
vt 0.000000 1.000000
vt 0.000000 1.000000
vt 0.000000 1.000000
vt 0.000000 1.000000
vt 0.000000 1.000000
vt 0.000000 1.000000
vt 0.000000 1.000000
vt 0.000000 1.000000
vt 0.000000 1.000000
vt 0.000000 1.000000
vt 0.000000 1.000000
vt 0.000000 1.000000
vt 0.000000 1.000000
vt 0.000000 1.000000
vt 0.000000 1.000000
vt 0.000000 1.000000
vt 0.000000 1.000000
vt 0.000000 1.000000
vt 0.000000 1.000000
vt 0.000000 1.000000
vt 0.000000 1.000000
vt 0.000000 1.000000
vt 0.000000 1.000000
vt 0.000000 1.000000
vt 0.000000 1.000000
vt 0.000000 1.000000
vt 0.000000 1.000000
vt 0.000000 1.000000
vt 0.000000 1.000000
vt 0.000000 1.000000
vt 0.000000 1.000000
vt 0.000000 1.000000
vt 0.000000 1.000000
vt 0.000000 1.000000
vt 0.000000 1.000000
vt 0.000000 1.000000
vt 0.000000 1.000000
vt 0.000000 1.000000
vt 0.000000 1.000000
vt 0.000000 1.000000
vt 0.000000 1.000000
vt 0.000000 1.000000
vt 0.000000 1.000000
vt 0.000000 1.000000
vt 0.000000 1.000000
vt 0.000000 1.000000
vt 0.000000 1.000000
vt 0.000000 1.000000
vt 0.000000 1.000000
vt 0.000000 1.000000
vt 0.000000 1.000000
vt 0.000000 1.000000
vt 0.000000 1.000000
vt 0.000000 1.000000
vt 0.000000 1.000000
vt 0.000000 1.000000
vt 0.000000 1.000000
vt 0.000000 1.000000
vt 0.000000 1.000000
vt 0.000000 1.000000
vt 0.000000 1.000000
vt 0.000000 1.000000
vt 0.000000 1.000000
vt 0.000000 1.000000
vt 0.000000 1.000000
vt 0.000000 1.000000
vt 0.000000 1.000000
vt 0.000000 1.000000
vt 0.000000 1.000000
vt 0.000000 1.000000
vt 0.000000 1.000000
vt 0.000000 1.000000
vt 0.000000 1.000000
vt 0.000000 1.000000
vt 0.000000 1.000000
vt 0.000000 1.000000
vt 0.000000 1.000000
vt 0.000000 1.000000
vt 0.000000 1.000000
vt 0.000000 1.000000
vt 0.000000 1.000000
vt 0.000000 1.000000
vt 0.000000 1.000000
vt 0.000000 1.000000
vt 0.000000 1.000000
vt 0.000000 1.000000
vt 0.000000 1.000000
vt 0.000000 1.000000
vt 0.000000 1.000000
vt 0.000000 1.000000
vt 0.000000 1.000000
vt 0.000000 1.000000
vt 0.000000 1.000000
vt 0.000000 1.000000
vt 0.000000 1.000000
vt 0.000000 1.000000
vt 0.000000 1.000000
vt 0.000000 1.000000
vt 0.000000 1.000000
vt 0.000000 1.000000
vt 0.000000 1.000000
vt 0.000000 1.000000
vt 0.000000 1.000000
vt 0.000000 1.000000
vt 0.000000 1.000000
vt 0.000000 1.000000
vt 0.000000 1.000000
vt 0.000000 1.000000
vt 0.000000 1.000000
vt 0.000000 1.000000
vt 0.000000 1.000000
vt 0.000000 1.000000
vt 0.000000 1.000000
vt 0.000000 1.000000
vt 0.000000 1.000000
vt 0.000000 1.000000
vt 0.000000 1.000000
vt 0.000000 1.000000
vt 0.000000 1.000000
vt 0.000000 1.000000
vt 0.000000 1.000000
vt 0.000000 1.000000
vt 0.000000 1.000000
vt 0.000000 1.000000
vt 0.000000 1.000000
vt 0.000000 1.000000
vt 0.000000 1.000000
vt 0.000000 1.000000
vt 0.000000 1.000000
vt 0.000000 1.000000
vt 0.000000 1.000000
vt 0.000000 1.000000
vt 0.000000 1.000000
vt 0.000000 1.000000
vt 0.000000 1.000000
vt 0.000000 1.000000
vt 0.000000 1.000000
vt 0.000000 1.000000
vt 0.000000 1.000000
vt 0.000000 1.000000
vt 0.000000 1.000000
vt 0.000000 1.000000
vt 0.000000 1.000000
vt 0.000000 1.000000
vt 0.000000 1.000000
vt 0.000000 1.000000
vt 0.000000 1.000000
vt 0.000000 1.000000
vt 0.000000 1.000000
vt 0.000000 1.000000
vt 0.000000 1.000000
vt 0.000000 1.000000
vt 0.000000 1.000000
vt 0.000000 1.000000
vt 0.000000 1.000000
vt 0.000000 1.000000
vt 0.000000 1.000000
vt 0.000000 1.000000
vt 0.000000 1.000000
vt 0.000000 1.000000
vt 0.000000 1.000000
vt 0.000000 1.000000
vt 0.000000 1.000000
vt 0.000000 1.000000
vt 0.000000 1.000000
vt 0.000000 1.000000
vt 0.000000 1.000000
vt 0.000000 1.000000
vt 0.000000 1.000000
vt 0.000000 1.000000
vt 0.000000 1.000000
vt 0.000000 1.000000
vt 0.000000 1.000000
vt 0.000000 1.000000
vt 0.000000 1.000000
vt 0.000000 1.000000
vt 0.000000 1.000000
vt 0.000000 1.000000
vt 0.000000 1.000000
vt 0.000000 1.000000
vt 0.000000 1.000000
vt 0.000000 1.000000
vt 0.000000 1.000000
vt 0.000000 1.000000
vt 0.000000 1.000000
vt 0.000000 1.000000
vt 0.000000 1.000000
vt 0.000000 1.000000
vt 0.000000 1.000000
vt 0.000000 1.000000
vt 0.000000 1.000000
vt 0.000000 1.000000
vt 0.000000 1.000000
vt 0.000000 1.000000
vt 0.000000 1.000000
vt 0.000000 1.000000
vt 0.000000 1.000000
vt 0.000000 1.000000
vt 0.000000 1.000000
vt 0.000000 1.000000
vt 0.000000 1.000000
vt 0.000000 1.000000
vt 0.000000 1.000000
vt 0.000000 1.000000
vt 0.000000 1.000000
vt 0.000000 1.000000
vt 0.000000 1.000000
vt 0.000000 1.000000
vt 0.000000 1.000000
vt 0.000000 1.000000
vt 0.000000 1.000000
vt 0.000000 1.000000
vt 0.000000 1.000000
vt 0.000000 1.000000
vt 0.000000 1.000000
vt 0.000000 1.000000
vt 0.000000 1.000000
vt 0.000000 1.000000
vt 0.000000 1.000000
vt 0.000000 1.000000
vt 0.000000 1.000000
vt 0.000000 1.000000
vt 0.000000 1.000000
vt 0.000000 1.000000
vt 0.000000 1.000000
vt 0.000000 1.000000
vt 0.000000 1.000000
vt 0.000000 1.000000
vt 0.000000 1.000000
vt 0.000000 1.000000
vt 0.000000 1.000000
vt 0.000000 1.000000
vt 0.000000 1.000000
vt 0.000000 1.000000
vt 0.000000 1.000000
vt 0.000000 1.000000
vt 0.000000 1.000000
vt 0.000000 1.000000
vt 0.000000 1.000000
vt 0.000000 1.000000
vt 0.000000 1.000000
vt 0.000000 1.000000
vt 0.000000 1.000000
vt 0.000000 1.000000
vt 0.000000 1.000000
vt 0.000000 1.000000
vt 0.000000 1.000000
vt 0.000000 1.000000
vt 0.000000 1.000000
vt 0.000000 1.000000
vt 0.000000 1.000000
vt 0.000000 1.000000
vt 0.000000 1.000000
vt 0.000000 1.000000
vt 0.000000 1.000000
vt 0.000000 1.000000
vt 0.000000 1.000000
vt 0.000000 1.000000
vt 0.000000 1.000000
vt 0.000000 1.000000
vt 0.000000 1.000000
vt 0.000000 1.000000
vt 0.000000 1.000000
vt 0.000000 1.000000
vt 0.000000 1.000000
vt 0.000000 1.000000
vt 0.000000 1.000000
vt 0.000000 1.000000
vt 0.000000 1.000000
vt 0.000000 1.000000
vt 0.000000 1.000000
vt 0.000000 1.000000
vt 0.000000 1.000000
vt 0.000000 1.000000
vt 0.000000 1.000000
vt 0.000000 1.000000
vt 0.000000 1.000000
vt 0.000000 1.000000
vt 0.000000 1.000000
vt 0.000000 1.000000
vt 0.000000 1.000000
vt 0.000000 1.000000
vt 0.000000 1.000000
vt 0.000000 1.000000
vt 0.000000 1.000000
vt 0.000000 1.000000
vt 0.000000 1.000000
vt 0.000000 1.000000
vt 0.000000 1.000000
vt 0.000000 1.000000
vt 0.000000 1.000000
vt 0.000000 1.000000
vt 0.000000 1.000000
vt 0.000000 1.000000
vt 0.000000 1.000000
vt 0.000000 1.000000
vt 0.000000 1.000000
vt 0.000000 1.000000
vt 0.000000 1.000000
vt 0.000000 1.000000
vt 0.000000 1.000000
vt 0.000000 1.000000
vt 0.000000 1.000000
vt 0.000000 1.000000
vt 0.000000 1.000000
vt 0.000000 1.000000
vt 0.000000 1.000000
vt 0.000000 1.000000
vt 0.000000 1.000000
vt 0.000000 1.000000
vt 0.000000 1.000000
vt 0.000000 1.000000
vt 0.000000 1.000000
vt 0.000000 1.000000
vt 0.000000 1.000000
vt 0.000000 1.000000
vt 0.000000 1.000000
vt 0.000000 1.000000
vt 0.000000 1.000000
vt 0.000000 1.000000
vt 0.000000 1.000000
vt 0.000000 1.000000
vt 0.000000 1.000000
vt 0.000000 1.000000
vt 0.000000 1.000000
vt 0.000000 1.000000
vt 0.000000 1.000000
vt 0.000000 1.000000
vt 0.000000 1.000000
vt 0.000000 1.000000
vt 0.000000 1.000000
vt 0.000000 1.000000
vt 0.000000 1.000000
vt 0.000000 1.000000
vt 0.000000 1.000000
vt 0.000000 1.000000
vt 0.000000 1.000000
vt 0.000000 1.000000
vt 0.000000 1.000000
vt 0.000000 1.000000
vt 0.000000 1.000000
vt 0.000000 1.000000
vt 0.000000 1.000000
vt 0.000000 1.000000
vt 0.000000 1.000000
vt 0.000000 1.000000
vt 0.000000 1.000000
vt 0.000000 1.000000
vt 0.000000 1.000000
vt 0.000000 1.000000
vt 0.000000 1.000000
vt 0.000000 1.000000
vt 0.000000 1.000000
vt 0.000000 1.000000
vt 0.000000 1.000000
vt 0.000000 1.000000
vt 0.000000 1.000000
vt 0.000000 1.000000
vt 0.000000 1.000000
vt 0.000000 1.000000
vt 0.000000 1.000000
vt 0.000000 1.000000
vt 0.000000 1.000000
vt 0.000000 1.000000
vt 0.000000 1.000000
vt 0.000000 1.000000
vt 0.000000 1.000000
vt 0.000000 1.000000
vt 0.000000 1.000000
vt 0.000000 1.000000
vt 0.000000 1.000000
vt 0.000000 1.000000
vt 0.000000 1.000000
vt 0.000000 1.000000
vt 0.000000 1.000000
vt 0.000000 1.000000
vt 0.000000 1.000000
vt 0.000000 1.000000
vt 0.000000 1.000000
vt 0.000000 1.000000
vt 0.000000 1.000000
vt 0.000000 1.000000
vt 0.000000 1.000000
vt 0.000000 1.000000
vt 0.000000 1.000000
vt 0.000000 1.000000
vt 0.000000 1.000000
vt 0.000000 1.000000
vt 0.000000 1.000000
vt 0.000000 1.000000
vt 0.000000 1.000000
vt 0.000000 1.000000
vt 0.000000 1.000000
vt 0.000000 1.000000
vt 0.000000 1.000000
vt 0.000000 1.000000
vt 0.000000 1.000000
vt 0.000000 1.000000
vt 0.000000 1.000000
vt 0.000000 1.000000
vt 0.000000 1.000000
vt 0.000000 1.000000
vt 0.000000 1.000000
vt 0.000000 1.000000
vt 0.000000 1.000000
vt 0.000000 1.000000
vt 0.000000 1.000000
vt 0.000000 1.000000
vt 0.000000 1.000000
vt 0.000000 1.000000
vt 0.000000 1.000000
vt 0.000000 1.000000
vt 0.000000 1.000000
vt 0.000000 1.000000
vt 0.000000 1.000000
vt 0.000000 1.000000
vt 0.000000 1.000000
vt 0.000000 1.000000
vt 0.000000 1.000000
vt 0.000000 1.000000
vt 0.000000 1.000000
vt 0.000000 1.000000
vt 0.000000 1.000000
vt 0.000000 1.000000
vt 0.000000 1.000000
vt 0.000000 1.000000
vt 0.000000 1.000000
vt 0.000000 1.000000
vt 0.000000 1.000000
vt 0.000000 1.000000
vt 0.000000 1.000000
vt 0.000000 1.000000
vt 0.000000 1.000000
vt 0.000000 1.000000
vt 0.000000 1.000000
vt 0.000000 1.000000
vt 0.000000 1.000000
vt 0.000000 1.000000
vt 0.000000 1.000000
vt 0.000000 1.000000
vt 0.000000 1.000000
vt 0.000000 1.000000
vt 0.000000 1.000000
vt 0.000000 1.000000
vt 0.000000 1.000000
vt 0.000000 1.000000
vt 0.000000 1.000000
vt 0.000000 1.000000
vt 0.000000 1.000000
vt 0.000000 1.000000
vt 0.000000 1.000000
vt 0.000000 1.000000
vt 0.000000 1.000000
vt 0.000000 1.000000
vt 0.000000 1.000000
vt 0.000000 1.000000
vt 0.000000 1.000000
vt 0.000000 1.000000
vt 0.000000 1.000000
vt 0.000000 1.000000
vt 0.000000 1.000000
vt 0.000000 1.000000
vt 0.000000 1.000000
vt 0.000000 1.000000
vt 0.000000 1.000000
vt 0.000000 1.000000
vt 0.000000 1.000000
vt 0.000000 1.000000
vt 0.000000 1.000000
vt 0.000000 1.000000
vt 0.000000 1.000000
vt 0.000000 1.000000
vt 0.000000 1.000000
vt 0.000000 1.000000
vt 0.000000 1.000000
vt 0.000000 1.000000
vt 0.000000 1.000000
vt 0.000000 1.000000
vt 0.000000 1.000000
vt 0.000000 1.000000
vt 0.000000 1.000000
vt 0.000000 1.000000
vt 0.000000 1.000000
vt 0.000000 1.000000
vt 0.000000 1.000000
vt 0.000000 1.000000
vt 0.000000 1.000000
vt 0.000000 1.000000
vt 0.000000 1.000000
vt 0.000000 1.000000
vt 0.000000 1.000000
vt 0.000000 1.000000
vt 0.000000 1.000000
vt 0.000000 1.000000
vt 0.000000 1.000000
vt 0.000000 1.000000
vt 0.000000 1.000000
vt 0.000000 1.000000
vt 0.000000 1.000000
vt 0.000000 1.000000
vt 0.000000 1.000000
vt 0.000000 1.000000
vt 0.000000 1.000000
vt 0.000000 1.000000
vt 0.000000 1.000000
vt 0.000000 1.000000
vt 0.000000 1.000000
vt 0.000000 1.000000
vt 0.000000 1.000000
vt 0.000000 1.000000
vt 0.000000 1.000000
vt 0.000000 1.000000
vt 0.000000 1.000000
vt 0.000000 1.000000
vt 0.000000 1.000000
vt 0.000000 1.000000
vt 0.000000 1.000000
vt 0.000000 1.000000
vt 0.000000 1.000000
vt 0.000000 1.000000
vt 0.000000 1.000000
vt 0.000000 1.000000
vt 0.000000 1.000000
vt 0.000000 1.000000
vt 0.000000 1.000000
vt 0.000000 1.000000
vt 0.000000 1.000000
vt 0.000000 1.000000
vt 0.000000 1.000000
vt 0.000000 1.000000
vt 0.000000 1.000000
vt 0.000000 1.000000
vt 0.000000 1.000000
vt 0.000000 1.000000
vt 0.000000 1.000000
vt 0.000000 1.000000
vt 0.000000 1.000000
vt 0.000000 1.000000
vt 0.000000 1.000000
vt 0.000000 1.000000
vt 0.000000 1.000000
vt 0.000000 1.000000
vt 0.000000 1.000000
vt 0.000000 1.000000
vt 0.000000 1.000000
vt 0.000000 1.000000
vt 0.000000 1.000000
vt 0.000000 1.000000
vt 0.000000 1.000000
vt 0.000000 1.000000
vt 0.000000 1.000000
vt 0.000000 1.000000
vt 0.000000 1.000000
vt 0.000000 1.000000
vt 0.000000 1.000000
vt 0.000000 1.000000
vt 0.000000 1.000000
vt 0.000000 1.000000
vt 0.000000 1.000000
vt 0.000000 1.000000
vt 0.000000 1.000000
vt 0.000000 1.000000
vt 0.000000 1.000000
vt 0.000000 1.000000
vt 0.000000 1.000000
vt 0.000000 1.000000
vt 0.000000 1.000000
vt 0.000000 1.000000
vt 0.000000 1.000000
vt 0.000000 1.000000
vt 0.000000 1.000000
vt 0.000000 1.000000
vt 0.000000 1.000000
vt 0.000000 1.000000
vt 0.000000 1.000000
vt 0.000000 1.000000
vt 0.000000 1.000000
vt 0.000000 1.000000
vt 0.000000 1.000000
vt 0.000000 1.000000
vt 0.000000 1.000000
vt 0.000000 1.000000
vt 0.000000 1.000000
vt 0.000000 1.000000
vt 0.000000 1.000000
vt 0.000000 1.000000
vt 0.000000 1.000000
vt 0.000000 1.000000
vt 0.000000 1.000000
vt 0.000000 1.000000
vt 0.000000 1.000000
vt 0.000000 1.000000
vt 0.000000 1.000000
vt 0.000000 1.000000
vt 0.000000 1.000000
vt 0.000000 1.000000
vt 0.000000 1.000000
vt 0.000000 1.000000
vt 0.000000 1.000000
vt 0.000000 1.000000
vt 0.000000 1.000000
vt 0.000000 1.000000
vt 0.000000 1.000000
vt 0.000000 1.000000
vt 0.000000 1.000000
vt 0.000000 1.000000
vt 0.000000 1.000000
vt 0.000000 1.000000
vt 0.000000 1.000000
vt 0.000000 1.000000
vt 0.000000 1.000000
vt 0.000000 1.000000
vt 0.000000 1.000000
vt 0.000000 1.000000
vt 0.000000 1.000000
vt 0.000000 1.000000
vt 0.000000 1.000000
vt 0.000000 1.000000
vt 0.000000 1.000000
vt 0.000000 1.000000
vt 0.000000 1.000000
vt 0.000000 1.000000
vt 0.000000 1.000000
vt 0.000000 1.000000
vt 0.000000 1.000000
vt 0.000000 1.000000
vt 0.000000 1.000000
vt 0.000000 1.000000
vt 0.000000 1.000000
vt 0.000000 1.000000
vt 0.000000 1.000000
vt 0.000000 1.000000
vt 0.000000 1.000000
vt 0.000000 1.000000
vt 0.000000 1.000000
vt 0.000000 1.000000
vt 0.000000 1.000000
vt 0.000000 1.000000
vt 0.000000 1.000000
vt 0.000000 1.000000
vt 0.000000 1.000000
vt 0.000000 1.000000
vt 0.000000 1.000000
vt 0.000000 1.000000
vt 0.000000 1.000000
vt 0.000000 1.000000
vt 0.000000 1.000000
vt 0.000000 1.000000
vt 0.000000 1.000000
vt 0.000000 1.000000
vt 0.000000 1.000000
vt 0.000000 1.000000
vt 0.000000 1.000000
vt 0.000000 1.000000
vt 0.000000 1.000000
vt 0.000000 1.000000
vt 0.000000 1.000000
vt 0.000000 1.000000
vt 0.000000 1.000000
vt 0.000000 1.000000
vt 0.000000 1.000000
vt 0.000000 1.000000
vt 0.000000 1.000000
vt 0.000000 1.000000
vt 0.000000 1.000000
vt 0.000000 1.000000
vt 0.000000 1.000000
vt 0.000000 1.000000
vt 0.000000 1.000000
vt 0.000000 1.000000
vt 0.000000 1.000000
vt 0.000000 1.000000
vt 0.000000 1.000000
vt 0.000000 1.000000
vt 0.000000 1.000000
vt 0.000000 1.000000
vt 0.000000 1.000000
vt 0.000000 1.000000
vt 0.000000 1.000000
vt 0.000000 1.000000
vt 0.000000 1.000000
vt 0.000000 1.000000
vt 0.000000 1.000000
vt 0.000000 1.000000
vt 0.000000 1.000000
vt 0.000000 1.000000
vt 0.000000 1.000000
vt 0.000000 1.000000
vt 0.000000 1.000000
vt 0.000000 1.000000
vt 0.000000 1.000000
vt 0.000000 1.000000
vt 0.000000 1.000000
vt 0.000000 1.000000
vt 0.000000 1.000000
vt 0.000000 1.000000
vt 0.000000 1.000000
vt 0.000000 1.000000
vt 0.000000 1.000000
vt 0.000000 1.000000
vt 0.000000 1.000000
vt 0.000000 1.000000
vt 0.000000 1.000000
vt 0.000000 1.000000
vt 0.000000 1.000000
vt 0.000000 1.000000
vt 0.000000 1.000000
vt 0.000000 1.000000
vt 0.000000 1.000000
vt 0.000000 1.000000
vt 0.000000 1.000000
vt 0.000000 1.000000
vt 0.000000 1.000000
vt 0.000000 1.000000
vt 0.000000 1.000000
vt 0.000000 1.000000
vt 0.000000 1.000000
vt 0.000000 1.000000
vt 0.000000 1.000000
vt 0.000000 1.000000
vt 0.000000 1.000000
vt 0.000000 1.000000
vt 0.000000 1.000000
vt 0.000000 1.000000
vt 0.000000 1.000000
vt 0.000000 1.000000
vt 0.000000 1.000000
vt 0.000000 1.000000
vt 0.000000 1.000000
vt 0.000000 1.000000
vt 0.000000 1.000000
vt 0.000000 1.000000
vt 0.000000 1.000000
vt 0.000000 1.000000
vt 0.000000 1.000000
vt 0.000000 1.000000
vt 0.000000 1.000000
vt 0.000000 1.000000
vt 0.000000 1.000000
vt 0.000000 1.000000
vt 0.000000 1.000000
vt 0.000000 1.000000
vt 0.000000 1.000000
vt 0.000000 1.000000
vt 0.000000 1.000000
vt 0.000000 1.000000
vt 0.000000 1.000000
vt 0.000000 1.000000
vt 0.000000 1.000000
vt 0.000000 1.000000
vt 0.000000 1.000000
vt 0.000000 1.000000
vt 0.000000 1.000000
vt 0.000000 1.000000
vt 0.000000 1.000000
vt 0.000000 1.000000
vt 0.000000 1.000000
vt 0.000000 1.000000
vt 0.000000 1.000000
vt 0.000000 1.000000
vt 0.000000 1.000000
vt 0.000000 1.000000
vt 0.000000 1.000000
vt 0.000000 1.000000
vt 0.000000 1.000000
vt 0.000000 1.000000
vt 0.000000 1.000000
vt 0.000000 1.000000
vt 0.000000 1.000000
vt 0.000000 1.000000
vt 0.000000 1.000000
vt 0.000000 1.000000
vt 0.000000 1.000000
vt 0.000000 1.000000
vt 0.000000 1.000000
vt 0.000000 1.000000
vt 0.000000 1.000000
vt 0.000000 1.000000
vt 0.000000 1.000000
vt 0.000000 1.000000
vt 0.000000 1.000000
vt 0.000000 1.000000
vt 0.000000 1.000000
vt 0.000000 1.000000
vt 0.000000 1.000000
vt 0.000000 1.000000
vt 0.000000 1.000000
vt 0.000000 1.000000
vt 0.000000 1.000000
vt 0.000000 1.000000
vt 0.000000 1.000000
vt 0.000000 1.000000
vt 0.000000 1.000000
vt 0.000000 1.000000
vt 0.000000 1.000000
vt 0.000000 1.000000
vt 0.000000 1.000000
vt 0.000000 1.000000
vt 0.000000 1.000000
vt 0.000000 1.000000
vt 0.000000 1.000000
vt 0.000000 1.000000
vt 0.000000 1.000000
vt 0.000000 1.000000
vt 0.000000 1.000000
vt 0.000000 1.000000
vt 0.000000 1.000000
vt 0.000000 1.000000
vt 0.000000 1.000000
vt 0.000000 1.000000
vt 0.000000 1.000000
vt 0.000000 1.000000
vt 0.000000 1.000000
vt 0.000000 1.000000
vt 0.000000 1.000000
vt 0.000000 1.000000
vt 0.000000 1.000000
vt 0.000000 1.000000
vt 0.000000 1.000000
vt 0.000000 1.000000
vt 0.000000 1.000000
vt 0.000000 1.000000
vt 0.000000 1.000000
vt 0.000000 1.000000
vt 0.000000 1.000000
vt 0.000000 1.000000
vt 0.000000 1.000000
vt 0.000000 1.000000
vt 0.000000 1.000000
vt 0.000000 1.000000
vt 0.000000 1.000000
vt 0.000000 1.000000
vt 0.000000 1.000000
vt 0.000000 1.000000
vt 0.000000 1.000000
vt 0.000000 1.000000
vt 0.000000 1.000000
vt 0.000000 1.000000
vt 0.000000 1.000000
vt 0.000000 1.000000
vt 0.000000 1.000000
vt 0.000000 1.000000
vt 0.000000 1.000000
vt 0.000000 1.000000
vt 0.000000 1.000000
vt 0.000000 1.000000
vt 0.000000 1.000000
vt 0.000000 1.000000
vt 0.000000 1.000000
vt 0.000000 1.000000
vt 0.000000 1.000000
vt 0.000000 1.000000
vt 0.000000 1.000000
vt 0.000000 1.000000
vt 0.000000 1.000000
vt 0.000000 1.000000
vt 0.000000 1.000000
vt 0.000000 1.000000
vt 0.000000 1.000000
vt 0.000000 1.000000
vt 0.000000 1.000000
vt 0.000000 1.000000
vt 0.000000 1.000000
vt 0.000000 1.000000
vt 0.000000 1.000000
vt 0.000000 1.000000
vt 0.000000 1.000000
vt 0.000000 1.000000
vt 0.000000 1.000000
vt 0.000000 1.000000
vt 0.000000 1.000000
vt 0.000000 1.000000
vt 0.000000 1.000000
vt 0.000000 1.000000
vt 0.000000 1.000000
vt 0.000000 1.000000
vt 0.000000 1.000000
vt 0.000000 1.000000
vt 0.000000 1.000000
vt 0.000000 1.000000
vt 0.000000 1.000000
vt 0.000000 1.000000
vt 0.000000 1.000000
vt 0.000000 1.000000
vt 0.000000 1.000000
vt 0.000000 1.000000
vt 0.000000 1.000000
vt 0.000000 1.000000
vt 0.000000 1.000000
vt 0.000000 1.000000
vt 0.000000 1.000000
vt 0.000000 1.000000
vt 0.000000 1.000000
vt 0.000000 1.000000
vt 0.000000 1.000000
vt 0.000000 1.000000
vt 0.000000 1.000000
vt 0.000000 1.000000
vt 0.000000 1.000000
vt 0.000000 1.000000
vt 0.000000 1.000000
vt 0.000000 1.000000
vt 0.000000 1.000000
vt 0.000000 1.000000
vt 0.000000 1.000000
vt 0.000000 1.000000
vt 0.000000 1.000000
vt 0.000000 1.000000
vt 0.000000 1.000000
vt 0.000000 1.000000
vt 0.000000 1.000000
vt 0.000000 1.000000
vt 0.000000 1.000000
vt 0.000000 1.000000
vt 0.000000 1.000000
vt 0.000000 1.000000
vt 0.000000 1.000000
vt 0.000000 1.000000
vt 0.000000 1.000000
vt 0.000000 1.000000
vt 0.000000 1.000000
vt 0.000000 1.000000
vt 0.000000 1.000000
vt 0.000000 1.000000
vt 0.000000 1.000000
vt 0.000000 1.000000
vt 0.000000 1.000000
vt 0.000000 1.000000
vt 0.000000 1.000000
vt 0.000000 1.000000
vt 0.000000 1.000000
vt 0.000000 1.000000
vt 0.000000 1.000000
vt 0.000000 1.000000
vt 0.000000 1.000000
vt 0.000000 1.000000
vt 0.000000 1.000000
vt 0.000000 1.000000
vt 0.000000 1.000000
vt 0.000000 1.000000
vt 0.000000 1.000000
vt 0.000000 1.000000
vt 0.000000 1.000000
vt 0.000000 1.000000
vt 0.000000 1.000000
vt 0.000000 1.000000
vt 0.000000 1.000000
vt 0.000000 1.000000
vt 0.000000 1.000000
vt 0.000000 1.000000
vt 0.000000 1.000000
vt 0.000000 1.000000
vt 0.000000 1.000000
vt 0.000000 1.000000
vt 0.000000 1.000000
vt 0.000000 1.000000
vt 0.000000 1.000000
vt 0.000000 1.000000
vt 0.000000 1.000000
vt 0.000000 1.000000
vt 0.000000 1.000000
vt 0.000000 1.000000
vt 0.000000 1.000000
vt 0.000000 1.000000
vt 0.000000 1.000000
vt 0.000000 1.000000
vt 0.000000 1.000000
vt 0.000000 1.000000
vt 0.000000 1.000000
vt 0.000000 1.000000
vt 0.000000 1.000000
vt 0.000000 1.000000
vt 0.000000 1.000000
vt 0.000000 1.000000
vt 0.000000 1.000000
vt 0.000000 1.000000
vt 0.000000 1.000000
vt 0.000000 1.000000
vt 0.000000 1.000000
vt 0.000000 1.000000
vt 0.000000 1.000000
vt 0.000000 1.000000
vt 0.000000 1.000000
vt 0.000000 1.000000
vt 0.000000 1.000000
vt 0.000000 1.000000
vt 0.000000 1.000000
vt 0.000000 1.000000
vt 0.000000 1.000000
vt 0.000000 1.000000
vt 0.000000 1.000000
vt 0.000000 1.000000
vt 0.000000 1.000000
vt 0.000000 1.000000
vt 0.000000 1.000000
vt 0.000000 1.000000
vt 0.000000 1.000000
vt 0.000000 1.000000
vt 0.000000 1.000000
vt 0.000000 1.000000
vt 0.000000 1.000000
vt 0.000000 1.000000
vt 0.000000 1.000000
vt 0.000000 1.000000
vt 0.000000 1.000000
vt 0.000000 1.000000
vt 0.000000 1.000000
vt 0.000000 1.000000
vt 0.000000 1.000000
vt 0.000000 1.000000
vt 0.000000 1.000000
vt 0.000000 1.000000
vt 0.000000 1.000000
vt 0.000000 1.000000
vt 0.000000 1.000000
vt 0.000000 1.000000
vt 0.000000 1.000000
vt 0.000000 1.000000
vt 0.000000 1.000000
vt 0.000000 1.000000
vt 0.000000 1.000000
vt 0.000000 1.000000
vt 0.000000 1.000000
vt 0.000000 1.000000
vt 0.000000 1.000000
vt 0.000000 1.000000
vt 0.000000 1.000000
vt 0.000000 1.000000
vt 0.000000 1.000000
vt 0.000000 1.000000
vt 0.000000 1.000000
vt 0.000000 1.000000
vt 0.000000 1.000000
vt 0.000000 1.000000
vt 0.000000 1.000000
vt 0.000000 1.000000
vt 0.000000 1.000000
vt 0.000000 1.000000
vt 0.000000 1.000000
vt 0.000000 1.000000
vt 0.000000 1.000000
vt 0.000000 1.000000
vt 0.000000 1.000000
vt 0.000000 1.000000
vt 0.000000 1.000000
vt 0.000000 1.000000
vt 0.000000 1.000000
vt 0.000000 1.000000
vt 0.000000 1.000000
vt 0.000000 1.000000
vt 0.000000 1.000000
vt 0.000000 1.000000
vt 0.000000 1.000000
vt 0.000000 1.000000
vt 0.000000 1.000000
vt 0.000000 1.000000
vt 0.000000 1.000000
vt 0.000000 1.000000
vt 0.000000 1.000000
vt 0.000000 1.000000
vt 0.000000 1.000000
vt 0.000000 1.000000
vt 0.000000 1.000000
vt 0.000000 1.000000
vt 0.000000 1.000000
vt 0.000000 1.000000
vt 0.000000 1.000000
vt 0.000000 1.000000
vt 0.000000 1.000000
vt 0.000000 1.000000
vt 0.000000 1.000000
vt 0.000000 1.000000
vt 0.000000 1.000000
vt 0.000000 1.000000
vt 0.000000 1.000000
vt 0.000000 1.000000
vt 0.000000 1.000000
vt 0.000000 1.000000
vt 0.000000 1.000000
vt 0.000000 1.000000
vt 0.000000 1.000000
vt 0.000000 1.000000
vt 0.000000 1.000000
vt 0.000000 1.000000
vt 0.000000 1.000000
vt 0.000000 1.000000
vt 0.000000 1.000000
vt 0.000000 1.000000
vt 0.000000 1.000000
vt 0.000000 1.000000
vt 0.000000 1.000000
vt 0.000000 1.000000
vt 0.000000 1.000000
vt 0.000000 1.000000
vt 0.000000 1.000000
vt 0.000000 1.000000
vt 0.000000 1.000000
vt 0.000000 1.000000
vt 0.000000 1.000000
vt 0.000000 1.000000
vt 0.000000 1.000000
vt 0.000000 1.000000
vt 0.000000 1.000000
vt 0.000000 1.000000
vt 0.000000 1.000000
vt 0.000000 1.000000
vt 0.000000 1.000000
vt 0.000000 1.000000
vt 0.000000 1.000000
vt 0.000000 1.000000
vt 0.000000 1.000000
vt 0.000000 1.000000
vt 0.000000 1.000000
vt 0.000000 1.000000
vt 0.000000 1.000000
vt 0.000000 1.000000
vt 0.000000 1.000000
vt 0.000000 1.000000
vt 0.000000 1.000000
vt 0.000000 1.000000
vt 0.000000 1.000000
vt 0.000000 1.000000
vt 0.000000 1.000000
vt 0.000000 1.000000
vt 0.000000 1.000000
vt 0.000000 1.000000
vt 0.000000 1.000000
vt 0.000000 1.000000
vt 0.000000 1.000000
vt 0.000000 1.000000
vt 0.000000 1.000000
vt 0.000000 1.000000
vt 0.000000 1.000000
vt 0.000000 1.000000
vt 0.000000 1.000000
vt 0.000000 1.000000
vt 0.000000 1.000000
vt 0.000000 1.000000
vt 0.000000 1.000000
vt 0.000000 1.000000
vt 0.000000 1.000000
vt 0.000000 1.000000
vt 0.000000 1.000000
vt 0.000000 1.000000
vt 0.000000 1.000000
vt 0.000000 1.000000
vt 0.000000 1.000000
vt 0.000000 1.000000
vt 0.000000 1.000000
vt 0.000000 1.000000
vt 0.000000 1.000000
vt 0.000000 1.000000
vt 0.000000 1.000000
vt 0.000000 1.000000
vt 0.000000 1.000000
vt 0.000000 1.000000
vt 0.000000 1.000000
vt 0.000000 1.000000
vt 0.000000 1.000000
vt 0.000000 1.000000
vt 0.000000 1.000000
vt 0.000000 1.000000
vt 0.000000 1.000000
vt 0.000000 1.000000
vt 0.000000 1.000000
vt 0.000000 1.000000
vt 0.000000 1.000000
vt 0.000000 1.000000
vt 0.000000 1.000000
vt 0.000000 1.000000
vt 0.000000 1.000000
vt 0.000000 1.000000
vt 0.000000 1.000000
vt 0.000000 1.000000
vt 0.000000 1.000000
vt 0.000000 1.000000
vt 0.000000 1.000000
vt 0.000000 1.000000
vt 0.000000 1.000000
vt 0.000000 1.000000
vt 0.000000 1.000000
vt 0.000000 1.000000
vt 0.000000 1.000000
vt 0.000000 1.000000
vt 0.000000 1.000000
vt 0.000000 1.000000
vt 0.000000 1.000000
vt 0.000000 1.000000
vt 0.000000 1.000000
vt 0.000000 1.000000
vt 0.000000 1.000000
vt 0.000000 1.000000
vt 0.000000 1.000000
vt 0.000000 1.000000
vt 0.000000 1.000000
vt 0.000000 1.000000
vt 0.000000 1.000000
vt 0.000000 1.000000
vt 0.000000 1.000000
vt 0.000000 1.000000
vt 0.000000 1.000000
vt 0.000000 1.000000
vt 0.000000 1.000000
vt 0.000000 1.000000
vt 0.000000 1.000000
vt 0.000000 1.000000
vt 0.000000 1.000000
vt 0.000000 1.000000
vt 0.000000 1.000000
vt 0.000000 1.000000
vt 0.000000 1.000000
vt 0.000000 1.000000
vt 0.000000 1.000000
vt 0.000000 1.000000
vt 0.000000 1.000000
vt 0.000000 1.000000
vt 0.000000 1.000000
vt 0.000000 1.000000
vt 0.000000 1.000000
vt 0.000000 1.000000
vt 0.000000 1.000000
vt 0.000000 1.000000
vt 0.000000 1.000000
vt 0.000000 1.000000
vt 0.000000 1.000000
vt 0.000000 1.000000
vt 0.000000 1.000000
vt 0.000000 1.000000
vt 0.000000 1.000000
vt 0.000000 1.000000
vt 0.000000 1.000000
vt 0.000000 1.000000
vt 0.000000 1.000000
vt 0.000000 1.000000
vt 0.000000 1.000000
vt 0.000000 1.000000
vt 0.000000 1.000000
vt 0.000000 1.000000
vt 0.000000 1.000000
vt 0.000000 1.000000
vt 0.000000 1.000000
vt 0.000000 1.000000
vt 0.000000 1.000000
vt 0.000000 1.000000
vt 0.000000 1.000000
vt 0.000000 1.000000
vt 0.000000 1.000000
vt 0.000000 1.000000
vt 0.000000 1.000000
vt 0.000000 1.000000
vt 0.000000 1.000000
vt 0.000000 1.000000
vt 0.000000 1.000000
vt 0.000000 1.000000
vt 0.000000 1.000000
vt 0.000000 1.000000
vt 0.000000 1.000000
vt 0.000000 1.000000
vt 0.000000 1.000000
vt 0.000000 1.000000
vt 0.000000 1.000000
vt 0.000000 1.000000
vt 0.000000 1.000000
vt 0.000000 1.000000
vt 0.000000 1.000000
vt 0.000000 1.000000
vt 0.000000 1.000000
vt 0.000000 1.000000
vt 0.000000 1.000000
vt 0.000000 1.000000
vt 0.000000 1.000000
vt 0.000000 1.000000
vt 0.000000 1.000000
vt 0.000000 1.000000
vt 0.000000 1.000000
vt 0.000000 1.000000
vt 0.000000 1.000000
vt 0.000000 1.000000
vt 0.000000 1.000000
vt 0.000000 1.000000
vt 0.000000 1.000000
vt 0.000000 1.000000
vt 0.000000 1.000000
vt 0.000000 1.000000
vt 0.000000 1.000000
vt 0.000000 1.000000
vt 0.000000 1.000000
vt 0.000000 1.000000
vt 0.000000 1.000000
vt 0.000000 1.000000
vt 0.000000 1.000000
vt 0.000000 1.000000
vt 0.000000 1.000000
vt 0.000000 1.000000
vt 0.000000 1.000000
vt 0.000000 1.000000
vt 0.000000 1.000000
vt 0.000000 1.000000
vt 0.000000 1.000000
vt 0.000000 1.000000
vt 0.000000 1.000000
vt 0.000000 1.000000
vt 0.000000 1.000000
vt 0.000000 1.000000
vt 0.000000 1.000000
vt 0.000000 1.000000
vt 0.000000 1.000000
vt 0.000000 1.000000
vt 0.000000 1.000000
vt 0.000000 1.000000
vt 0.000000 1.000000
vt 0.000000 1.000000
vt 0.000000 1.000000
vt 0.000000 1.000000
vt 0.000000 1.000000
vt 0.000000 1.000000
vt 0.000000 1.000000
vt 0.000000 1.000000
vt 0.000000 1.000000
vt 0.000000 1.000000
vt 0.000000 1.000000
vt 0.000000 1.000000
vt 0.000000 1.000000
vt 0.000000 1.000000
vt 0.000000 1.000000
vt 0.000000 1.000000
vt 0.000000 1.000000
vt 0.000000 1.000000
vt 0.000000 1.000000
vt 0.000000 1.000000
vt 0.000000 1.000000
vt 0.000000 1.000000
vt 0.000000 1.000000
vt 0.000000 1.000000
vt 0.000000 1.000000
vt 0.000000 1.000000
vt 0.000000 1.000000
vt 0.000000 1.000000
vt 0.000000 1.000000
vt 0.000000 1.000000
vt 0.000000 1.000000
vt 0.000000 1.000000
vt 0.000000 1.000000
vt 0.000000 1.000000
vt 0.000000 1.000000
vt 0.000000 1.000000
vt 0.000000 1.000000
vt 0.000000 1.000000
vt 0.000000 1.000000
vt 0.000000 1.000000
vt 0.000000 1.000000
vt 0.000000 1.000000
vt 0.000000 1.000000
vt 0.000000 1.000000
vt 0.000000 1.000000
vt 0.000000 1.000000
vt 0.000000 1.000000
vt 0.000000 1.000000
vt 0.000000 1.000000
vt 0.000000 1.000000
vt 0.000000 1.000000
vt 0.000000 1.000000
vt 0.000000 1.000000
vt 0.000000 1.000000
vt 0.000000 1.000000
vt 0.000000 1.000000
vt 0.000000 1.000000
vt 0.000000 1.000000
vt 0.000000 1.000000
vt 0.000000 1.000000
vt 0.000000 1.000000
vt 0.000000 1.000000
vt 0.000000 1.000000
vt 0.000000 1.000000
vt 0.000000 1.000000
vt 0.000000 1.000000
vt 0.000000 1.000000
vt 0.000000 1.000000
vt 0.000000 1.000000
vt 0.000000 1.000000
vt 0.000000 1.000000
vt 0.000000 1.000000
vt 0.000000 1.000000
vt 0.000000 1.000000
vt 0.000000 1.000000
vt 0.000000 1.000000
vt 0.000000 1.000000
vt 0.000000 1.000000
vt 0.000000 1.000000
vt 0.000000 1.000000
vt 0.000000 1.000000
vt 0.000000 1.000000
vt 0.000000 1.000000
vt 0.000000 1.000000
vt 0.000000 1.000000
vt 0.000000 1.000000
vt 0.000000 1.000000
vt 0.000000 1.000000
vt 0.000000 1.000000
vt 0.000000 1.000000
vt 0.000000 1.000000
vt 0.000000 1.000000
vt 0.000000 1.000000
vt 0.000000 1.000000
vt 0.000000 1.000000
vt 0.000000 1.000000
vt 0.000000 1.000000
vt 0.000000 1.000000
vt 0.000000 1.000000
vt 0.000000 1.000000
vt 0.000000 1.000000
vt 0.000000 1.000000
vt 0.000000 1.000000
vt 0.000000 1.000000
vt 0.000000 1.000000
vt 0.000000 1.000000
vt 0.000000 1.000000
vt 0.000000 1.000000
vt 0.000000 1.000000
vt 0.000000 1.000000
vt 0.000000 1.000000
vt 0.000000 1.000000
vt 0.000000 1.000000
vt 0.000000 1.000000
vt 0.000000 1.000000
vt 0.000000 1.000000
vt 0.000000 1.000000
vt 0.000000 1.000000
vt 0.000000 1.000000
vt 0.000000 1.000000
vt 0.000000 1.000000
vt 0.000000 1.000000
vt 0.000000 1.000000
vt 0.000000 1.000000
vt 0.000000 1.000000
vt 0.000000 1.000000
vt 0.000000 1.000000
vt 0.000000 1.000000
vt 0.000000 1.000000
vt 0.000000 1.000000
vt 0.000000 1.000000
vt 0.000000 1.000000
vt 0.000000 1.000000
vt 0.000000 1.000000
vt 0.000000 1.000000
vt 0.000000 1.000000
vt 0.000000 1.000000
vt 0.000000 1.000000
vt 0.000000 1.000000
vt 0.000000 1.000000
vt 0.000000 1.000000
vt 0.000000 1.000000
vt 0.000000 1.000000
vt 0.000000 1.000000
vt 0.000000 1.000000
vt 0.000000 1.000000
vt 0.000000 1.000000
vt 0.000000 1.000000
vt 0.000000 1.000000
vt 0.000000 1.000000
vt 0.000000 1.000000
vt 0.000000 1.000000
vt 0.000000 1.000000
vt 0.000000 1.000000
vt 0.000000 1.000000
vt 0.000000 1.000000
vt 0.000000 1.000000
vt 0.000000 1.000000
vt 0.000000 1.000000
vt 0.000000 1.000000
vt 0.000000 1.000000
vt 0.000000 1.000000
vt 0.000000 1.000000
vt 0.000000 1.000000
vt 0.000000 1.000000
vt 0.000000 1.000000
vt 0.000000 1.000000
vt 0.000000 1.000000
vt 0.000000 1.000000
vt 0.000000 1.000000
vt 0.000000 1.000000
vt 0.000000 1.000000
vt 0.000000 1.000000
vt 0.000000 1.000000
vt 0.000000 1.000000
vt 0.000000 1.000000
vt 0.000000 1.000000
vt 0.000000 1.000000
vt 0.000000 1.000000
vt 0.000000 1.000000
vt 0.000000 1.000000
vt 0.000000 1.000000
vt 0.000000 1.000000
vt 0.000000 1.000000
vt 0.000000 1.000000
vt 0.000000 1.000000
vt 0.000000 1.000000
vt 0.000000 1.000000
vt 0.000000 1.000000
vt 0.000000 1.000000
vt 0.000000 1.000000
vt 0.000000 1.000000
vt 0.000000 1.000000
vt 0.000000 1.000000
vt 0.000000 1.000000
vt 0.000000 1.000000
vt 0.000000 1.000000
vt 0.000000 1.000000
vt 0.000000 1.000000
vt 0.000000 1.000000
vt 0.000000 1.000000
vt 0.000000 1.000000
vt 0.000000 1.000000
vt 0.000000 1.000000
vt 0.000000 1.000000
vt 0.000000 1.000000
vt 0.000000 1.000000
vt 0.000000 1.000000
vt 0.000000 1.000000
vt 0.000000 1.000000
vt 0.000000 1.000000
vt 0.000000 1.000000
vt 0.000000 1.000000
vt 0.000000 1.000000
vt 0.000000 1.000000
vt 0.000000 1.000000
vt 0.000000 1.000000
vt 0.000000 1.000000
vt 0.000000 1.000000
vt 0.000000 1.000000
vt 0.000000 1.000000
vt 0.000000 1.000000
vt 0.000000 1.000000
vt 0.000000 1.000000
vt 0.000000 1.000000
vt 0.000000 1.000000
vt 0.000000 1.000000
vt 0.000000 1.000000
vt 0.000000 1.000000
vt 0.000000 1.000000
vt 0.000000 1.000000
vt 0.000000 1.000000
vt 0.000000 1.000000
vt 0.000000 1.000000
vt 0.000000 1.000000
vt 0.000000 1.000000
vt 0.000000 1.000000
vt 0.000000 1.000000
vt 0.000000 1.000000
vt 0.000000 1.000000
vt 0.000000 1.000000
vt 0.000000 1.000000
vt 0.000000 1.000000
vt 0.000000 1.000000
vt 0.000000 1.000000
vt 0.000000 1.000000
vt 0.000000 1.000000
vt 0.000000 1.000000
vt 0.000000 1.000000
vt 0.000000 1.000000
vt 0.000000 1.000000
vt 0.000000 1.000000
vt 0.000000 1.000000
vt 0.000000 1.000000
vt 0.000000 1.000000
vt 0.000000 1.000000
vt 0.000000 1.000000
vt 0.000000 1.000000
vt 0.000000 1.000000
vt 0.000000 1.000000
vt 0.000000 1.000000
vt 0.000000 1.000000
vt 0.000000 1.000000
vt 0.000000 1.000000
vt 0.000000 1.000000
vt 0.000000 1.000000
vt 0.000000 1.000000
vt 0.000000 1.000000
vt 0.000000 1.000000
vt 0.000000 1.000000
vt 0.000000 1.000000
vt 0.000000 1.000000
vt 0.000000 1.000000
vt 0.000000 1.000000
vt 0.000000 1.000000
vt 0.000000 1.000000
vt 0.000000 1.000000
vt 0.000000 1.000000
vt 0.000000 1.000000
vt 0.000000 1.000000
vt 0.000000 1.000000
vt 0.000000 1.000000
vt 0.000000 1.000000
vt 0.000000 1.000000
vt 0.000000 1.000000
vt 0.000000 1.000000
vt 0.000000 1.000000
vt 0.000000 1.000000
vt 0.000000 1.000000
vt 0.000000 1.000000
vt 0.000000 1.000000
vt 0.000000 1.000000
vt 0.000000 1.000000
vt 0.000000 1.000000
vt 0.000000 1.000000
vt 0.000000 1.000000
vt 0.000000 1.000000
vt 0.000000 1.000000
vt 0.000000 1.000000
vt 0.000000 1.000000
vt 0.000000 1.000000
vt 0.000000 1.000000
vt 0.000000 1.000000
vt 0.000000 1.000000
vt 0.000000 1.000000
vt 0.000000 1.000000
vt 0.000000 1.000000
vt 0.000000 1.000000
vt 0.000000 1.000000
vt 0.000000 1.000000
vt 0.000000 1.000000
vt 0.000000 1.000000
vt 0.000000 1.000000
vt 0.000000 1.000000
vt 0.000000 1.000000
vt 0.000000 1.000000
vt 0.000000 1.000000
vt 0.000000 1.000000
vt 0.000000 1.000000
vt 0.000000 1.000000
vt 0.000000 1.000000
vt 0.000000 1.000000
vt 0.000000 1.000000
vt 0.000000 1.000000
vt 0.000000 1.000000
vt 0.000000 1.000000
vt 0.000000 1.000000
vt 0.000000 1.000000
vt 0.000000 1.000000
vt 0.000000 1.000000
vt 0.000000 1.000000
vt 0.000000 1.000000
vt 0.000000 1.000000
vt 0.000000 1.000000
vt 0.000000 1.000000
vt 0.000000 1.000000
vt 0.000000 1.000000
vt 0.000000 1.000000
vt 0.000000 1.000000
vt 0.000000 1.000000
vt 0.000000 1.000000
vt 0.000000 1.000000
vt 0.000000 1.000000
vt 0.000000 1.000000
vt 0.000000 1.000000
vt 0.000000 1.000000
vt 0.000000 1.000000
vt 0.000000 1.000000
vt 0.000000 1.000000
vt 0.000000 1.000000
vt 0.000000 1.000000
vt 0.000000 1.000000
vt 0.000000 1.000000
vt 0.000000 1.000000
vt 0.000000 1.000000
vt 0.000000 1.000000
vt 0.000000 1.000000
vt 0.000000 1.000000
vt 0.000000 1.000000
vt 0.000000 1.000000
vt 0.000000 1.000000
vt 0.000000 1.000000
vt 0.000000 1.000000
vt 0.000000 1.000000
vt 0.000000 1.000000
vt 0.000000 1.000000
vt 0.000000 1.000000
vt 0.000000 1.000000
vt 0.000000 1.000000
vt 0.000000 1.000000
vt 0.000000 1.000000
vt 0.000000 1.000000
vt 0.000000 1.000000
vt 0.000000 1.000000
vt 0.000000 1.000000
vt 0.000000 1.000000
vt 0.000000 1.000000
vt 0.000000 1.000000
vt 0.000000 1.000000
vt 0.000000 1.000000
vt 0.000000 1.000000
vt 0.000000 1.000000
vt 0.000000 1.000000
vt 0.000000 1.000000
vt 0.000000 1.000000
vt 0.000000 1.000000
vt 0.000000 1.000000
vt 0.000000 1.000000
vt 0.000000 1.000000
vt 0.000000 1.000000
vt 0.000000 1.000000
vt 0.000000 1.000000
vt 0.000000 1.000000
vt 0.000000 1.000000
vt 0.000000 1.000000
vt 0.000000 1.000000
vt 0.000000 1.000000
vt 0.000000 1.000000
vt 0.000000 1.000000
vt 0.000000 1.000000
vt 0.000000 1.000000
vt 0.000000 1.000000
vt 0.000000 1.000000
vt 0.000000 1.000000
vt 0.000000 1.000000
vt 0.000000 1.000000
vt 0.000000 1.000000
vt 0.000000 1.000000
vt 0.000000 1.000000
vt 0.000000 1.000000
vt 0.000000 1.000000
vt 0.000000 1.000000
vt 0.000000 1.000000
vt 0.000000 1.000000
vt 0.000000 1.000000
vt 0.000000 1.000000
vt 0.000000 1.000000
vt 0.000000 1.000000
vt 0.000000 1.000000
vt 0.000000 1.000000
vt 0.000000 1.000000
vt 0.000000 1.000000
vt 0.000000 1.000000
vt 0.000000 1.000000
vt 0.000000 1.000000
vt 0.000000 1.000000
vt 0.000000 1.000000
vt 0.000000 1.000000
vt 0.000000 1.000000
vt 0.000000 1.000000
vt 0.000000 1.000000
vt 0.000000 1.000000
vt 0.000000 1.000000
vt 0.000000 1.000000
vt 0.000000 1.000000
vt 0.000000 1.000000
vt 0.000000 1.000000
vt 0.000000 1.000000
vt 0.000000 1.000000
vt 0.000000 1.000000
vt 0.000000 1.000000
vt 0.000000 1.000000
vt 0.000000 1.000000
vt 0.000000 1.000000
vt 0.000000 1.000000
vt 0.000000 1.000000
vt 0.000000 1.000000
vt 0.000000 1.000000
vt 0.000000 1.000000
vt 0.000000 1.000000
vt 0.000000 1.000000
vt 0.000000 1.000000
vt 0.000000 1.000000
vt 0.000000 1.000000
vt 0.000000 1.000000
vt 0.000000 1.000000
vt 0.000000 1.000000
vt 0.000000 1.000000
vt 0.000000 1.000000
vt 0.000000 1.000000
vt 0.000000 1.000000
vt 0.000000 1.000000
vt 0.000000 1.000000
vt 0.000000 1.000000
vt 0.000000 1.000000
vt 0.000000 1.000000
vt 0.000000 1.000000
vt 0.000000 1.000000
vt 0.000000 1.000000
vt 0.000000 1.000000
vt 0.000000 1.000000
vt 0.000000 1.000000
vt 0.000000 1.000000
vt 0.000000 1.000000
vt 0.000000 1.000000
vt 0.000000 1.000000
vt 0.000000 1.000000
vt 0.000000 1.000000
vt 0.000000 1.000000
vt 0.000000 1.000000
vt 0.000000 1.000000
vt 0.000000 1.000000
vt 0.000000 1.000000
vt 0.000000 1.000000
vt 0.000000 1.000000
vt 0.000000 1.000000
vt 0.000000 1.000000
vt 0.000000 1.000000
vt 0.000000 1.000000
vt 0.000000 1.000000
vt 0.000000 1.000000
vt 0.000000 1.000000
vt 0.000000 1.000000
vt 0.000000 1.000000
vt 0.000000 1.000000
vt 0.000000 1.000000
vt 0.000000 1.000000
vt 0.000000 1.000000
vt 0.000000 1.000000
vt 0.000000 1.000000
vt 0.000000 1.000000
vt 0.000000 1.000000
vt 0.000000 1.000000
vt 0.000000 1.000000
vt 0.000000 1.000000
vt 0.000000 1.000000
vt 0.000000 1.000000
vt 0.000000 1.000000
vt 0.000000 1.000000
vt 0.000000 1.000000
vt 0.000000 1.000000
vt 0.000000 1.000000
vt 0.000000 1.000000
vt 0.000000 1.000000
vt 0.000000 1.000000
vt 0.000000 1.000000
vt 0.000000 1.000000
vt 0.000000 1.000000
vt 0.000000 1.000000
vt 0.000000 1.000000
vt 0.000000 1.000000
vt 0.000000 1.000000
vt 0.000000 1.000000
vt 0.000000 1.000000
vt 0.000000 1.000000
vt 0.000000 1.000000
vt 0.000000 1.000000
vt 0.000000 1.000000
vt 0.000000 1.000000
vt 0.000000 1.000000
vt 0.000000 1.000000
vt 0.000000 1.000000
vt 0.000000 1.000000
vt 0.000000 1.000000
vt 0.000000 1.000000
vt 0.000000 1.000000
vt 0.000000 1.000000
vt 0.000000 1.000000
vt 0.000000 1.000000
vt 0.000000 1.000000
vt 0.000000 1.000000
vt 0.000000 1.000000
vt 0.000000 1.000000
vt 0.000000 1.000000
vt 0.000000 1.000000
vt 0.000000 1.000000
vt 0.000000 1.000000
vt 0.000000 1.000000
vt 0.000000 1.000000
vt 0.000000 1.000000
vt 0.000000 1.000000
vt 0.000000 1.000000
vt 0.000000 1.000000
vt 0.000000 1.000000
vt 0.000000 1.000000
vt 0.000000 1.000000
vt 0.000000 1.000000
vt 0.000000 1.000000
vt 0.000000 1.000000
vt 0.000000 1.000000
vt 0.000000 1.000000
vt 0.000000 1.000000
vt 0.000000 1.000000
vt 0.000000 1.000000
vt 0.000000 1.000000
vt 0.000000 1.000000
vt 0.000000 1.000000
vt 0.000000 1.000000
vt 0.000000 1.000000
vt 0.000000 1.000000
vt 0.000000 1.000000
vt 0.000000 1.000000
vt 0.000000 1.000000
vt 0.000000 1.000000
vt 0.000000 1.000000
vt 0.000000 1.000000
vt 0.000000 1.000000
vt 0.000000 1.000000
vt 0.000000 1.000000
vt 0.000000 1.000000
vt 0.000000 1.000000
vt 0.000000 1.000000
vt 0.000000 1.000000
vt 0.000000 1.000000
vt 0.000000 1.000000
vt 0.000000 1.000000
vt 0.000000 1.000000
vt 0.000000 1.000000
vt 0.000000 1.000000
vt 0.000000 1.000000
vt 0.000000 1.000000
vt 0.000000 1.000000
vt 0.000000 1.000000
vt 0.000000 1.000000
vt 0.000000 1.000000
vt 0.000000 1.000000
vt 0.000000 1.000000
vt 0.000000 1.000000
vt 0.000000 1.000000
vt 0.000000 1.000000
vt 0.000000 1.000000
vt 0.000000 1.000000
vt 0.000000 1.000000
vt 0.000000 1.000000
vt 0.000000 1.000000
vt 0.000000 1.000000
vt 0.000000 1.000000
vt 0.000000 1.000000
vt 0.000000 1.000000
vt 0.000000 1.000000
vt 0.000000 1.000000
vt 0.000000 1.000000
vt 0.000000 1.000000
vt 0.000000 1.000000
vt 0.000000 1.000000
vt 0.000000 1.000000
vt 0.000000 1.000000
vt 0.000000 1.000000
vt 0.000000 1.000000
vt 0.000000 1.000000
vt 0.000000 1.000000
vt 0.000000 1.000000
vt 0.000000 1.000000
vt 0.000000 1.000000
vt 0.000000 1.000000
vt 0.000000 1.000000
vt 0.000000 1.000000
vt 0.000000 1.000000
vt 0.000000 1.000000
vt 0.000000 1.000000
vt 0.000000 1.000000
vt 0.000000 1.000000
vt 0.000000 1.000000
vt 0.000000 1.000000
vt 0.000000 1.000000
vt 0.000000 1.000000
vt 0.000000 1.000000
vt 0.000000 1.000000
vt 0.000000 1.000000
vt 0.000000 1.000000
vt 0.000000 1.000000
vt 0.000000 1.000000
vt 0.000000 1.000000
vt 0.000000 1.000000
vt 0.000000 1.000000
vt 0.000000 1.000000
vt 0.000000 1.000000
vt 0.000000 1.000000
vt 0.000000 1.000000
vt 0.000000 1.000000
vt 0.000000 1.000000
vt 0.000000 1.000000
vt 0.000000 1.000000
vt 0.000000 1.000000
vt 0.000000 1.000000
vt 0.000000 1.000000
vt 0.000000 1.000000
vt 0.000000 1.000000
vt 0.000000 1.000000
vt 0.000000 1.000000
vt 0.000000 1.000000
vt 0.000000 1.000000
vt 0.000000 1.000000
vt 0.000000 1.000000
vt 0.000000 1.000000
vt 0.000000 1.000000
vt 0.000000 1.000000
vt 0.000000 1.000000
vt 0.000000 1.000000
vt 0.000000 1.000000
vt 0.000000 1.000000
vt 0.000000 1.000000
vt 0.000000 1.000000
vt 0.000000 1.000000
vt 0.000000 1.000000
vt 0.000000 1.000000
vt 0.000000 1.000000
vt 0.000000 1.000000
vt 0.000000 1.000000
vt 0.000000 1.000000
vt 0.000000 1.000000
vt 0.000000 1.000000
vt 0.000000 1.000000
vt 0.000000 1.000000
vt 0.000000 1.000000
vt 0.000000 1.000000
vt 0.000000 1.000000
vt 0.000000 1.000000
vt 0.000000 1.000000
vt 0.000000 1.000000
vt 0.000000 1.000000
vt 0.000000 1.000000
vt 0.000000 1.000000
vt 0.000000 1.000000
vt 0.000000 1.000000
vt 0.000000 1.000000
vt 0.000000 1.000000
vt 0.000000 1.000000
vt 0.000000 1.000000
vt 0.000000 1.000000
vt 0.000000 1.000000
vt 0.000000 1.000000
vt 0.000000 1.000000
vt 0.000000 1.000000
vt 0.000000 1.000000
vt 0.000000 1.000000
vt 0.000000 1.000000
vt 0.000000 1.000000
vt 0.000000 1.000000
vt 0.000000 1.000000
vt 0.000000 1.000000
vt 0.000000 1.000000
vt 0.000000 1.000000
vt 0.000000 1.000000
vt 0.000000 1.000000
vt 0.000000 1.000000
vt 0.000000 1.000000
vt 0.000000 1.000000
vt 0.000000 1.000000
vt 0.000000 1.000000
vt 0.000000 1.000000
vt 0.000000 1.000000
vt 0.000000 1.000000
vt 0.000000 1.000000
vt 0.000000 1.000000
vt 0.000000 1.000000
vt 0.000000 1.000000
vt 0.000000 1.000000
vt 0.000000 1.000000
vt 0.000000 1.000000
vt 0.000000 1.000000
vt 0.000000 1.000000
vt 0.000000 1.000000
vt 0.000000 1.000000
vt 0.000000 1.000000
vt 0.000000 1.000000
vt 0.000000 1.000000
vt 0.000000 1.000000
vt 0.000000 1.000000
vt 0.000000 1.000000
vt 0.000000 1.000000
vt 0.000000 1.000000
vt 0.000000 1.000000
vt 0.000000 1.000000
vt 0.000000 1.000000
vt 0.000000 1.000000
vt 0.000000 1.000000
vt 0.000000 1.000000
vt 0.000000 1.000000
vt 0.000000 1.000000
vt 0.000000 1.000000
vt 0.000000 1.000000
vt 0.000000 1.000000
vt 0.000000 1.000000
vt 0.000000 1.000000
vt 0.000000 1.000000
vt 0.000000 1.000000
vt 0.000000 1.000000
vt 0.000000 1.000000
vt 0.000000 1.000000
vt 0.000000 1.000000
vt 0.000000 1.000000
vt 0.000000 1.000000
vt 0.000000 1.000000
vt 0.000000 1.000000
vt 0.000000 1.000000
vt 0.000000 1.000000
vt 0.000000 1.000000
vt 0.000000 1.000000
vt 0.000000 1.000000
vt 0.000000 1.000000
vt 0.000000 1.000000
vt 0.000000 1.000000
vt 0.000000 1.000000
vt 0.000000 1.000000
vt 0.000000 1.000000
vt 0.000000 1.000000
vt 0.000000 1.000000
vt 0.000000 1.000000
vt 0.000000 1.000000
vt 0.000000 1.000000
vt 0.000000 1.000000
vt 0.000000 1.000000
vt 0.000000 1.000000
vt 0.000000 1.000000
vt 0.000000 1.000000
vt 0.000000 1.000000
vt 0.000000 1.000000
vt 0.000000 1.000000
vt 0.000000 1.000000
vt 0.000000 1.000000
vt 0.000000 1.000000
vt 0.000000 1.000000
vt 0.000000 1.000000
vt 0.000000 1.000000
vt 0.000000 1.000000
vt 0.000000 1.000000
vt 0.000000 1.000000
vt 0.000000 1.000000
vt 0.000000 1.000000
vt 0.000000 1.000000
vt 0.000000 1.000000
vt 0.000000 1.000000
vt 0.000000 1.000000
vt 0.000000 1.000000
vt 0.000000 1.000000
vt 0.000000 1.000000
vt 0.000000 1.000000
vt 0.000000 1.000000
vt 0.000000 1.000000
vt 0.000000 1.000000
vt 0.000000 1.000000
vt 0.000000 1.000000
vt 0.000000 1.000000
vt 0.000000 1.000000
vt 0.000000 1.000000
vt 0.000000 1.000000
vt 0.000000 1.000000
vt 0.000000 1.000000
vt 0.000000 1.000000
vt 0.000000 1.000000
vt 0.000000 1.000000
vt 0.000000 1.000000
vt 0.000000 1.000000
vt 0.000000 1.000000
vt 0.000000 1.000000
vt 0.000000 1.000000
vt 0.000000 1.000000
vt 0.000000 1.000000
vt 0.000000 1.000000
vt 0.000000 1.000000
vt 0.000000 1.000000
vt 0.000000 1.000000
vt 0.000000 1.000000
vt 0.000000 1.000000
vt 0.000000 1.000000
vt 0.000000 1.000000
vt 0.000000 1.000000
vt 0.000000 1.000000
vt 0.000000 1.000000
vt 0.000000 1.000000
vt 0.000000 1.000000
vt 0.000000 1.000000
vt 0.000000 1.000000
vt 0.000000 1.000000
vt 0.000000 1.000000
vt 0.000000 1.000000
vt 0.000000 1.000000
vt 0.000000 1.000000
vt 0.000000 1.000000
vt 0.000000 1.000000
vt 0.000000 1.000000
vt 0.000000 1.000000
vt 0.000000 1.000000
vt 0.000000 1.000000
vt 0.000000 1.000000
vt 0.000000 1.000000
vt 0.000000 1.000000
vt 0.000000 1.000000
vt 0.000000 1.000000
vt 0.000000 1.000000
vt 0.000000 1.000000
vt 0.000000 1.000000
vt 0.000000 1.000000
vt 0.000000 1.000000
vt 0.000000 1.000000
vt 0.000000 1.000000
vt 0.000000 1.000000
vt 0.000000 1.000000
vt 0.000000 1.000000
vt 0.000000 1.000000
vt 0.000000 1.000000
vt 0.000000 1.000000
vt 0.000000 1.000000
vt 0.000000 1.000000
vt 0.000000 1.000000
vt 0.000000 1.000000
vt 0.000000 1.000000
vt 0.000000 1.000000
vt 0.000000 1.000000
vt 0.000000 1.000000
vt 0.000000 1.000000
vt 0.000000 1.000000
vt 0.000000 1.000000
vt 0.000000 1.000000
vt 0.000000 1.000000
vt 0.000000 1.000000
vt 0.000000 1.000000
vt 0.000000 1.000000
vt 0.000000 1.000000
vt 0.000000 1.000000
vt 0.000000 1.000000
vt 0.000000 1.000000
vt 0.000000 1.000000
vt 0.000000 1.000000
vt 0.000000 1.000000
vt 0.000000 1.000000
vt 0.000000 1.000000
vt 0.000000 1.000000
vt 0.000000 1.000000
vt 0.000000 1.000000
vt 0.000000 1.000000
vt 0.000000 1.000000
vt 0.000000 1.000000
vt 0.000000 1.000000
vt 0.000000 1.000000
vt 0.000000 1.000000
vt 0.000000 1.000000
vt 0.000000 1.000000
vt 0.000000 1.000000
vt 0.000000 1.000000
vt 0.000000 1.000000
vt 0.000000 1.000000
vt 0.000000 1.000000
vt 0.000000 1.000000
vt 0.000000 1.000000
vt 0.000000 1.000000
vt 0.000000 1.000000
vt 0.000000 1.000000
vt 0.000000 1.000000
vt 0.000000 1.000000
vt 0.000000 1.000000
vt 0.000000 1.000000
vt 0.000000 1.000000
vt 0.000000 1.000000
vt 0.000000 1.000000
vt 0.000000 1.000000
vt 0.000000 1.000000
vt 0.000000 1.000000
vt 0.000000 1.000000
vt 0.000000 1.000000
vt 0.000000 1.000000
vt 0.000000 1.000000
vt 0.000000 1.000000
vt 0.000000 1.000000
vt 0.000000 1.000000
vt 0.000000 1.000000
vt 0.000000 1.000000
vt 0.000000 1.000000
vt 0.000000 1.000000
vt 0.000000 1.000000
vt 0.000000 1.000000
vt 0.000000 1.000000
vt 0.000000 1.000000
vt 0.000000 1.000000
vt 0.000000 1.000000
vt 0.000000 1.000000
vt 0.000000 1.000000
vt 0.000000 1.000000
vt 0.000000 1.000000
vt 0.000000 1.000000
vt 0.000000 1.000000
vt 0.000000 1.000000
vt 0.000000 1.000000
vt 0.000000 1.000000
vt 0.000000 1.000000
vt 0.000000 1.000000
vt 0.000000 1.000000
vt 0.000000 1.000000
vt 0.000000 1.000000
vt 0.000000 1.000000
vt 0.000000 1.000000
vt 0.000000 1.000000
vt 0.000000 1.000000
vt 0.000000 1.000000
vt 0.000000 1.000000
vt 0.000000 1.000000
vt 0.000000 1.000000
vt 0.000000 1.000000
vt 0.000000 1.000000
vt 0.000000 1.000000
vt 0.000000 1.000000
vt 0.000000 1.000000
vt 0.000000 1.000000
vt 0.000000 1.000000
vt 0.000000 1.000000
vt 0.000000 1.000000
vt 0.000000 1.000000
vt 0.000000 1.000000
vt 0.000000 1.000000
vt 0.000000 1.000000
vt 0.000000 1.000000
vt 0.000000 1.000000
vt 0.000000 1.000000
vt 0.000000 1.000000
vt 0.000000 1.000000
vt 0.000000 1.000000
vt 0.000000 1.000000
vt 0.000000 1.000000
vt 0.000000 1.000000
vt 0.000000 1.000000
vt 0.000000 1.000000
vt 0.000000 1.000000
vt 0.000000 1.000000
vt 0.000000 1.000000
vt 0.000000 1.000000
vt 0.000000 1.000000
vt 0.000000 1.000000
vt 0.000000 1.000000
vt 0.000000 1.000000
vt 0.000000 1.000000
vt 0.000000 1.000000
vt 0.000000 1.000000
vt 0.000000 1.000000
vt 0.000000 1.000000
vt 0.000000 1.000000
vt 0.000000 1.000000
vt 0.000000 1.000000
vt 0.000000 1.000000
vt 0.000000 1.000000
vt 0.000000 1.000000
vt 0.000000 1.000000
vt 0.000000 1.000000
vt 0.000000 1.000000
vt 0.000000 1.000000
vt 0.000000 1.000000
vt 0.000000 1.000000
vt 0.000000 1.000000
vt 0.000000 1.000000
vt 0.000000 1.000000
vt 0.000000 1.000000
vt 0.000000 1.000000
vt 0.000000 1.000000
vt 0.000000 1.000000
vt 0.000000 1.000000
vt 0.000000 1.000000
vt 0.000000 1.000000
vt 0.000000 1.000000
vt 0.000000 1.000000
vt 0.000000 1.000000
vt 0.000000 1.000000
vt 0.000000 1.000000
vt 0.000000 1.000000
vt 0.000000 1.000000
vt 0.000000 1.000000
vt 0.000000 1.000000
vt 0.000000 1.000000
vt 0.000000 1.000000
vt 0.000000 1.000000
vt 0.000000 1.000000
vt 0.000000 1.000000
vt 0.000000 1.000000
vt 0.000000 1.000000
vt 0.000000 1.000000
vt 0.000000 1.000000
vt 0.000000 1.000000
vt 0.000000 1.000000
vt 0.000000 1.000000
vt 0.000000 1.000000
vt 0.000000 1.000000
vt 0.000000 1.000000
vt 0.000000 1.000000
vt 0.000000 1.000000
vt 0.000000 1.000000
vt 0.000000 1.000000
vt 0.000000 1.000000
vt 0.000000 1.000000
vt 0.000000 1.000000
vt 0.000000 1.000000
vt 0.000000 1.000000
vt 0.000000 1.000000
vt 0.000000 1.000000
vt 0.000000 1.000000
vt 0.000000 1.000000
vt 0.000000 1.000000
vt 0.000000 1.000000
vt 0.000000 1.000000
vt 0.000000 1.000000
vt 0.000000 1.000000
vt 0.000000 1.000000
vt 0.000000 1.000000
vt 0.000000 1.000000
vt 0.000000 1.000000
vt 0.000000 1.000000
vt 0.000000 1.000000
vt 0.000000 1.000000
vt 0.000000 1.000000
vt 0.000000 1.000000
vt 0.000000 1.000000
vt 0.000000 1.000000
vt 0.000000 1.000000
vt 0.000000 1.000000
vt 0.000000 1.000000
vt 0.000000 1.000000
vt 0.000000 1.000000
vt 0.000000 1.000000
vt 0.000000 1.000000
vt 0.000000 1.000000
vt 0.000000 1.000000
vt 0.000000 1.000000
vt 0.000000 1.000000
vt 0.000000 1.000000
vt 0.000000 1.000000
vt 0.000000 1.000000
vt 0.000000 1.000000
vt 0.000000 1.000000
vt 0.000000 1.000000
vt 0.000000 1.000000
vt 0.000000 1.000000
vt 0.000000 1.000000
vt 0.000000 1.000000
vt 0.000000 1.000000
vt 0.000000 1.000000
vt 0.000000 1.000000
vt 0.000000 1.000000
vt 0.000000 1.000000
vt 0.000000 1.000000
vt 0.000000 1.000000
vt 0.000000 1.000000
vt 0.000000 1.000000
vt 0.000000 1.000000
vt 0.000000 1.000000
vt 0.000000 1.000000
vt 0.000000 1.000000
vt 0.000000 1.000000
vt 0.000000 1.000000
vt 0.000000 1.000000
vt 0.000000 1.000000
vt 0.000000 1.000000
vt 0.000000 1.000000
vt 0.000000 1.000000
vt 0.000000 1.000000
vt 0.000000 1.000000
vt 0.000000 1.000000
vt 0.000000 1.000000
vt 0.000000 1.000000
vt 0.000000 1.000000
vt 0.000000 1.000000
vt 0.000000 1.000000
vt 0.000000 1.000000
vt 0.000000 1.000000
vt 0.000000 1.000000
vt 0.000000 1.000000
vt 0.000000 1.000000
vt 0.000000 1.000000
vt 0.000000 1.000000
vt 0.000000 1.000000
vt 0.000000 1.000000
vt 0.000000 1.000000
vt 0.000000 1.000000
vt 0.000000 1.000000
vt 0.000000 1.000000
vt 0.000000 1.000000
vt 0.000000 1.000000
vt 0.000000 1.000000
vt 0.000000 1.000000
vt 0.000000 1.000000
vt 0.000000 1.000000
vt 0.000000 1.000000
vt 0.000000 1.000000
vt 0.000000 1.000000
vt 0.000000 1.000000
vt 0.000000 1.000000
vt 0.000000 1.000000
vt 0.000000 1.000000
vt 0.000000 1.000000
vt 0.000000 1.000000
vt 0.000000 1.000000
vt 0.000000 1.000000
vt 0.000000 1.000000
vt 0.000000 1.000000
vt 0.000000 1.000000
vt 0.000000 1.000000
vt 0.000000 1.000000
vt 0.000000 1.000000
vt 0.000000 1.000000
vt 0.000000 1.000000
vt 0.000000 1.000000
vt 0.000000 1.000000
vt 0.000000 1.000000
vt 0.000000 1.000000
vt 0.000000 1.000000
vt 0.000000 1.000000
vt 0.000000 1.000000
vt 0.000000 1.000000
vt 0.000000 1.000000
vt 0.000000 1.000000
vt 0.000000 1.000000
vt 0.000000 1.000000
vt 0.000000 1.000000
vt 0.000000 1.000000
vt 0.000000 1.000000
vt 0.000000 1.000000
vt 0.000000 1.000000
vt 0.000000 1.000000
vt 0.000000 1.000000
vt 0.000000 1.000000
vt 0.000000 1.000000
vt 0.000000 1.000000
vt 0.000000 1.000000
vt 0.000000 1.000000
vt 0.000000 1.000000
vt 0.000000 1.000000
vt 0.000000 1.000000
vt 0.000000 1.000000
vt 0.000000 1.000000
vt 0.000000 1.000000
vt 0.000000 1.000000
vt 0.000000 1.000000
vt 0.000000 1.000000
vt 0.000000 1.000000
vt 0.000000 1.000000
vt 0.000000 1.000000
vt 0.000000 1.000000
vt 0.000000 1.000000
vt 0.000000 1.000000
vt 0.000000 1.000000
vt 0.000000 1.000000
vt 0.000000 1.000000
vt 0.000000 1.000000
vt 0.000000 1.000000
vt 0.000000 1.000000
vt 0.000000 1.000000
vt 0.000000 1.000000
vt 0.000000 1.000000
vt 0.000000 1.000000
vt 0.000000 1.000000
vt 0.000000 1.000000
vt 0.000000 1.000000
vt 0.000000 1.000000
vt 0.000000 1.000000
vt 0.000000 1.000000
vt 0.000000 1.000000
vt 0.000000 1.000000
vt 0.000000 1.000000
vt 0.000000 1.000000
vt 0.000000 1.000000
vt 0.000000 1.000000
vt 0.000000 1.000000
vt 0.000000 1.000000
vt 0.000000 1.000000
vt 0.000000 1.000000
vt 0.000000 1.000000
vt 0.000000 1.000000
vt 0.000000 1.000000
vt 0.000000 1.000000
vt 0.000000 1.000000
vt 0.000000 1.000000
vt 0.000000 1.000000
vt 0.000000 1.000000
vt 0.000000 1.000000
vt 0.000000 1.000000
vt 0.000000 1.000000
vt 0.000000 1.000000
vt 0.000000 1.000000
vt 0.000000 1.000000
vt 0.000000 1.000000
vt 0.000000 1.000000
vt 0.000000 1.000000
vt 0.000000 1.000000
vt 0.000000 1.000000
vt 0.000000 1.000000
vt 0.000000 1.000000
vt 0.000000 1.000000
vt 0.000000 1.000000
vt 0.000000 1.000000
vt 0.000000 1.000000
vt 0.000000 1.000000
vt 0.000000 1.000000
vt 0.000000 1.000000
vt 0.000000 1.000000
vt 0.000000 1.000000
vt 0.000000 1.000000
vt 0.000000 1.000000
vt 0.000000 1.000000
vt 0.000000 1.000000
vt 0.000000 1.000000
vt 0.000000 1.000000
vt 0.000000 1.000000
vt 0.000000 1.000000
vt 0.000000 1.000000
vt 0.000000 1.000000
vt 0.000000 1.000000
vt 0.000000 1.000000
vt 0.000000 1.000000
vt 0.000000 1.000000
vt 0.000000 1.000000
vt 0.000000 1.000000
vt 0.000000 1.000000
vt 0.000000 1.000000
vt 0.000000 1.000000
vt 0.000000 1.000000
vt 0.000000 1.000000
vt 0.000000 1.000000
vt 0.000000 1.000000
vt 0.000000 1.000000
vt 0.000000 1.000000
vt 0.000000 1.000000
vt 0.000000 1.000000
vt 0.000000 1.000000
vt 0.000000 1.000000
vt 0.000000 1.000000
vt 0.000000 1.000000
vt 0.000000 1.000000
vt 0.000000 1.000000
vt 0.000000 1.000000
vt 0.000000 1.000000
vt 0.000000 1.000000
vt 0.000000 1.000000
vt 0.000000 1.000000
vt 0.000000 1.000000
vt 0.000000 1.000000
vt 0.000000 1.000000
vt 0.000000 1.000000
vt 0.000000 1.000000
vt 0.000000 1.000000
vt 0.000000 1.000000
vt 0.000000 1.000000
vt 0.000000 1.000000
vt 0.000000 1.000000
vt 0.000000 1.000000
vt 0.000000 1.000000
vt 0.000000 1.000000
vt 0.000000 1.000000
vt 0.000000 1.000000
vt 0.000000 1.000000
vt 0.000000 1.000000
vt 0.000000 1.000000
vt 0.000000 1.000000
vt 0.000000 1.000000
vt 0.000000 1.000000
vt 0.000000 1.000000
vt 0.000000 1.000000
vt 0.000000 1.000000
vt 0.000000 1.000000
vt 0.000000 1.000000
vt 0.000000 1.000000
vt 0.000000 1.000000
vt 0.000000 1.000000
vt 0.000000 1.000000
vt 0.000000 1.000000
vt 0.000000 1.000000
vt 0.000000 1.000000
vt 0.000000 1.000000
vt 0.000000 1.000000
vt 0.000000 1.000000
vt 0.000000 1.000000
vt 0.000000 1.000000
vt 0.000000 1.000000
vt 0.000000 1.000000
vt 0.000000 1.000000
vt 0.000000 1.000000
vt 0.000000 1.000000
vt 0.000000 1.000000
vt 0.000000 1.000000
vt 0.000000 1.000000
vt 0.000000 1.000000
vt 0.000000 1.000000
vt 0.000000 1.000000
vt 0.000000 1.000000
vt 0.000000 1.000000
vt 0.000000 1.000000
vt 0.000000 1.000000
vt 0.000000 1.000000
vt 0.000000 1.000000
vt 0.000000 1.000000
vt 0.000000 1.000000
vt 0.000000 1.000000
vt 0.000000 1.000000
vt 0.000000 1.000000
vt 0.000000 1.000000
vt 0.000000 1.000000
vt 0.000000 1.000000
vt 0.000000 1.000000
vt 0.000000 1.000000
vt 0.000000 1.000000
vt 0.000000 1.000000
vt 0.000000 1.000000
vt 0.000000 1.000000
vt 0.000000 1.000000
vt 0.000000 1.000000
vt 0.000000 1.000000
vt 0.000000 1.000000
vt 0.000000 1.000000
vt 0.000000 1.000000
vt 0.000000 1.000000
vt 0.000000 1.000000
vt 0.000000 1.000000
vt 0.000000 1.000000
vt 0.000000 1.000000
vt 0.000000 1.000000
vt 0.000000 1.000000
vt 0.000000 1.000000
vt 0.000000 1.000000
vt 0.000000 1.000000
vt 0.000000 1.000000
vt 0.000000 1.000000
vt 0.000000 1.000000
vt 0.000000 1.000000
vt 0.000000 1.000000
vt 0.000000 1.000000
vt 0.000000 1.000000
vt 0.000000 1.000000
vt 0.000000 1.000000
vt 0.000000 1.000000
vt 0.000000 1.000000
vt 0.000000 1.000000
vt 0.000000 1.000000
vt 0.000000 1.000000
vt 0.000000 1.000000
vt 0.000000 1.000000
vt 0.000000 1.000000
vt 0.000000 1.000000
vt 0.000000 1.000000
vt 0.000000 1.000000
vt 0.000000 1.000000
vt 0.000000 1.000000
vt 0.000000 1.000000
vt 0.000000 1.000000
vt 0.000000 1.000000
vt 0.000000 1.000000
vt 0.000000 1.000000
vt 0.000000 1.000000
vt 0.000000 1.000000
vt 0.000000 1.000000
vt 0.000000 1.000000
vt 0.000000 1.000000
vt 0.000000 1.000000
vt 0.000000 1.000000
vt 0.000000 1.000000
vt 0.000000 1.000000
vt 0.000000 1.000000
vt 0.000000 1.000000
vt 0.000000 1.000000
vt 0.000000 1.000000
vt 0.000000 1.000000
vt 0.000000 1.000000
vt 0.000000 1.000000
vt 0.000000 1.000000
vt 0.000000 1.000000
vt 0.000000 1.000000
vt 0.000000 1.000000
vt 0.000000 1.000000
vt 0.000000 1.000000
vt 0.000000 1.000000
vt 0.000000 1.000000
vt 0.000000 1.000000
vt 0.000000 1.000000
vt 0.000000 1.000000
vt 0.000000 1.000000
vt 0.000000 1.000000
vt 0.000000 1.000000
vt 0.000000 1.000000
vt 0.000000 1.000000
vt 0.000000 1.000000
vt 0.000000 1.000000
vt 0.000000 1.000000
vt 0.000000 1.000000
vt 0.000000 1.000000
vt 0.000000 1.000000
vt 0.000000 1.000000
vt 0.000000 1.000000
vt 0.000000 1.000000
vt 0.000000 1.000000
vt 0.000000 1.000000
vt 0.000000 1.000000
vt 0.000000 1.000000
vt 0.000000 1.000000
vt 0.000000 1.000000
vt 0.000000 1.000000
vt 0.000000 1.000000
vt 0.000000 1.000000
vt 0.000000 1.000000
vt 0.000000 1.000000
vt 0.000000 1.000000
vt 0.000000 1.000000
vt 0.000000 1.000000
vt 0.000000 1.000000
vt 0.000000 1.000000
vt 0.000000 1.000000
vt 0.000000 1.000000
vt 0.000000 1.000000
vt 0.000000 1.000000
vt 0.000000 1.000000
vt 0.000000 1.000000
vt 0.000000 1.000000
vt 0.000000 1.000000
vt 0.000000 1.000000
vt 0.000000 1.000000
vt 0.000000 1.000000
vt 0.000000 1.000000
vt 0.000000 1.000000
vt 0.000000 1.000000
vt 0.000000 1.000000
vt 0.000000 1.000000
vt 0.000000 1.000000
vt 0.000000 1.000000
vt 0.000000 1.000000
vt 0.000000 1.000000
vt 0.000000 1.000000
vt 0.000000 1.000000
vt 0.000000 1.000000
vt 0.000000 1.000000
vt 0.000000 1.000000
vt 0.000000 1.000000
vt 0.000000 1.000000
vt 0.000000 1.000000
vt 0.000000 1.000000
vt 0.000000 1.000000
vt 0.000000 1.000000
vt 0.000000 1.000000
vt 0.000000 1.000000
vt 0.000000 1.000000
vt 0.000000 1.000000
vt 0.000000 1.000000
vt 0.000000 1.000000
vt 0.000000 1.000000
vt 0.000000 1.000000
vt 0.000000 1.000000
vt 0.000000 1.000000
vt 0.000000 1.000000
vt 0.000000 1.000000
vt 0.000000 1.000000
vt 0.000000 1.000000
vt 0.000000 1.000000
vt 0.000000 1.000000
vt 0.000000 1.000000
vt 0.000000 1.000000
vt 0.000000 1.000000
vt 0.000000 1.000000
vt 0.000000 1.000000
vt 0.000000 1.000000
vt 0.000000 1.000000
vt 0.000000 1.000000
vt 0.000000 1.000000
vt 0.000000 1.000000
vt 0.000000 1.000000
vt 0.000000 1.000000
vt 0.000000 1.000000
vt 0.000000 1.000000
vt 0.000000 1.000000
vt 0.000000 1.000000
vt 0.000000 1.000000
vt 0.000000 1.000000
vt 0.000000 1.000000
vt 0.000000 1.000000
vt 0.000000 1.000000
vt 0.000000 1.000000
vt 0.000000 1.000000
vt 0.000000 1.000000
vt 0.000000 1.000000
vt 0.000000 1.000000
vt 0.000000 1.000000
vt 0.000000 1.000000
vt 0.000000 1.000000
vt 0.000000 1.000000
vt 0.000000 1.000000
vt 0.000000 1.000000
vt 0.000000 1.000000
vt 0.000000 1.000000
vt 0.000000 1.000000
vt 0.000000 1.000000
vt 0.000000 1.000000
vt 0.000000 1.000000
vt 0.000000 1.000000
vt 0.000000 1.000000
vt 0.000000 1.000000
vt 0.000000 1.000000
vt 0.000000 1.000000
vt 0.000000 1.000000
vt 0.000000 1.000000
vt 0.000000 1.000000
vt 0.000000 1.000000
vt 0.000000 1.000000
vt 0.000000 1.000000
vt 0.000000 1.000000
vt 0.000000 1.000000
vt 0.000000 1.000000
vt 0.000000 1.000000
vt 0.000000 1.000000
vt 0.000000 1.000000
vt 0.000000 1.000000
vt 0.000000 1.000000
vt 0.000000 1.000000
vt 0.000000 1.000000
vt 0.000000 1.000000
vt 0.000000 1.000000
vt 0.000000 1.000000
vt 0.000000 1.000000
vt 0.000000 1.000000
vt 0.000000 1.000000
vt 0.000000 1.000000
vt 0.000000 1.000000
vt 0.000000 1.000000
vt 0.000000 1.000000
vt 0.000000 1.000000
vt 0.000000 1.000000
vt 0.000000 1.000000
vt 0.000000 1.000000
vt 0.000000 1.000000
vt 0.000000 1.000000
vt 0.000000 1.000000
vt 0.000000 1.000000
vt 0.000000 1.000000
vt 0.000000 1.000000
vt 0.000000 1.000000
vt 0.000000 1.000000
vt 0.000000 1.000000
vt 0.000000 1.000000
vt 0.000000 1.000000
vt 0.000000 1.000000
vt 0.000000 1.000000
vt 0.000000 1.000000
vt 0.000000 1.000000
vt 0.000000 1.000000
vt 0.000000 1.000000
vt 0.000000 1.000000
vt 0.000000 1.000000
vt 0.000000 1.000000
vt 0.000000 1.000000
vt 0.000000 1.000000
vt 0.000000 1.000000
vt 0.000000 1.000000
vt 0.000000 1.000000
vt 0.000000 1.000000
vt 0.000000 1.000000
vt 0.000000 1.000000
vt 0.000000 1.000000
vt 0.000000 1.000000
vt 0.000000 1.000000
vt 0.000000 1.000000
vt 0.000000 1.000000
vt 0.000000 1.000000
vt 0.000000 1.000000
vt 0.000000 1.000000
vt 0.000000 1.000000
vt 0.000000 1.000000
vt 0.000000 1.000000
vt 0.000000 1.000000
vt 0.000000 1.000000
vt 0.000000 1.000000
vt 0.000000 1.000000
vt 0.000000 1.000000
vt 0.000000 1.000000
vt 0.000000 1.000000
vt 0.000000 1.000000
vt 0.000000 1.000000
vt 0.000000 1.000000
vt 0.000000 1.000000
vt 0.000000 1.000000
vt 0.000000 1.000000
vt 0.000000 1.000000
vt 0.000000 1.000000
vt 0.000000 1.000000
vt 0.000000 1.000000
vt 0.000000 1.000000
vt 0.000000 1.000000
vt 0.000000 1.000000
vt 0.000000 1.000000
vt 0.000000 1.000000
vt 0.000000 1.000000
vt 0.000000 1.000000
vt 0.000000 1.000000
vt 0.000000 1.000000
vt 0.000000 1.000000
vt 0.000000 1.000000
vt 0.000000 1.000000
vt 0.000000 1.000000
vt 0.000000 1.000000
vt 0.000000 1.000000
vt 0.000000 1.000000
vt 0.000000 1.000000
vt 0.000000 1.000000
vt 0.000000 1.000000
vt 0.000000 1.000000
vt 0.000000 1.000000
vt 0.000000 1.000000
vt 0.000000 1.000000
vt 0.000000 1.000000
vt 0.000000 1.000000
vt 0.000000 1.000000
vt 0.000000 1.000000
vt 0.000000 1.000000
vt 0.000000 1.000000
vt 0.000000 1.000000
vt 0.000000 1.000000
vt 0.000000 1.000000
vt 0.000000 1.000000
vt 0.000000 1.000000
vt 0.000000 1.000000
vt 0.000000 1.000000
vt 0.000000 1.000000
vt 0.000000 1.000000
vt 0.000000 1.000000
vt 0.000000 1.000000
vt 0.000000 1.000000
vt 0.000000 1.000000
vt 0.000000 1.000000
vt 0.000000 1.000000
vt 0.000000 1.000000
vt 0.000000 1.000000
vt 0.000000 1.000000
vt 0.000000 1.000000
vt 0.000000 1.000000
vt 0.000000 1.000000
vt 0.000000 1.000000
vt 0.000000 1.000000
vt 0.000000 1.000000
vt 0.000000 1.000000
vt 0.000000 1.000000
vt 0.000000 1.000000
vt 0.000000 1.000000
vt 0.000000 1.000000
vt 0.000000 1.000000
vt 0.000000 1.000000
vt 0.000000 1.000000
vt 0.000000 1.000000
vt 0.000000 1.000000
vt 0.000000 1.000000
vt 0.000000 1.000000
vt 0.000000 1.000000
vt 0.000000 1.000000
vt 0.000000 1.000000
vt 0.000000 1.000000
vt 0.000000 1.000000
vt 0.000000 1.000000
vt 0.000000 1.000000
vt 0.000000 1.000000
vt 0.000000 1.000000
vt 0.000000 1.000000
vt 0.000000 1.000000
vt 0.000000 1.000000
vt 0.000000 1.000000
vt 0.000000 1.000000
vt 0.000000 1.000000
vt 0.000000 1.000000
vt 0.000000 1.000000
vt 0.000000 1.000000
vt 0.000000 1.000000
vt 0.000000 1.000000
vt 0.000000 1.000000
vt 0.000000 1.000000
vt 0.000000 1.000000
vt 0.000000 1.000000
vt 0.000000 1.000000
vt 0.000000 1.000000
vt 0.000000 1.000000
vt 0.000000 1.000000
vt 0.000000 1.000000
vt 0.000000 1.000000
vt 0.000000 1.000000
vt 0.000000 1.000000
vt 0.000000 1.000000
vt 0.000000 1.000000
vt 0.000000 1.000000
vt 0.000000 1.000000
vt 0.000000 1.000000
vt 0.000000 1.000000
vt 0.000000 1.000000
vt 0.000000 1.000000
vt 0.000000 1.000000
vt 0.000000 1.000000
vt 0.000000 1.000000
vt 0.000000 1.000000
vt 0.000000 1.000000
vt 0.000000 1.000000
vt 0.000000 1.000000
vt 0.000000 1.000000
vt 0.000000 1.000000
vt 0.000000 1.000000
vt 0.000000 1.000000
vt 0.000000 1.000000
vt 0.000000 1.000000
vt 0.000000 1.000000
vt 0.000000 1.000000
vt 0.000000 1.000000
vt 0.000000 1.000000
vt 0.000000 1.000000
vt 0.000000 1.000000
vt 0.000000 1.000000
vt 0.000000 1.000000
vt 0.000000 1.000000
vt 0.000000 1.000000
vt 0.000000 1.000000
vt 0.000000 1.000000
vt 0.000000 1.000000
vt 0.000000 1.000000
vt 0.000000 1.000000
vt 0.000000 1.000000
vt 0.000000 1.000000
vt 0.000000 1.000000
vt 0.000000 1.000000
vt 0.000000 1.000000
vt 0.000000 1.000000
vt 0.000000 1.000000
vt 0.000000 1.000000
vt 0.000000 1.000000
vt 0.000000 1.000000
vt 0.000000 1.000000
vt 0.000000 1.000000
vt 0.000000 1.000000
vt 0.000000 1.000000
vt 0.000000 1.000000
vt 0.000000 1.000000
vt 0.000000 1.000000
vt 0.000000 1.000000
vt 0.000000 1.000000
vt 0.000000 1.000000
vt 0.000000 1.000000
vt 0.000000 1.000000
vt 0.000000 1.000000
vt 0.000000 1.000000
vt 0.000000 1.000000
vt 0.000000 1.000000
vt 0.000000 1.000000
vt 0.000000 1.000000
vt 0.000000 1.000000
vt 0.000000 1.000000
vt 0.000000 1.000000
vt 0.000000 1.000000
vt 0.000000 1.000000
vt 0.000000 1.000000
vt 0.000000 1.000000
vt 0.000000 1.000000
vt 0.000000 1.000000
vt 0.000000 1.000000
vt 0.000000 1.000000
vt 0.000000 1.000000
vt 0.000000 1.000000
vt 0.000000 1.000000
vt 0.000000 1.000000
vt 0.000000 1.000000
vt 0.000000 1.000000
vt 0.000000 1.000000
vt 0.000000 1.000000
vt 0.000000 1.000000
vt 0.000000 1.000000
vt 0.000000 1.000000
vt 0.000000 1.000000
vt 0.000000 1.000000
vt 0.000000 1.000000
vt 0.000000 1.000000
vt 0.000000 1.000000
vt 0.000000 1.000000
vt 0.000000 1.000000
vt 0.000000 1.000000
vt 0.000000 1.000000
vt 0.000000 1.000000
vt 0.000000 1.000000
vt 0.000000 1.000000
vt 0.000000 1.000000
vt 0.000000 1.000000
vt 0.000000 1.000000
vt 0.000000 1.000000
vt 0.000000 1.000000
vt 0.000000 1.000000
vt 0.000000 1.000000
vt 0.000000 1.000000
vt 0.000000 1.000000
vt 0.000000 1.000000
vt 0.000000 1.000000
vt 0.000000 1.000000
vt 0.000000 1.000000
vt 0.000000 1.000000
vt 0.000000 1.000000
vt 0.000000 1.000000
vt 0.000000 1.000000
vt 0.000000 1.000000
vt 0.000000 1.000000
vt 0.000000 1.000000
vt 0.000000 1.000000
vt 0.000000 1.000000
vt 0.000000 1.000000
vt 0.000000 1.000000
vt 0.000000 1.000000
vt 0.000000 1.000000
vt 0.000000 1.000000
vt 0.000000 1.000000
vt 0.000000 1.000000
vt 0.000000 1.000000
vt 0.000000 1.000000
vt 0.000000 1.000000
vt 0.000000 1.000000
vt 0.000000 1.000000
vt 0.000000 1.000000
vt 0.000000 1.000000
vt 0.000000 1.000000
vt 0.000000 1.000000
vt 0.000000 1.000000
vt 0.000000 1.000000
vt 0.000000 1.000000
vt 0.000000 1.000000
vt 0.000000 1.000000
vt 0.000000 1.000000
vt 0.000000 1.000000
vt 0.000000 1.000000
vt 0.000000 1.000000
vt 0.000000 1.000000
vt 0.000000 1.000000
vt 0.000000 1.000000
vt 0.000000 1.000000
vt 0.000000 1.000000
vt 0.000000 1.000000
vt 0.000000 1.000000
vt 0.000000 1.000000
vt 0.000000 1.000000
vt 0.000000 1.000000
vt 0.000000 1.000000
vt 0.000000 1.000000
vt 0.000000 1.000000
vt 0.000000 1.000000
vt 0.000000 1.000000
vt 0.000000 1.000000
vt 0.000000 1.000000
vt 0.000000 1.000000
vt 0.000000 1.000000
vt 0.000000 1.000000
vt 0.000000 1.000000
vt 0.000000 1.000000
vt 0.000000 1.000000
vt 0.000000 1.000000
vt 0.000000 1.000000
vt 0.000000 1.000000
vt 0.000000 1.000000
vt 0.000000 1.000000
vt 0.000000 1.000000
vt 0.000000 1.000000
vt 0.000000 1.000000
vt 0.000000 1.000000
vt 0.000000 1.000000
vt 0.000000 1.000000
vt 0.000000 1.000000
vt 0.000000 1.000000
vt 0.000000 1.000000
vt 0.000000 1.000000
vt 0.000000 1.000000
vt 0.000000 1.000000
vt 0.000000 1.000000
vt 0.000000 1.000000
vt 0.000000 1.000000
vt 0.000000 1.000000
vt 0.000000 1.000000
vt 0.000000 1.000000
vt 0.000000 1.000000
vt 0.000000 1.000000
vt 0.000000 1.000000
vt 0.000000 1.000000
vt 0.000000 1.000000
vt 0.000000 1.000000
vt 0.000000 1.000000
vt 0.000000 1.000000
vt 0.000000 1.000000
vt 0.000000 1.000000
vt 0.000000 1.000000
vt 0.000000 1.000000
vt 0.000000 1.000000
vt 0.000000 1.000000
vt 0.000000 1.000000
vt 0.000000 1.000000
vt 0.000000 1.000000
vt 0.000000 1.000000
vt 0.000000 1.000000
vt 0.000000 1.000000
vt 0.000000 1.000000
vt 0.000000 1.000000
vt 0.000000 1.000000
vt 0.000000 1.000000
vt 0.000000 1.000000
vt 0.000000 1.000000
vt 0.000000 1.000000
vt 0.000000 1.000000
vt 0.000000 1.000000
vt 0.000000 1.000000
vt 0.000000 1.000000
vt 0.000000 1.000000
vt 0.000000 1.000000
vt 0.000000 1.000000
vt 0.000000 1.000000
vt 0.000000 1.000000
vt 0.000000 1.000000
vt 0.000000 1.000000
vt 0.000000 1.000000
vt 0.000000 1.000000
vt 0.000000 1.000000
vt 0.000000 1.000000
vt 0.000000 1.000000
vt 0.000000 1.000000
vt 0.000000 1.000000
vt 0.000000 1.000000
vt 0.000000 1.000000
vt 0.000000 1.000000
vt 0.000000 1.000000
vt 0.000000 1.000000
vt 0.000000 1.000000
vt 0.000000 1.000000
vt 0.000000 1.000000
vt 0.000000 1.000000
vt 0.000000 1.000000
vt 0.000000 1.000000
vt 0.000000 1.000000
vt 0.000000 1.000000
vt 0.000000 1.000000
vt 0.000000 1.000000
vt 0.000000 1.000000
vt 0.000000 1.000000
vt 0.000000 1.000000
vt 0.000000 1.000000
vt 0.000000 1.000000
vt 0.000000 1.000000
vt 0.000000 1.000000
vt 0.000000 1.000000
vt 0.000000 1.000000
vt 0.000000 1.000000
vt 0.000000 1.000000
vt 0.000000 1.000000
vt 0.000000 1.000000
vt 0.000000 1.000000
vt 0.000000 1.000000
vt 0.000000 1.000000
vt 0.000000 1.000000
vt 0.000000 1.000000
vt 0.000000 1.000000
vt 0.000000 1.000000
vt 0.000000 1.000000
vt 0.000000 1.000000
vt 0.000000 1.000000
vt 0.000000 1.000000
vt 0.000000 1.000000
vt 0.000000 1.000000
vt 0.000000 1.000000
vt 0.000000 1.000000
vt 0.000000 1.000000
vt 0.000000 1.000000
vt 0.000000 1.000000
vt 0.000000 1.000000
vt 0.000000 1.000000
vt 0.000000 1.000000
vt 0.000000 1.000000
vt 0.000000 1.000000
vt 0.000000 1.000000
vt 0.000000 1.000000
vt 0.000000 1.000000
vt 0.000000 1.000000
vt 0.000000 1.000000
vt 0.000000 1.000000
vt 0.000000 1.000000
vt 0.000000 1.000000
vt 0.000000 1.000000
vt 0.000000 1.000000
vt 0.000000 1.000000
vt 0.000000 1.000000
vt 0.000000 1.000000
vt 0.000000 1.000000
vt 0.000000 1.000000
vt 0.000000 1.000000
vt 0.000000 1.000000
vt 0.000000 1.000000
vt 0.000000 1.000000
vt 0.000000 1.000000
vt 0.000000 1.000000
vt 0.000000 1.000000
vt 0.000000 1.000000
vt 0.000000 1.000000
vt 0.000000 1.000000
vt 0.000000 1.000000
vt 0.000000 1.000000
vt 0.000000 1.000000
vt 0.000000 1.000000
vt 0.000000 1.000000
vt 0.000000 1.000000
vt 0.000000 1.000000
vt 0.000000 1.000000
vt 0.000000 1.000000
vt 0.000000 1.000000
vt 0.000000 1.000000
vt 0.000000 1.000000
vt 0.000000 1.000000
vt 0.000000 1.000000
vt 0.000000 1.000000
vt 0.000000 1.000000
vt 0.000000 1.000000
vt 0.000000 1.000000
vt 0.000000 1.000000
vt 0.000000 1.000000
vt 0.000000 1.000000
vt 0.000000 1.000000
vt 0.000000 1.000000
vt 0.000000 1.000000
vt 0.000000 1.000000
vt 0.000000 1.000000
vt 0.000000 1.000000
vt 0.000000 1.000000
vt 0.000000 1.000000
vt 0.000000 1.000000
vt 0.000000 1.000000
vt 0.000000 1.000000
vt 0.000000 1.000000
vt 0.000000 1.000000
vt 0.000000 1.000000
vt 0.000000 1.000000
vt 0.000000 1.000000
vt 0.000000 1.000000
vt 0.000000 1.000000
vt 0.000000 1.000000
vt 0.000000 1.000000
vt 0.000000 1.000000
vt 0.000000 1.000000
vt 0.000000 1.000000
vt 0.000000 1.000000
vt 0.000000 1.000000
vt 0.000000 1.000000
vt 0.000000 1.000000
vt 0.000000 1.000000
vt 0.000000 1.000000
vt 0.000000 1.000000
vt 0.000000 1.000000
vt 0.000000 1.000000
vt 0.000000 1.000000
vt 0.000000 1.000000
vt 0.000000 1.000000
vt 0.000000 1.000000
vt 0.000000 1.000000
vt 0.000000 1.000000
vt 0.000000 1.000000
vt 0.000000 1.000000
vt 0.000000 1.000000
vt 0.000000 1.000000
vt 0.000000 1.000000
vt 0.000000 1.000000
vt 0.000000 1.000000
vt 0.000000 1.000000
vt 0.000000 1.000000
vt 0.000000 1.000000
vt 0.000000 1.000000
vt 0.000000 1.000000
vt 0.000000 1.000000
vt 0.000000 1.000000
vt 0.000000 1.000000
vt 0.000000 1.000000
vt 0.000000 1.000000
vt 0.000000 1.000000
vt 0.000000 1.000000
vt 0.000000 1.000000
vt 0.000000 1.000000
vt 0.000000 1.000000
vt 0.000000 1.000000
vt 0.000000 1.000000
vt 0.000000 1.000000
vt 0.000000 1.000000
vt 0.000000 1.000000
vt 0.000000 1.000000
vt 0.000000 1.000000
vt 0.000000 1.000000
vt 0.000000 1.000000
vt 0.000000 1.000000
vt 0.000000 1.000000
vt 0.000000 1.000000
vt 0.000000 1.000000
vt 0.000000 1.000000
vt 0.000000 1.000000
vt 0.000000 1.000000
vt 0.000000 1.000000
vt 0.000000 1.000000
vt 0.000000 1.000000
vt 0.000000 1.000000
vt 0.000000 1.000000
vt 0.000000 1.000000
vt 0.000000 1.000000
vt 0.000000 1.000000
vt 0.000000 1.000000
vt 0.000000 1.000000
vt 0.000000 1.000000
vt 0.000000 1.000000
vt 0.000000 1.000000
vt 0.000000 1.000000
vt 0.000000 1.000000
vt 0.000000 1.000000
vt 0.000000 1.000000
vt 0.000000 1.000000
vt 0.000000 1.000000
vt 0.000000 1.000000
vt 0.000000 1.000000
vt 0.000000 1.000000
vt 0.000000 1.000000
vt 0.000000 1.000000
vt 0.000000 1.000000
vt 0.000000 1.000000
vt 0.000000 1.000000
vt 0.000000 1.000000
vt 0.000000 1.000000
vt 0.000000 1.000000
vt 0.000000 1.000000
vt 0.000000 1.000000
vt 0.000000 1.000000
vt 0.000000 1.000000
vt 0.000000 1.000000
vt 0.000000 1.000000
vt 0.000000 1.000000
vt 0.000000 1.000000
vt 0.000000 1.000000
vt 0.000000 1.000000
vt 0.000000 1.000000
vt 0.000000 1.000000
vt 0.000000 1.000000
vt 0.000000 1.000000
vt 0.000000 1.000000
vt 0.000000 1.000000
vt 0.000000 1.000000
vt 0.000000 1.000000
vt 0.000000 1.000000
vt 0.000000 1.000000
vt 0.000000 1.000000
vt 0.000000 1.000000
vt 0.000000 1.000000
vt 0.000000 1.000000
vt 0.000000 1.000000
vt 0.000000 1.000000
vt 0.000000 1.000000
vt 0.000000 1.000000
vt 0.000000 1.000000
vt 0.000000 1.000000
vt 0.000000 1.000000
vt 0.000000 1.000000
vt 0.000000 1.000000
vt 0.000000 1.000000
vt 0.000000 1.000000
vt 0.000000 1.000000
vt 0.000000 1.000000
vt 0.000000 1.000000
vt 0.000000 1.000000
vt 0.000000 1.000000
vt 0.000000 1.000000
vt 0.000000 1.000000
vt 0.000000 1.000000
vt 0.000000 1.000000
vt 0.000000 1.000000
vt 0.000000 1.000000
vt 0.000000 1.000000
vt 0.000000 1.000000
vt 0.000000 1.000000
vt 0.000000 1.000000
vt 0.000000 1.000000
vt 0.000000 1.000000
vt 0.000000 1.000000
vt 0.000000 1.000000
vt 0.000000 1.000000
vt 0.000000 1.000000
vt 0.000000 1.000000
vt 0.000000 1.000000
vt 0.000000 1.000000
vt 0.000000 1.000000
vt 0.000000 1.000000
vt 0.000000 1.000000
vt 0.000000 1.000000
vt 0.000000 1.000000
vt 0.000000 1.000000
vt 0.000000 1.000000
vt 0.000000 1.000000
vt 0.000000 1.000000
vt 0.000000 1.000000
vt 0.000000 1.000000
vt 0.000000 1.000000
vt 0.000000 1.000000
vt 0.000000 1.000000
vt 0.000000 1.000000
vt 0.000000 1.000000
vt 0.000000 1.000000
vt 0.000000 1.000000
vt 0.000000 1.000000
vt 0.000000 1.000000
vt 0.000000 1.000000
vt 0.000000 1.000000
vt 0.000000 1.000000
vt 0.000000 1.000000
vt 0.000000 1.000000
vt 0.000000 1.000000
vt 0.000000 1.000000
vt 0.000000 1.000000
vt 0.000000 1.000000
vt 0.000000 1.000000
vt 0.000000 1.000000
vt 0.000000 1.000000
vt 0.000000 1.000000
vt 0.000000 1.000000
vt 0.000000 1.000000
vt 0.000000 1.000000
vt 0.000000 1.000000
vt 0.000000 1.000000
vt 0.000000 1.000000
vt 0.000000 1.000000
vt 0.000000 1.000000
vt 0.000000 1.000000
vt 0.000000 1.000000
vt 0.000000 1.000000
vt 0.000000 1.000000
vt 0.000000 1.000000
vt 0.000000 1.000000
vt 0.000000 1.000000
vt 0.000000 1.000000
vt 0.000000 1.000000
vt 0.000000 1.000000
vt 0.000000 1.000000
vt 0.000000 1.000000
vt 0.000000 1.000000
vt 0.000000 1.000000
vt 0.000000 1.000000
vt 0.000000 1.000000
vt 0.000000 1.000000
vt 0.000000 1.000000
vt 0.000000 1.000000
vt 0.000000 1.000000
vt 0.000000 1.000000
vt 0.000000 1.000000
vt 0.000000 1.000000
vt 0.000000 1.000000
vt 0.000000 1.000000
vt 0.000000 1.000000
vt 0.000000 1.000000
vt 0.000000 1.000000
vt 0.000000 1.000000
vt 0.000000 1.000000
vt 0.000000 1.000000
vt 0.000000 1.000000
vt 0.000000 1.000000
vt 0.000000 1.000000
vt 0.000000 1.000000
vt 0.000000 1.000000
vt 0.000000 1.000000
vt 0.000000 1.000000
vt 0.000000 1.000000
vt 0.000000 1.000000
vt 0.000000 1.000000
vt 0.000000 1.000000
vt 0.000000 1.000000
vt 0.000000 1.000000
vt 0.000000 1.000000
vt 0.000000 1.000000
vt 0.000000 1.000000
vt 0.000000 1.000000
vt 0.000000 1.000000
vt 0.000000 1.000000
vt 0.000000 1.000000
vt 0.000000 1.000000
vt 0.000000 1.000000
vt 0.000000 1.000000
vt 0.000000 1.000000
vt 0.000000 1.000000
vt 0.000000 1.000000
vt 0.000000 1.000000
vt 0.000000 1.000000
vt 0.000000 1.000000
vt 0.000000 1.000000
vt 0.000000 1.000000
vt 0.000000 1.000000
vt 0.000000 1.000000
vt 0.000000 1.000000
vt 0.000000 1.000000
vt 0.000000 1.000000
vt 0.000000 1.000000
vt 0.000000 1.000000
vt 0.000000 1.000000
vt 0.000000 1.000000
vt 0.000000 1.000000
vt 0.000000 1.000000
vt 0.000000 1.000000
vt 0.000000 1.000000
vt 0.000000 1.000000
vt 0.000000 1.000000
vt 0.000000 1.000000
vt 0.000000 1.000000
vt 0.000000 1.000000
vt 0.000000 1.000000
vt 0.000000 1.000000
vt 0.000000 1.000000
vt 0.000000 1.000000
vt 0.000000 1.000000
vt 0.000000 1.000000
vt 0.000000 1.000000
vt 0.000000 1.000000
vt 0.000000 1.000000
vt 0.000000 1.000000
vt 0.000000 1.000000
vt 0.000000 1.000000
vt 0.000000 1.000000
vt 0.000000 1.000000
vt 0.000000 1.000000
vt 0.000000 1.000000
vt 0.000000 1.000000
vt 0.000000 1.000000
vt 0.000000 1.000000
vt 0.000000 1.000000
vt 0.000000 1.000000
vt 0.000000 1.000000
vt 0.000000 1.000000
vt 0.000000 1.000000
vt 0.000000 1.000000
vt 0.000000 1.000000
vt 0.000000 1.000000
vt 0.000000 1.000000
vt 0.000000 1.000000
vt 0.000000 1.000000
vt 0.000000 1.000000
vt 0.000000 1.000000
vt 0.000000 1.000000
vt 0.000000 1.000000
vt 0.000000 1.000000
vt 0.000000 1.000000
vt 0.000000 1.000000
vt 0.000000 1.000000
vt 0.000000 1.000000
vt 0.000000 1.000000
vt 0.000000 1.000000
vt 0.000000 1.000000
vt 0.000000 1.000000
vt 0.000000 1.000000
vt 0.000000 1.000000
vt 0.000000 1.000000
vt 0.000000 1.000000
vt 0.000000 1.000000
vt 0.000000 1.000000
vt 0.000000 1.000000
vt 0.000000 1.000000
vt 0.000000 1.000000
vt 0.000000 1.000000
vt 0.000000 1.000000
vt 0.000000 1.000000
vt 0.000000 1.000000
vt 0.000000 1.000000
vt 0.000000 1.000000
vt 0.000000 1.000000
vt 0.000000 1.000000
vt 0.000000 1.000000
vt 0.000000 1.000000
vt 0.000000 1.000000
vt 0.000000 1.000000
vt 0.000000 1.000000
vt 0.000000 1.000000
vt 0.000000 1.000000
vt 0.000000 1.000000
vt 0.000000 1.000000
vt 0.000000 1.000000
vt 0.000000 1.000000
vt 0.000000 1.000000
vt 0.000000 1.000000
vt 0.000000 1.000000
vt 0.000000 1.000000
vt 0.000000 1.000000
vt 0.000000 1.000000
vt 0.000000 1.000000
vt 0.000000 1.000000
vt 0.000000 1.000000
vt 0.000000 1.000000
vt 0.000000 1.000000
vt 0.000000 1.000000
vt 0.000000 1.000000
vt 0.000000 1.000000
vt 0.000000 1.000000
vt 0.000000 1.000000
vt 0.000000 1.000000
vt 0.000000 1.000000
vt 0.000000 1.000000
vt 0.000000 1.000000
vt 0.000000 1.000000
vt 0.000000 1.000000
vt 0.000000 1.000000
vt 0.000000 1.000000
vt 0.000000 1.000000
vt 0.000000 1.000000
vt 0.000000 1.000000
vt 0.000000 1.000000
vt 0.000000 1.000000
vt 0.000000 1.000000
vt 0.000000 1.000000
vt 0.000000 1.000000
vt 0.000000 1.000000
vt 0.000000 1.000000
vt 0.000000 1.000000
vt 0.000000 1.000000
vt 0.000000 1.000000
vt 0.000000 1.000000
vt 0.000000 1.000000
vt 0.000000 1.000000
vt 0.000000 1.000000
vt 0.000000 1.000000
vt 0.000000 1.000000
vt 0.000000 1.000000
vt 0.000000 1.000000
vt 0.000000 1.000000
vt 0.000000 1.000000
vt 0.000000 1.000000
vt 0.000000 1.000000
vt 0.000000 1.000000
vt 0.000000 1.000000
vt 0.000000 1.000000
vt 0.000000 1.000000
vt 0.000000 1.000000
vt 0.000000 1.000000
vt 0.000000 1.000000
vt 0.000000 1.000000
vt 0.000000 1.000000
vt 0.000000 1.000000
vt 0.000000 1.000000
vt 0.000000 1.000000
vt 0.000000 1.000000
vt 0.000000 1.000000
vt 0.000000 1.000000
vt 0.000000 1.000000
vt 0.000000 1.000000
vt 0.000000 1.000000
vt 0.000000 1.000000
vt 0.000000 1.000000
vt 0.000000 1.000000
vt 0.000000 1.000000
vt 0.000000 1.000000
vt 0.000000 1.000000
vt 0.000000 1.000000
vt 0.000000 1.000000
vt 0.000000 1.000000
vt 0.000000 1.000000
vt 0.000000 1.000000
vt 0.000000 1.000000
vt 0.000000 1.000000
vt 0.000000 1.000000
vt 0.000000 1.000000
vt 0.000000 1.000000
vt 0.000000 1.000000
vt 0.000000 1.000000
vt 0.000000 1.000000
vt 0.000000 1.000000
vt 0.000000 1.000000
vt 0.000000 1.000000
vt 0.000000 1.000000
vt 0.000000 1.000000
vt 0.000000 1.000000
vt 0.000000 1.000000
vt 0.000000 1.000000
vt 0.000000 1.000000
vt 0.000000 1.000000
vt 0.000000 1.000000
vt 0.000000 1.000000
vt 0.000000 1.000000
vt 0.000000 1.000000
vt 0.000000 1.000000
vt 0.000000 1.000000
vt 0.000000 1.000000
vt 0.000000 1.000000
vt 0.000000 1.000000
vt 0.000000 1.000000
vt 0.000000 1.000000
vt 0.000000 1.000000
vt 0.000000 1.000000
vt 0.000000 1.000000
vt 0.000000 1.000000
vt 0.000000 1.000000
vt 0.000000 1.000000
vt 0.000000 1.000000
vt 0.000000 1.000000
vt 0.000000 1.000000
vt 0.000000 1.000000
vt 0.000000 1.000000
vt 0.000000 1.000000
vt 0.000000 1.000000
vt 0.000000 1.000000
vt 0.000000 1.000000
vt 0.000000 1.000000
vt 0.000000 1.000000
vt 0.000000 1.000000
vt 0.000000 1.000000
vt 0.000000 1.000000
vt 0.000000 1.000000
vt 0.000000 1.000000
vt 0.000000 1.000000
vt 0.000000 1.000000
vt 0.000000 1.000000
vt 0.000000 1.000000
vt 0.000000 1.000000
vt 0.000000 1.000000
vt 0.000000 1.000000
vt 0.000000 1.000000
vt 0.000000 1.000000
vt 0.000000 1.000000
vt 0.000000 1.000000
vt 0.000000 1.000000
vt 0.000000 1.000000
vt 0.000000 1.000000
vt 0.000000 1.000000
vt 0.000000 1.000000
vt 0.000000 1.000000
vt 0.000000 1.000000
vt 0.000000 1.000000
vt 0.000000 1.000000
vt 0.000000 1.000000
vt 0.000000 1.000000
vt 0.000000 1.000000
vt 0.000000 1.000000
vt 0.000000 1.000000
vt 0.000000 1.000000
vt 0.000000 1.000000
vt 0.000000 1.000000
vt 0.000000 1.000000
vt 0.000000 1.000000
vt 0.000000 1.000000
vt 0.000000 1.000000
vt 0.000000 1.000000
vt 0.000000 1.000000
vt 0.000000 1.000000
vt 0.000000 1.000000
vt 0.000000 1.000000
vt 0.000000 1.000000
vt 0.000000 1.000000
vt 0.000000 1.000000
vt 0.000000 1.000000
vt 0.000000 1.000000
vt 0.000000 1.000000
vt 0.000000 1.000000
vt 0.000000 1.000000
vt 0.000000 1.000000
vt 0.000000 1.000000
vt 0.000000 1.000000
vt 0.000000 1.000000
vt 0.000000 1.000000
vt 0.000000 1.000000
vt 0.000000 1.000000
vt 0.000000 1.000000
vt 0.000000 1.000000
vt 0.000000 1.000000
vt 0.000000 1.000000
vt 0.000000 1.000000
vt 0.000000 1.000000
vt 0.000000 1.000000
vt 0.000000 1.000000
vt 0.000000 1.000000
vt 0.000000 1.000000
vt 0.000000 1.000000
vt 0.000000 1.000000
vt 0.000000 1.000000
vt 0.000000 1.000000
vt 0.000000 1.000000
vt 0.000000 1.000000
vt 0.000000 1.000000
vt 0.000000 1.000000
vt 0.000000 1.000000
vt 0.000000 1.000000
vt 0.000000 1.000000
vt 0.000000 1.000000
vt 0.000000 1.000000
vt 0.000000 1.000000
vt 0.000000 1.000000
vt 0.000000 1.000000
vt 0.000000 1.000000
vt 0.000000 1.000000
vt 0.000000 1.000000
vt 0.000000 1.000000
vt 0.000000 1.000000
vt 0.000000 1.000000
vt 0.000000 1.000000
vt 0.000000 1.000000
vt 0.000000 1.000000
vt 0.000000 1.000000
vt 0.000000 1.000000
vt 0.000000 1.000000
vt 0.000000 1.000000
vt 0.000000 1.000000
vt 0.000000 1.000000
vt 0.000000 1.000000
vt 0.000000 1.000000
vt 0.000000 1.000000
vt 0.000000 1.000000
vt 0.000000 1.000000
vt 0.000000 1.000000
vt 0.000000 1.000000
vt 0.000000 1.000000
vt 0.000000 1.000000
vt 0.000000 1.000000
vt 0.000000 1.000000
vt 0.000000 1.000000
vt 0.000000 1.000000
vt 0.000000 1.000000
vt 0.000000 1.000000
vt 0.000000 1.000000
vt 0.000000 1.000000
vt 0.000000 1.000000
vt 0.000000 1.000000
vt 0.000000 1.000000
vt 0.000000 1.000000
vt 0.000000 1.000000
vt 0.000000 1.000000
vt 0.000000 1.000000
vt 0.000000 1.000000
vt 0.000000 1.000000
vt 0.000000 1.000000
vt 0.000000 1.000000
vt 0.000000 1.000000
vt 0.000000 1.000000
vt 0.000000 1.000000
vt 0.000000 1.000000
vt 0.000000 1.000000
vt 0.000000 1.000000
vt 0.000000 1.000000
vt 0.000000 1.000000
vt 0.000000 1.000000
vt 0.000000 1.000000
vt 0.000000 1.000000
vt 0.000000 1.000000
vt 0.000000 1.000000
vt 0.000000 1.000000
vt 0.000000 1.000000
vt 0.000000 1.000000
vt 0.000000 1.000000
vt 0.000000 1.000000
vt 0.000000 1.000000
vt 0.000000 1.000000
vt 0.000000 1.000000
vt 0.000000 1.000000
vt 0.000000 1.000000
vt 0.000000 1.000000
vt 0.000000 1.000000
vt 0.000000 1.000000
vt 0.000000 1.000000
vt 0.000000 1.000000
vt 0.000000 1.000000
vt 0.000000 1.000000
vt 0.000000 1.000000
vt 0.000000 1.000000
vt 0.000000 1.000000
vt 0.000000 1.000000
vt 0.000000 1.000000
vt 0.000000 1.000000
vt 0.000000 1.000000
vt 0.000000 1.000000
vt 0.000000 1.000000
vt 0.000000 1.000000
vt 0.000000 1.000000
vt 0.000000 1.000000
vt 0.000000 1.000000
vt 0.000000 1.000000
vt 0.000000 1.000000
vt 0.000000 1.000000
vt 0.000000 1.000000
vt 0.000000 1.000000
vt 0.000000 1.000000
vt 0.000000 1.000000
vt 0.000000 1.000000
vt 0.000000 1.000000
vt 0.000000 1.000000
vt 0.000000 1.000000
vt 0.000000 1.000000
vt 0.000000 1.000000
vt 0.000000 1.000000
vt 0.000000 1.000000
vt 0.000000 1.000000
vt 0.000000 1.000000
vt 0.000000 1.000000
vt 0.000000 1.000000
vt 0.000000 1.000000
vt 0.000000 1.000000
vt 0.000000 1.000000
vt 0.000000 1.000000
vt 0.000000 1.000000
vt 0.000000 1.000000
vt 0.000000 1.000000
vt 0.000000 1.000000
vt 0.000000 1.000000
vt 0.000000 1.000000
vt 0.000000 1.000000
vt 0.000000 1.000000
vt 0.000000 1.000000
vt 0.000000 1.000000
vt 0.000000 1.000000
vt 0.000000 1.000000
vt 0.000000 1.000000
vt 0.000000 1.000000
vt 0.000000 1.000000
vt 0.000000 1.000000
vt 0.000000 1.000000
vt 0.000000 1.000000
vt 0.000000 1.000000
vt 0.000000 1.000000
vt 0.000000 1.000000
vt 0.000000 1.000000
vt 0.000000 1.000000
vt 0.000000 1.000000
vt 0.000000 1.000000
vt 0.000000 1.000000
vt 0.000000 1.000000
vt 0.000000 1.000000
vt 0.000000 1.000000
vt 0.000000 1.000000
vt 0.000000 1.000000
vt 0.000000 1.000000
vt 0.000000 1.000000
vt 0.000000 1.000000
vt 0.000000 1.000000
vt 0.000000 1.000000
vt 0.000000 1.000000
vt 0.000000 1.000000
vt 0.000000 1.000000
vt 0.000000 1.000000
vt 0.000000 1.000000
vt 0.000000 1.000000
vt 0.000000 1.000000
vt 0.000000 1.000000
vt 0.000000 1.000000
vt 0.000000 1.000000
vt 0.000000 1.000000
vt 0.000000 1.000000
vt 0.000000 1.000000
vt 0.000000 1.000000
vt 0.000000 1.000000
vt 0.000000 1.000000
vt 0.000000 1.000000
vt 0.000000 1.000000
vt 0.000000 1.000000
vt 0.000000 1.000000
vt 0.000000 1.000000
vt 0.000000 1.000000
vt 0.000000 1.000000
vt 0.000000 1.000000
vt 0.000000 1.000000
vt 0.000000 1.000000
vt 0.000000 1.000000
vt 0.000000 1.000000
vt 0.000000 1.000000
vt 0.000000 1.000000
vt 0.000000 1.000000
vt 0.000000 1.000000
vt 0.000000 1.000000
vt 0.000000 1.000000
vt 0.000000 1.000000
vt 0.000000 1.000000
vt 0.000000 1.000000
vt 0.000000 1.000000
vt 0.000000 1.000000
vt 0.000000 1.000000
vt 0.000000 1.000000
vt 0.000000 1.000000
vt 0.000000 1.000000
vt 0.000000 1.000000
vt 0.000000 1.000000
vt 0.000000 1.000000
vt 0.000000 1.000000
vt 0.000000 1.000000
vt 0.000000 1.000000
vt 0.000000 1.000000
vt 0.000000 1.000000
vt 0.000000 1.000000
vt 0.000000 1.000000
vt 0.000000 1.000000
vt 0.000000 1.000000
vt 0.000000 1.000000
vt 0.000000 1.000000
vt 0.000000 1.000000
vt 0.000000 1.000000
vt 0.000000 1.000000
vt 0.000000 1.000000
vt 0.000000 1.000000
vt 0.000000 1.000000
vt 0.000000 1.000000
vt 0.000000 1.000000
vt 0.000000 1.000000
vt 0.000000 1.000000
vt 0.000000 1.000000
vt 0.000000 1.000000
vt 0.000000 1.000000
vt 0.000000 1.000000
vt 0.000000 1.000000
vt 0.000000 1.000000
vt 0.000000 1.000000
vt 0.000000 1.000000
vt 0.000000 1.000000
vt 0.000000 1.000000
vt 0.000000 1.000000
vt 0.000000 1.000000
vt 0.000000 1.000000
vt 0.000000 1.000000
vt 0.000000 1.000000
vt 0.000000 1.000000
vt 0.000000 1.000000
vt 0.000000 1.000000
vt 0.000000 1.000000
vt 0.000000 1.000000
vt 0.000000 1.000000
vt 0.000000 1.000000
vt 0.000000 1.000000
vt 0.000000 1.000000
vt 0.000000 1.000000
vt 0.000000 1.000000
vt 0.000000 1.000000
vt 0.000000 1.000000
vt 0.000000 1.000000
vt 0.000000 1.000000
vt 0.000000 1.000000
vt 0.000000 1.000000
vt 0.000000 1.000000
vt 0.000000 1.000000
vt 0.000000 1.000000
vt 0.000000 1.000000
vt 0.000000 1.000000
vt 0.000000 1.000000
vt 0.000000 1.000000
vt 0.000000 1.000000
vt 0.000000 1.000000
vt 0.000000 1.000000
vt 0.000000 1.000000
vt 0.000000 1.000000
vt 0.000000 1.000000
vt 0.000000 1.000000
vt 0.000000 1.000000
vt 0.000000 1.000000
vt 0.000000 1.000000
vt 0.000000 1.000000
vt 0.000000 1.000000
vt 0.000000 1.000000
vt 0.000000 1.000000
vt 0.000000 1.000000
vt 0.000000 1.000000
vt 0.000000 1.000000
vt 0.000000 1.000000
vt 0.000000 1.000000
vt 0.000000 1.000000
vt 0.000000 1.000000
vt 0.000000 1.000000
vt 0.000000 1.000000
vt 0.000000 1.000000
vt 0.000000 1.000000
vt 0.000000 1.000000
vt 0.000000 1.000000
vt 0.000000 1.000000
vt 0.000000 1.000000
vt 0.000000 1.000000
vt 0.000000 1.000000
vt 0.000000 1.000000
vt 0.000000 1.000000
vt 0.000000 1.000000
vt 0.000000 1.000000
vt 0.000000 1.000000
vt 0.000000 1.000000
vt 0.000000 1.000000
vt 0.000000 1.000000
vt 0.000000 1.000000
vt 0.000000 1.000000
vt 0.000000 1.000000
vt 0.000000 1.000000
vt 0.000000 1.000000
vt 0.000000 1.000000
vt 0.000000 1.000000
vt 0.000000 1.000000
vt 0.000000 1.000000
vt 0.000000 1.000000
vt 0.000000 1.000000
vt 0.000000 1.000000
vt 0.000000 1.000000
vt 0.000000 1.000000
vt 0.000000 1.000000
vt 0.000000 1.000000
vt 0.000000 1.000000
vt 0.000000 1.000000
vt 0.000000 1.000000
vt 0.000000 1.000000
vt 0.000000 1.000000
vt 0.000000 1.000000
vt 0.000000 1.000000
vt 0.000000 1.000000
vt 0.000000 1.000000
vt 0.000000 1.000000
vt 0.000000 1.000000
vt 0.000000 1.000000
vt 0.000000 1.000000
vt 0.000000 1.000000
vt 0.000000 1.000000
vt 0.000000 1.000000
vt 0.000000 1.000000
vt 0.000000 1.000000
vt 0.000000 1.000000
vt 0.000000 1.000000
vt 0.000000 1.000000
vt 0.000000 1.000000
vt 0.000000 1.000000
vt 0.000000 1.000000
vt 0.000000 1.000000
vt 0.000000 1.000000
vt 0.000000 1.000000
vt 0.000000 1.000000
vt 0.000000 1.000000
vt 0.000000 1.000000
vt 0.000000 1.000000
vt 0.000000 1.000000
vt 0.000000 1.000000
vt 0.000000 1.000000
vt 0.000000 1.000000
vt 0.000000 1.000000
vt 0.000000 1.000000
vt 0.000000 1.000000
vt 0.000000 1.000000
vt 0.000000 1.000000
vt 0.000000 1.000000
vt 0.000000 1.000000
vt 0.000000 1.000000
vt 0.000000 1.000000
vt 0.000000 1.000000
vt 0.000000 1.000000
vt 0.000000 1.000000
vt 0.000000 1.000000
vt 0.000000 1.000000
vt 0.000000 1.000000
vt 0.000000 1.000000
vt 0.000000 1.000000
vt 0.000000 1.000000
vt 0.000000 1.000000
vt 0.000000 1.000000
vt 0.000000 1.000000
vt 0.000000 1.000000
vt 0.000000 1.000000
vt 0.000000 1.000000
vt 0.000000 1.000000
vt 0.000000 1.000000
vt 0.000000 1.000000
vt 0.000000 1.000000
vt 0.000000 1.000000
vt 0.000000 1.000000
vt 0.000000 1.000000
vt 0.000000 1.000000
vt 0.000000 1.000000
vt 0.000000 1.000000
vt 0.000000 1.000000
vt 0.000000 1.000000
vt 0.000000 1.000000
vt 0.000000 1.000000
vt 0.000000 1.000000
vt 0.000000 1.000000
vt 0.000000 1.000000
vt 0.000000 1.000000
vt 0.000000 1.000000
vt 0.000000 1.000000
vt 0.000000 1.000000
vt 0.000000 1.000000
vt 0.000000 1.000000
vt 0.000000 1.000000
vt 0.000000 1.000000
vt 0.000000 1.000000
vt 0.000000 1.000000
vt 0.000000 1.000000
vt 0.000000 1.000000
vt 0.000000 1.000000
vt 0.000000 1.000000
vt 0.000000 1.000000
vt 0.000000 1.000000
vt 0.000000 1.000000
vt 0.000000 1.000000
vt 0.000000 1.000000
vt 0.000000 1.000000
vt 0.000000 1.000000
vt 0.000000 1.000000
vt 0.000000 1.000000
vt 0.000000 1.000000
vt 0.000000 1.000000
vt 0.000000 1.000000
vt 0.000000 1.000000
vt 0.000000 1.000000
vt 0.000000 1.000000
vt 0.000000 1.000000
vt 0.000000 1.000000
vt 0.000000 1.000000
vt 0.000000 1.000000
vt 0.000000 1.000000
vt 0.000000 1.000000
vt 0.000000 1.000000
vt 0.000000 1.000000
vt 0.000000 1.000000
vt 0.000000 1.000000
vt 0.000000 1.000000
vt 0.000000 1.000000
vt 0.000000 1.000000
vt 0.000000 1.000000
vt 0.000000 1.000000
vt 0.000000 1.000000
vt 0.000000 1.000000
vt 0.000000 1.000000
vt 0.000000 1.000000
vt 0.000000 1.000000
vt 0.000000 1.000000
vt 0.000000 1.000000
vt 0.000000 1.000000
vt 0.000000 1.000000
vt 0.000000 1.000000
vt 0.000000 1.000000
vt 0.000000 1.000000
vt 0.000000 1.000000
vt 0.000000 1.000000
vt 0.000000 1.000000
vt 0.000000 1.000000
vt 0.000000 1.000000
vt 0.000000 1.000000
vt 0.000000 1.000000
vt 0.000000 1.000000
vt 0.000000 1.000000
vt 0.000000 1.000000
vt 0.000000 1.000000
vt 0.000000 1.000000
vt 0.000000 1.000000
vt 0.000000 1.000000
vt 0.000000 1.000000
vt 0.000000 1.000000
vt 0.000000 1.000000
vt 0.000000 1.000000
vt 0.000000 1.000000
vt 0.000000 1.000000
vt 0.000000 1.000000
vt 0.000000 1.000000
vt 0.000000 1.000000
vt 0.000000 1.000000
vt 0.000000 1.000000
vt 0.000000 1.000000
vt 0.000000 1.000000
vt 0.000000 1.000000
vt 0.000000 1.000000
vt 0.000000 1.000000
vt 0.000000 1.000000
vt 0.000000 1.000000
vt 0.000000 1.000000
vt 0.000000 1.000000
vt 0.000000 1.000000
vt 0.000000 1.000000
vt 0.000000 1.000000
vt 0.000000 1.000000
vt 0.000000 1.000000
vt 0.000000 1.000000
vt 0.000000 1.000000
vt 0.000000 1.000000
vt 0.000000 1.000000
vt 0.000000 1.000000
vt 0.000000 1.000000
vt 0.000000 1.000000
vt 0.000000 1.000000
vt 0.000000 1.000000
vt 0.000000 1.000000
vt 0.000000 1.000000
vt 0.000000 1.000000
vt 0.000000 1.000000
vt 0.000000 1.000000
vt 0.000000 1.000000
vt 0.000000 1.000000
vt 0.000000 1.000000
vt 0.000000 1.000000
vt 0.000000 1.000000
vt 0.000000 1.000000
vt 0.000000 1.000000
vt 0.000000 1.000000
vt 0.000000 1.000000
vt 0.000000 1.000000
vt 0.000000 1.000000
vt 0.000000 1.000000
vt 0.000000 1.000000
vt 0.000000 1.000000
vt 0.000000 1.000000
vt 0.000000 1.000000
vt 0.000000 1.000000
vt 0.000000 1.000000
vt 0.000000 1.000000
vt 0.000000 1.000000
vt 0.000000 1.000000
vt 0.000000 1.000000
vt 0.000000 1.000000
vt 0.000000 1.000000
vt 0.000000 1.000000
vt 0.000000 1.000000
vt 0.000000 1.000000
vt 0.000000 1.000000
vt 0.000000 1.000000
vt 0.000000 1.000000
vt 0.000000 1.000000
vt 0.000000 1.000000
vt 0.000000 1.000000
vt 0.000000 1.000000
vt 0.000000 1.000000
vt 0.000000 1.000000
vt 0.000000 1.000000
vt 0.000000 1.000000
vt 0.000000 1.000000
vt 0.000000 1.000000
vt 0.000000 1.000000
vt 0.000000 1.000000
vt 0.000000 1.000000
vt 0.000000 1.000000
vt 0.000000 1.000000
vt 0.000000 1.000000
vt 0.000000 1.000000
vt 0.000000 1.000000
vt 0.000000 1.000000
vt 0.000000 1.000000
vt 0.000000 1.000000
vt 0.000000 1.000000
vt 0.000000 1.000000
vt 0.000000 1.000000
vt 0.000000 1.000000
vt 0.000000 1.000000
vt 0.000000 1.000000
vt 0.000000 1.000000
vt 0.000000 1.000000
vt 0.000000 1.000000
vt 0.000000 1.000000
vt 0.000000 1.000000
vt 0.000000 1.000000
vt 0.000000 1.000000
vt 0.000000 1.000000
vt 0.000000 1.000000
vt 0.000000 1.000000
vt 0.000000 1.000000
vt 0.000000 1.000000
vt 0.000000 1.000000
vt 0.000000 1.000000
vt 0.000000 1.000000
vt 0.000000 1.000000
vt 0.000000 1.000000
vt 0.000000 1.000000
vt 0.000000 1.000000
vt 0.000000 1.000000
vt 0.000000 1.000000
vt 0.000000 1.000000
vt 0.000000 1.000000
vt 0.000000 1.000000
vt 0.000000 1.000000
vt 0.000000 1.000000
vt 0.000000 1.000000
vt 0.000000 1.000000
vt 0.000000 1.000000
vt 0.000000 1.000000
vt 0.000000 1.000000
vt 0.000000 1.000000
vt 0.000000 1.000000
vt 0.000000 1.000000
vt 0.000000 1.000000
vt 0.000000 1.000000
vt 0.000000 1.000000
vt 0.000000 1.000000
vt 0.000000 1.000000
vt 0.000000 1.000000
vt 0.000000 1.000000
vt 0.000000 1.000000
vt 0.000000 1.000000
vt 0.000000 1.000000
vt 0.000000 1.000000
vt 0.000000 1.000000
vt 0.000000 1.000000
vt 0.000000 1.000000
vt 0.000000 1.000000
vt 0.000000 1.000000
vt 0.000000 1.000000
vt 0.000000 1.000000
vt 0.000000 1.000000
vt 0.000000 1.000000
vt 0.000000 1.000000
vt 0.000000 1.000000
vt 0.000000 1.000000
vt 0.000000 1.000000
vt 0.000000 1.000000
vt 0.000000 1.000000
vt 0.000000 1.000000
vt 0.000000 1.000000
vt 0.000000 1.000000
vt 0.000000 1.000000
vt 0.000000 1.000000
vt 0.000000 1.000000
vt 0.000000 1.000000
vt 0.000000 1.000000
vt 0.000000 1.000000
vt 0.000000 1.000000
vt 0.000000 1.000000
vt 0.000000 1.000000
vt 0.000000 1.000000
vt 0.000000 1.000000
vt 0.000000 1.000000
vt 0.000000 1.000000
vt 0.000000 1.000000
vt 0.000000 1.000000
vt 0.000000 1.000000
vt 0.000000 1.000000
vt 0.000000 1.000000
vt 0.000000 1.000000
vt 0.000000 1.000000
vt 0.000000 1.000000
vt 0.000000 1.000000
vt 0.000000 1.000000
vt 0.000000 1.000000
vt 0.000000 1.000000
vt 0.000000 1.000000
vt 0.000000 1.000000
vt 0.000000 1.000000
vt 0.000000 1.000000
vt 0.000000 1.000000
vt 0.000000 1.000000
vt 0.000000 1.000000
vt 0.000000 1.000000
vt 0.000000 1.000000
vt 0.000000 1.000000
vt 0.000000 1.000000
vt 0.000000 1.000000
vt 0.000000 1.000000
vt 0.000000 1.000000
vt 0.000000 1.000000
vt 0.000000 1.000000
vt 0.000000 1.000000
vt 0.000000 1.000000
vt 0.000000 1.000000
vt 0.000000 1.000000
vt 0.000000 1.000000
vt 0.000000 1.000000
vt 0.000000 1.000000
vt 0.000000 1.000000
vt 0.000000 1.000000
vt 0.000000 1.000000
vt 0.000000 1.000000
vt 0.000000 1.000000
vt 0.000000 1.000000
vt 0.000000 1.000000
vt 0.000000 1.000000
vt 0.000000 1.000000
vt 0.000000 1.000000
vt 0.000000 1.000000
vt 0.000000 1.000000
vt 0.000000 1.000000
vt 0.000000 1.000000
vt 0.000000 1.000000
vt 0.000000 1.000000
vt 0.000000 1.000000
vt 0.000000 1.000000
vt 0.000000 1.000000
vt 0.000000 1.000000
vt 0.000000 1.000000
vt 0.000000 1.000000
vt 0.000000 1.000000
vt 0.000000 1.000000
vt 0.000000 1.000000
vt 0.000000 1.000000
vt 0.000000 1.000000
vt 0.000000 1.000000
vt 0.000000 1.000000
vt 0.000000 1.000000
vt 0.000000 1.000000
vt 0.000000 1.000000
vt 0.000000 1.000000
vt 0.000000 1.000000
vt 0.000000 1.000000
vt 0.000000 1.000000
vt 0.000000 1.000000
vt 0.000000 1.000000
vt 0.000000 1.000000
vt 0.000000 1.000000
vt 0.000000 1.000000
vt 0.000000 1.000000
vt 0.000000 1.000000
vt 0.000000 1.000000
vt 0.000000 1.000000
vt 0.000000 1.000000
vt 0.000000 1.000000
vt 0.000000 1.000000
vt 0.000000 1.000000
vt 0.000000 1.000000
vt 0.000000 1.000000
vt 0.000000 1.000000
vt 0.000000 1.000000
vt 0.000000 1.000000
vt 0.000000 1.000000
vt 0.000000 1.000000
vt 0.000000 1.000000
vt 0.000000 1.000000
vt 0.000000 1.000000
vt 0.000000 1.000000
vt 0.000000 1.000000
vt 0.000000 1.000000
vt 0.000000 1.000000
vt 0.000000 1.000000
vt 0.000000 1.000000
vt 0.000000 1.000000
vt 0.000000 1.000000
vt 0.000000 1.000000
vt 0.000000 1.000000
vt 0.000000 1.000000
vt 0.000000 1.000000
vt 0.000000 1.000000
vt 0.000000 1.000000
vt 0.000000 1.000000
vt 0.000000 1.000000
vt 0.000000 1.000000
vt 0.000000 1.000000
vt 0.000000 1.000000
vt 0.000000 1.000000
vt 0.000000 1.000000
vt 0.000000 1.000000
vt 0.000000 1.000000
vt 0.000000 1.000000
vt 0.000000 1.000000
vt 0.000000 1.000000
vt 0.000000 1.000000
vt 0.000000 1.000000
vt 0.000000 1.000000
vt 0.000000 1.000000
vt 0.000000 1.000000
vt 0.000000 1.000000
vt 0.000000 1.000000
vt 0.000000 1.000000
vt 0.000000 1.000000
vt 0.000000 1.000000
vt 0.000000 1.000000
vt 0.000000 1.000000
vt 0.000000 1.000000
vt 0.000000 1.000000
vt 0.000000 1.000000
vt 0.000000 1.000000
vt 0.000000 1.000000
vt 0.000000 1.000000
vt 0.000000 1.000000
vt 0.000000 1.000000
vt 0.000000 1.000000
vt 0.000000 1.000000
vt 0.000000 1.000000
vt 0.000000 1.000000
vt 0.000000 1.000000
vt 0.000000 1.000000
vt 0.000000 1.000000
vt 0.000000 1.000000
vt 0.000000 1.000000
vt 0.000000 1.000000
vt 0.000000 1.000000
vt 0.000000 1.000000
vt 0.000000 1.000000
vt 0.000000 1.000000
vt 0.000000 1.000000
vt 0.000000 1.000000
vt 0.000000 1.000000
vt 0.000000 1.000000
vt 0.000000 1.000000
vt 0.000000 1.000000
vt 0.000000 1.000000
vt 0.000000 1.000000
vt 0.000000 1.000000
vt 0.000000 1.000000
vt 0.000000 1.000000
vt 0.000000 1.000000
vt 0.000000 1.000000
vt 0.000000 1.000000
vt 0.000000 1.000000
vt 0.000000 1.000000
vt 0.000000 1.000000
vt 0.000000 1.000000
vt 0.000000 1.000000
vt 0.000000 1.000000
vt 0.000000 1.000000
vt 0.000000 1.000000
vt 0.000000 1.000000
vt 0.000000 1.000000
vt 0.000000 1.000000
vt 0.000000 1.000000
vt 0.000000 1.000000
vt 0.000000 1.000000
vt 0.000000 1.000000
vt 0.000000 1.000000
vt 0.000000 1.000000
vt 0.000000 1.000000
vt 0.000000 1.000000
vt 0.000000 1.000000
vt 0.000000 1.000000
vt 0.000000 1.000000
vt 0.000000 1.000000
vt 0.000000 1.000000
vt 0.000000 1.000000
vt 0.000000 1.000000
vt 0.000000 1.000000
vt 0.000000 1.000000
vt 0.000000 1.000000
vt 0.000000 1.000000
vt 0.000000 1.000000
vt 0.000000 1.000000
vt 0.000000 1.000000
vt 0.000000 1.000000
vt 0.000000 1.000000
vt 0.000000 1.000000
vt 0.000000 1.000000
vt 0.000000 1.000000
vt 0.000000 1.000000
vt 0.000000 1.000000
vt 0.000000 1.000000
vt 0.000000 1.000000
vt 0.000000 1.000000
vt 0.000000 1.000000
vt 0.000000 1.000000
vt 0.000000 1.000000
vt 0.000000 1.000000
vt 0.000000 1.000000
vt 0.000000 1.000000
vt 0.000000 1.000000
vt 0.000000 1.000000
vt 0.000000 1.000000
vt 0.000000 1.000000
vt 0.000000 1.000000
vt 0.000000 1.000000
vt 0.000000 1.000000
vt 0.000000 1.000000
vt 0.000000 1.000000
vt 0.000000 1.000000
vt 0.000000 1.000000
vt 0.000000 1.000000
vt 0.000000 1.000000
vt 0.000000 1.000000
vt 0.000000 1.000000
vt 0.000000 1.000000
vt 0.000000 1.000000
vt 0.000000 1.000000
vt 0.000000 1.000000
vt 0.000000 1.000000
vt 0.000000 1.000000
vt 0.000000 1.000000
vt 0.000000 1.000000
vt 0.000000 1.000000
vt 0.000000 1.000000
vt 0.000000 1.000000
vt 0.000000 1.000000
vt 0.000000 1.000000
vt 0.000000 1.000000
vt 0.000000 1.000000
vt 0.000000 1.000000
vt 0.000000 1.000000
vt 0.000000 1.000000
vt 0.000000 1.000000
vt 0.000000 1.000000
vt 0.000000 1.000000
vt 0.000000 1.000000
vt 0.000000 1.000000
vt 0.000000 1.000000
vt 0.000000 1.000000
vt 0.000000 1.000000
vt 0.000000 1.000000
vt 0.000000 1.000000
vt 0.000000 1.000000
vt 0.000000 1.000000
vt 0.000000 1.000000
vt 0.000000 1.000000
vt 0.000000 1.000000
vt 0.000000 1.000000
vt 0.000000 1.000000
vt 0.000000 1.000000
vt 0.000000 1.000000
vt 0.000000 1.000000
vt 0.000000 1.000000
vt 0.000000 1.000000
vt 0.000000 1.000000
vt 0.000000 1.000000
vt 0.000000 1.000000
vt 0.000000 1.000000
vt 0.000000 1.000000
vt 0.000000 1.000000
vt 0.000000 1.000000
vt 0.000000 1.000000
vt 0.000000 1.000000
vt 0.000000 1.000000
vt 0.000000 1.000000
vt 0.000000 1.000000
vt 0.000000 1.000000
vt 0.000000 1.000000
vt 0.000000 1.000000
vt 0.000000 1.000000
vt 0.000000 1.000000
vt 0.000000 1.000000
vt 0.000000 1.000000
vt 0.000000 1.000000
vt 0.000000 1.000000
vt 0.000000 1.000000
vt 0.000000 1.000000
vt 0.000000 1.000000
vt 0.000000 1.000000
vt 0.000000 1.000000
vt 0.000000 1.000000
vt 0.000000 1.000000
vt 0.000000 1.000000
vt 0.000000 1.000000
vt 0.000000 1.000000
vt 0.000000 1.000000
vt 0.000000 1.000000
vt 0.000000 1.000000
vt 0.000000 1.000000
vt 0.000000 1.000000
vt 0.000000 1.000000
vt 0.000000 1.000000
vt 0.000000 1.000000
vt 0.000000 1.000000
vt 0.000000 1.000000
vt 0.000000 1.000000
vt 0.000000 1.000000
vt 0.000000 1.000000
vt 0.000000 1.000000
vt 0.000000 1.000000
vt 0.000000 1.000000
vt 0.000000 1.000000
vt 0.000000 1.000000
vt 0.000000 1.000000
vt 0.000000 1.000000
vt 0.000000 1.000000
vt 0.000000 1.000000
vt 0.000000 1.000000
vt 0.000000 1.000000
vt 0.000000 1.000000
vt 0.000000 1.000000
vt 0.000000 1.000000
vt 0.000000 1.000000
vt 0.000000 1.000000
vt 0.000000 1.000000
vt 0.000000 1.000000
vt 0.000000 1.000000
vt 0.000000 1.000000
vt 0.000000 1.000000
vt 0.000000 1.000000
vt 0.000000 1.000000
vt 0.000000 1.000000
vt 0.000000 1.000000
vt 0.000000 1.000000
vt 0.000000 1.000000
vt 0.000000 1.000000
vt 0.000000 1.000000
vt 0.000000 1.000000
vt 0.000000 1.000000
vt 0.000000 1.000000
vt 0.000000 1.000000
vt 0.000000 1.000000
vt 0.000000 1.000000
vt 0.000000 1.000000
vt 0.000000 1.000000
vt 0.000000 1.000000
vt 0.000000 1.000000
vt 0.000000 1.000000
vt 0.000000 1.000000
vt 0.000000 1.000000
vt 0.000000 1.000000
vt 0.000000 1.000000
vt 0.000000 1.000000
vt 0.000000 1.000000
vt 0.000000 1.000000
vt 0.000000 1.000000
vt 0.000000 1.000000
vt 0.000000 1.000000
vt 0.000000 1.000000
vt 0.000000 1.000000
vt 0.000000 1.000000
vt 0.000000 1.000000
vt 0.000000 1.000000
vt 0.000000 1.000000
vt 0.000000 1.000000
vt 0.000000 1.000000
vt 0.000000 1.000000
vt 0.000000 1.000000
vt 0.000000 1.000000
vt 0.000000 1.000000
vt 0.000000 1.000000
vt 0.000000 1.000000
vt 0.000000 1.000000
vt 0.000000 1.000000
vt 0.000000 1.000000
vt 0.000000 1.000000
vt 0.000000 1.000000
vt 0.000000 1.000000
vt 0.000000 1.000000
vt 0.000000 1.000000
vt 0.000000 1.000000
vt 0.000000 1.000000
vt 0.000000 1.000000
vt 0.000000 1.000000
vt 0.000000 1.000000
vt 0.000000 1.000000
vt 0.000000 1.000000
vt 0.000000 1.000000
vt 0.000000 1.000000
vt 0.000000 1.000000
vt 0.000000 1.000000
vt 0.000000 1.000000
vt 0.000000 1.000000
vt 0.000000 1.000000
vt 0.000000 1.000000
vt 0.000000 1.000000
vt 0.000000 1.000000
vt 0.000000 1.000000
vt 0.000000 1.000000
vt 0.000000 1.000000
vt 0.000000 1.000000
vt 0.000000 1.000000
vt 0.000000 1.000000
vt 0.000000 1.000000
vt 0.000000 1.000000
vt 0.000000 1.000000
vt 0.000000 1.000000
vt 0.000000 1.000000
vt 0.000000 1.000000
vt 0.000000 1.000000
vt 0.000000 1.000000
vt 0.000000 1.000000
vt 0.000000 1.000000
vt 0.000000 1.000000
vt 0.000000 1.000000
vt 0.000000 1.000000
vt 0.000000 1.000000
vt 0.000000 1.000000
vt 0.000000 1.000000
vt 0.000000 1.000000
vt 0.000000 1.000000
vt 0.000000 1.000000
vt 0.000000 1.000000
vt 0.000000 1.000000
vt 0.000000 1.000000
vt 0.000000 1.000000
vt 0.000000 1.000000
vt 0.000000 1.000000
vt 0.000000 1.000000
vt 0.000000 1.000000
vt 0.000000 1.000000
vt 0.000000 1.000000
vt 0.000000 1.000000
vt 0.000000 1.000000
vt 0.000000 1.000000
vt 0.000000 1.000000
vt 0.000000 1.000000
vt 0.000000 1.000000
vt 0.000000 1.000000
vt 0.000000 1.000000
vt 0.000000 1.000000
vt 0.000000 1.000000
vt 0.000000 1.000000
vt 0.000000 1.000000
vt 0.000000 1.000000
vt 0.000000 1.000000
vt 0.000000 1.000000
vt 0.000000 1.000000
vt 0.000000 1.000000
vt 0.000000 1.000000
vt 0.000000 1.000000
vt 0.000000 1.000000
vt 0.000000 1.000000
vt 0.000000 1.000000
vt 0.000000 1.000000
vt 0.000000 1.000000
vt 0.000000 1.000000
vt 0.000000 1.000000
vt 0.000000 1.000000
vt 0.000000 1.000000
vt 0.000000 1.000000
vt 0.000000 1.000000
vt 0.000000 1.000000
vt 0.000000 1.000000
vt 0.000000 1.000000
vt 0.000000 1.000000
vt 0.000000 1.000000
vt 0.000000 1.000000
vt 0.000000 1.000000
vt 0.000000 1.000000
vt 0.000000 1.000000
vt 0.000000 1.000000
vt 0.000000 1.000000
vt 0.000000 1.000000
vt 0.000000 1.000000
vt 0.000000 1.000000
vt 0.000000 1.000000
vt 0.000000 1.000000
vt 0.000000 1.000000
vt 0.000000 1.000000
vt 0.000000 1.000000
vt 0.000000 1.000000
vt 0.000000 1.000000
vt 0.000000 1.000000
vt 0.000000 1.000000
vt 0.000000 1.000000
vt 0.000000 1.000000
vt 0.000000 1.000000
vt 0.000000 1.000000
vt 0.000000 1.000000
vt 0.000000 1.000000
vt 0.000000 1.000000
vt 0.000000 1.000000
vt 0.000000 1.000000
vt 0.000000 1.000000
vt 0.000000 1.000000
vt 0.000000 1.000000
vt 0.000000 1.000000
vt 0.000000 1.000000
vt 0.000000 1.000000
vt 0.000000 1.000000
vt 0.000000 1.000000
vt 0.000000 1.000000
vt 0.000000 1.000000
vt 0.000000 1.000000
vt 0.000000 1.000000
vt 0.000000 1.000000
vt 0.000000 1.000000
vt 0.000000 1.000000
vt 0.000000 1.000000
vt 0.000000 1.000000
vt 0.000000 1.000000
vt 0.000000 1.000000
vt 0.000000 1.000000
vt 0.000000 1.000000
vt 0.000000 1.000000
vt 0.000000 1.000000
vt 0.000000 1.000000
vt 0.000000 1.000000
vt 0.000000 1.000000
vt 0.000000 1.000000
vt 0.000000 1.000000
vt 0.000000 1.000000
vt 0.000000 1.000000
vt 0.000000 1.000000
vt 0.000000 1.000000
vt 0.000000 1.000000
vt 0.000000 1.000000
vt 0.000000 1.000000
vt 0.000000 1.000000
vt 0.000000 1.000000
vt 0.000000 1.000000
vt 0.000000 1.000000
vt 0.000000 1.000000
vt 0.000000 1.000000
vt 0.000000 1.000000
vt 0.000000 1.000000
vt 0.000000 1.000000
vt 0.000000 1.000000
vt 0.000000 1.000000
vt 0.000000 1.000000
vt 0.000000 1.000000
vt 0.000000 1.000000
vt 0.000000 1.000000
vt 0.000000 1.000000
vt 0.000000 1.000000
vt 0.000000 1.000000
vt 0.000000 1.000000
vt 0.000000 1.000000
vt 0.000000 1.000000
vt 0.000000 1.000000
vt 0.000000 1.000000
vt 0.000000 1.000000
vt 0.000000 1.000000
vt 0.000000 1.000000
vt 0.000000 1.000000
vt 0.000000 1.000000
vt 0.000000 1.000000
vt 0.000000 1.000000
vt 0.000000 1.000000
vt 0.000000 1.000000
vt 0.000000 1.000000
vt 0.000000 1.000000
vt 0.000000 1.000000
vt 0.000000 1.000000
vt 0.000000 1.000000
vt 0.000000 1.000000
vt 0.000000 1.000000
vt 0.000000 1.000000
vt 0.000000 1.000000
vt 0.000000 1.000000
vt 0.000000 1.000000
vt 0.000000 1.000000
vt 0.000000 1.000000
vt 0.000000 1.000000
vt 0.000000 1.000000
vt 0.000000 1.000000
vt 0.000000 1.000000
vt 0.000000 1.000000
vt 0.000000 1.000000
vt 0.000000 1.000000
vt 0.000000 1.000000
vt 0.000000 1.000000
vt 0.000000 1.000000
vt 0.000000 1.000000
vt 0.000000 1.000000
vt 0.000000 1.000000
vt 0.000000 1.000000
vt 0.000000 1.000000
vt 0.000000 1.000000
vt 0.000000 1.000000
vt 0.000000 1.000000
vt 0.000000 1.000000
vt 0.000000 1.000000
vt 0.000000 1.000000
vt 0.000000 1.000000
vt 0.000000 1.000000
vt 0.000000 1.000000
vt 0.000000 1.000000
vt 0.000000 1.000000
vt 0.000000 1.000000
vt 0.000000 1.000000
vt 0.000000 1.000000
vt 0.000000 1.000000
vt 0.000000 1.000000
vt 0.000000 1.000000
vt 0.000000 1.000000
vt 0.000000 1.000000
vt 0.000000 1.000000
vt 0.000000 1.000000
vt 0.000000 1.000000
vt 0.000000 1.000000
vt 0.000000 1.000000
vt 0.000000 1.000000
vt 0.000000 1.000000
vt 0.000000 1.000000
vt 0.000000 1.000000
vt 0.000000 1.000000
vt 0.000000 1.000000
vt 0.000000 1.000000
vt 0.000000 1.000000
vt 0.000000 1.000000
vt 0.000000 1.000000
vt 0.000000 1.000000
vt 0.000000 1.000000
vt 0.000000 1.000000
vt 0.000000 1.000000
vt 0.000000 1.000000
vt 0.000000 1.000000
vt 0.000000 1.000000
vt 0.000000 1.000000
vt 0.000000 1.000000
vt 0.000000 1.000000
vt 0.000000 1.000000
vt 0.000000 1.000000
vt 0.000000 1.000000
vt 0.000000 1.000000
vt 0.000000 1.000000
vt 0.000000 1.000000
vt 0.000000 1.000000
vt 0.000000 1.000000
vt 0.000000 1.000000
vt 0.000000 1.000000
vt 0.000000 1.000000
vt 0.000000 1.000000
vt 0.000000 1.000000
vt 0.000000 1.000000
vt 0.000000 1.000000
vt 0.000000 1.000000
vt 0.000000 1.000000
vt 0.000000 1.000000
vt 0.000000 1.000000
vt 0.000000 1.000000
vt 0.000000 1.000000
vt 0.000000 1.000000
vt 0.000000 1.000000
vt 0.000000 1.000000
vt 0.000000 1.000000
vt 0.000000 1.000000
vt 0.000000 1.000000
vt 0.000000 1.000000
vt 0.000000 1.000000
vt 0.000000 1.000000
vt 0.000000 1.000000
vt 0.000000 1.000000
vt 0.000000 1.000000
vt 0.000000 1.000000
vt 0.000000 1.000000
vt 0.000000 1.000000
vt 0.000000 1.000000
vt 0.000000 1.000000
vt 0.000000 1.000000
vt 0.000000 1.000000
vt 0.000000 1.000000
vt 0.000000 1.000000
vt 0.000000 1.000000
vt 0.000000 1.000000
vt 0.000000 1.000000
vt 0.000000 1.000000
vt 0.000000 1.000000
vt 0.000000 1.000000
vt 0.000000 1.000000
vt 0.000000 1.000000
vt 0.000000 1.000000
vt 0.000000 1.000000
vt 0.000000 1.000000
vt 0.000000 1.000000
vt 0.000000 1.000000
vt 0.000000 1.000000
vt 0.000000 1.000000
vt 0.000000 1.000000
vt 0.000000 1.000000
vt 0.000000 1.000000
vt 0.000000 1.000000
vt 0.000000 1.000000
vt 0.000000 1.000000
vt 0.000000 1.000000
vt 0.000000 1.000000
vt 0.000000 1.000000
vt 0.000000 1.000000
vt 0.000000 1.000000
vt 0.000000 1.000000
vt 0.000000 1.000000
vt 0.000000 1.000000
vt 0.000000 1.000000
vt 0.000000 1.000000
vt 0.000000 1.000000
vt 0.000000 1.000000
vt 0.000000 1.000000
vt 0.000000 1.000000
vt 0.000000 1.000000
vt 0.000000 1.000000
vt 0.000000 1.000000
vt 0.000000 1.000000
vt 0.000000 1.000000
vt 0.000000 1.000000
vt 0.000000 1.000000
vt 0.000000 1.000000
vt 0.000000 1.000000
vt 0.000000 1.000000
vt 0.000000 1.000000
vt 0.000000 1.000000
vt 0.000000 1.000000
vt 0.000000 1.000000
vt 0.000000 1.000000
vt 0.000000 1.000000
vt 0.000000 1.000000
vt 0.000000 1.000000
vt 0.000000 1.000000
vt 0.000000 1.000000
vt 0.000000 1.000000
vt 0.000000 1.000000
vt 0.000000 1.000000
vt 0.000000 1.000000
vt 0.000000 1.000000
vt 0.000000 1.000000
vt 0.000000 1.000000
vt 0.000000 1.000000
vt 0.000000 1.000000
vt 0.000000 1.000000
vt 0.000000 1.000000
vt 0.000000 1.000000
vt 0.000000 1.000000
vt 0.000000 1.000000
vt 0.000000 1.000000
vt 0.000000 1.000000
vt 0.000000 1.000000
vt 0.000000 1.000000
vt 0.000000 1.000000
vt 0.000000 1.000000
vt 0.000000 1.000000
vt 0.000000 1.000000
vt 0.000000 1.000000
vt 0.000000 1.000000
vt 0.000000 1.000000
vt 0.000000 1.000000
vt 0.000000 1.000000
vt 0.000000 1.000000
vt 0.000000 1.000000
vt 0.000000 1.000000
vt 0.000000 1.000000
vt 0.000000 1.000000
vt 0.000000 1.000000
vt 0.000000 1.000000
vt 0.000000 1.000000
vt 0.000000 1.000000
vt 0.000000 1.000000
vt 0.000000 1.000000
vt 0.000000 1.000000
vt 0.000000 1.000000
vt 0.000000 1.000000
vt 0.000000 1.000000
vt 0.000000 1.000000
vt 0.000000 1.000000
vt 0.000000 1.000000
vt 0.000000 1.000000
vt 0.000000 1.000000
vt 0.000000 1.000000
vt 0.000000 1.000000
vt 0.000000 1.000000
vt 0.000000 1.000000
vt 0.000000 1.000000
vt 0.000000 1.000000
vt 0.000000 1.000000
vt 0.000000 1.000000
vt 0.000000 1.000000
vt 0.000000 1.000000
vt 0.000000 1.000000
vt 0.000000 1.000000
vt 0.000000 1.000000
vt 0.000000 1.000000
vt 0.000000 1.000000
vt 0.000000 1.000000
vt 0.000000 1.000000
vt 0.000000 1.000000
vt 0.000000 1.000000
vt 0.000000 1.000000
vt 0.000000 1.000000
vt 0.000000 1.000000
vt 0.000000 1.000000
vt 0.000000 1.000000
vt 0.000000 1.000000
vt 0.000000 1.000000
vt 0.000000 1.000000
vt 0.000000 1.000000
vt 0.000000 1.000000
vt 0.000000 1.000000
vt 0.000000 1.000000
vt 0.000000 1.000000
vt 0.000000 1.000000
vt 0.000000 1.000000
vt 0.000000 1.000000
vt 0.000000 1.000000
vt 0.000000 1.000000
vt 0.000000 1.000000
vt 0.000000 1.000000
vt 0.000000 1.000000
vt 0.000000 1.000000
vt 0.000000 1.000000
vt 0.000000 1.000000
vt 0.000000 1.000000
vt 0.000000 1.000000
vt 0.000000 1.000000
vt 0.000000 1.000000
vt 0.000000 1.000000
vt 0.000000 1.000000
vt 0.000000 1.000000
vt 0.000000 1.000000
vt 0.000000 1.000000
vt 0.000000 1.000000
vt 0.000000 1.000000
vt 0.000000 1.000000
vt 0.000000 1.000000
vt 0.000000 1.000000
vt 0.000000 1.000000
vt 0.000000 1.000000
vt 0.000000 1.000000
vt 0.000000 1.000000
vt 0.000000 1.000000
vt 0.000000 1.000000
vt 0.000000 1.000000
vt 0.000000 1.000000
vt 0.000000 1.000000
vt 0.000000 1.000000
vt 0.000000 1.000000
vt 0.000000 1.000000
vt 0.000000 1.000000
vt 0.000000 1.000000
vt 0.000000 1.000000
vt 0.000000 1.000000
vt 0.000000 1.000000
vt 0.000000 1.000000
vt 0.000000 1.000000
vt 0.000000 1.000000
vt 0.000000 1.000000
vt 0.000000 1.000000
vt 0.000000 1.000000
vt 0.000000 1.000000
vt 0.000000 1.000000
vt 0.000000 1.000000
vt 0.000000 1.000000
vt 0.000000 1.000000
vt 0.000000 1.000000
vt 0.000000 1.000000
vt 0.000000 1.000000
vt 0.000000 1.000000
vt 0.000000 1.000000
vt 0.000000 1.000000
vt 0.000000 1.000000
vt 0.000000 1.000000
vt 0.000000 1.000000
vt 0.000000 1.000000
vt 0.000000 1.000000
vt 0.000000 1.000000
vt 0.000000 1.000000
vt 0.000000 1.000000
vt 0.000000 1.000000
vt 0.000000 1.000000
vt 0.000000 1.000000
vt 0.000000 1.000000
vt 0.000000 1.000000
vt 0.000000 1.000000
vt 0.000000 1.000000
vt 0.000000 1.000000
vt 0.000000 1.000000
vt 0.000000 1.000000
vt 0.000000 1.000000
vt 0.000000 1.000000
vt 0.000000 1.000000
vt 0.000000 1.000000
vt 0.000000 1.000000
vt 0.000000 1.000000
vt 0.000000 1.000000
vt 0.000000 1.000000
vt 0.000000 1.000000
vt 0.000000 1.000000
vt 0.000000 1.000000
vt 0.000000 1.000000
vt 0.000000 1.000000
vt 0.000000 1.000000
vt 0.000000 1.000000
vt 0.000000 1.000000
vt 0.000000 1.000000
vt 0.000000 1.000000
vt 0.000000 1.000000
vt 0.000000 1.000000
vt 0.000000 1.000000
vt 0.000000 1.000000
vt 0.000000 1.000000
vt 0.000000 1.000000
vt 0.000000 1.000000
vt 0.000000 1.000000
vt 0.000000 1.000000
vt 0.000000 1.000000
vt 0.000000 1.000000
vt 0.000000 1.000000
vt 0.000000 1.000000
vt 0.000000 1.000000
vt 0.000000 1.000000
vt 0.000000 1.000000
vt 0.000000 1.000000
vt 0.000000 1.000000
vt 0.000000 1.000000
vt 0.000000 1.000000
vt 0.000000 1.000000
vt 0.000000 1.000000
vt 0.000000 1.000000
vt 0.000000 1.000000
vt 0.000000 1.000000
vt 0.000000 1.000000
vt 0.000000 1.000000
vt 0.000000 1.000000
vt 0.000000 1.000000
vt 0.000000 1.000000
vt 0.000000 1.000000
vt 0.000000 1.000000
vt 0.000000 1.000000
vt 0.000000 1.000000
vt 0.000000 1.000000
vt 0.000000 1.000000
vt 0.000000 1.000000
vt 0.000000 1.000000
vt 0.000000 1.000000
vt 0.000000 1.000000
vt 0.000000 1.000000
vt 0.000000 1.000000
vt 0.000000 1.000000
vt 0.000000 1.000000
vt 0.000000 1.000000
vt 0.000000 1.000000
vt 0.000000 1.000000
vt 0.000000 1.000000
vt 0.000000 1.000000
vt 0.000000 1.000000
vt 0.000000 1.000000
vt 0.000000 1.000000
vt 0.000000 1.000000
vt 0.000000 1.000000
vt 0.000000 1.000000
vt 0.000000 1.000000
vt 0.000000 1.000000
vt 0.000000 1.000000
vt 0.000000 1.000000
vt 0.000000 1.000000
vt 0.000000 1.000000
vt 0.000000 1.000000
vt 0.000000 1.000000
vt 0.000000 1.000000
vt 0.000000 1.000000
vt 0.000000 1.000000
vt 0.000000 1.000000
vt 0.000000 1.000000
vt 0.000000 1.000000
vt 0.000000 1.000000
vt 0.000000 1.000000
vt 0.000000 1.000000
vt 0.000000 1.000000
vt 0.000000 1.000000
vt 0.000000 1.000000
vt 0.000000 1.000000
vt 0.000000 1.000000
vt 0.000000 1.000000
vt 0.000000 1.000000
vt 0.000000 1.000000
vt 0.000000 1.000000
vt 0.000000 1.000000
vt 0.000000 1.000000
vt 0.000000 1.000000
vt 0.000000 1.000000
vt 0.000000 1.000000
vt 0.000000 1.000000
vt 0.000000 1.000000
vt 0.000000 1.000000
vt 0.000000 1.000000
vt 0.000000 1.000000
vt 0.000000 1.000000
vt 0.000000 1.000000
vt 0.000000 1.000000
vt 0.000000 1.000000
vt 0.000000 1.000000
vt 0.000000 1.000000
vt 0.000000 1.000000
vt 0.000000 1.000000
vt 0.000000 1.000000
vt 0.000000 1.000000
vt 0.000000 1.000000
vt 0.000000 1.000000
vt 0.000000 1.000000
vt 0.000000 1.000000
vt 0.000000 1.000000
vt 0.000000 1.000000
vt 0.000000 1.000000
vt 0.000000 1.000000
vt 0.000000 1.000000
vt 0.000000 1.000000
vt 0.000000 1.000000
vt 0.000000 1.000000
vt 0.000000 1.000000
vt 0.000000 1.000000
vt 0.000000 1.000000
vt 0.000000 1.000000
vt 0.000000 1.000000
vt 0.000000 1.000000
vt 0.000000 1.000000
vt 0.000000 1.000000
vt 0.000000 1.000000
vt 0.000000 1.000000
vt 0.000000 1.000000
vt 0.000000 1.000000
vt 0.000000 1.000000
vt 0.000000 1.000000
vt 0.000000 1.000000
vt 0.000000 1.000000
vt 0.000000 1.000000
vt 0.000000 1.000000
vt 0.000000 1.000000
vt 0.000000 1.000000
vt 0.000000 1.000000
vt 0.000000 1.000000
vt 0.000000 1.000000
vt 0.000000 1.000000
vt 0.000000 1.000000
vt 0.000000 1.000000
vt 0.000000 1.000000
vt 0.000000 1.000000
vt 0.000000 1.000000
vt 0.000000 1.000000
vt 0.000000 1.000000
vt 0.000000 1.000000
vt 0.000000 1.000000
vt 0.000000 1.000000
vt 0.000000 1.000000
vt 0.000000 1.000000
vt 0.000000 1.000000
vt 0.000000 1.000000
vt 0.000000 1.000000
vt 0.000000 1.000000
vt 0.000000 1.000000
vt 0.000000 1.000000
vt 0.000000 1.000000
vt 0.000000 1.000000
vt 0.000000 1.000000
vt 0.000000 1.000000
vt 0.000000 1.000000
vt 0.000000 1.000000
vt 0.000000 1.000000
vt 0.000000 1.000000
vt 0.000000 1.000000
vt 0.000000 1.000000
vt 0.000000 1.000000
vt 0.000000 1.000000
vt 0.000000 1.000000
vt 0.000000 1.000000
vt 0.000000 1.000000
vt 0.000000 1.000000
vt 0.000000 1.000000
vt 0.000000 1.000000
vt 0.000000 1.000000
vt 0.000000 1.000000
vt 0.000000 1.000000
vt 0.000000 1.000000
vt 0.000000 1.000000
vt 0.000000 1.000000
vt 0.000000 1.000000
vt 0.000000 1.000000
vt 0.000000 1.000000
vt 0.000000 1.000000
vt 0.000000 1.000000
vt 0.000000 1.000000
vt 0.000000 1.000000
vt 0.000000 1.000000
vt 0.000000 1.000000
vt 0.000000 1.000000
vt 0.000000 1.000000
vt 0.000000 1.000000
vt 0.000000 1.000000
vt 0.000000 1.000000
vt 0.000000 1.000000
vt 0.000000 1.000000
vt 0.000000 1.000000
vt 0.000000 1.000000
vt 0.000000 1.000000
vt 0.000000 1.000000
vt 0.000000 1.000000
vt 0.000000 1.000000
vt 0.000000 1.000000
vt 0.000000 1.000000
vt 0.000000 1.000000
vt 0.000000 1.000000
vt 0.000000 1.000000
vt 0.000000 1.000000
vt 0.000000 1.000000
vt 0.000000 1.000000
vt 0.000000 1.000000
vt 0.000000 1.000000
vt 0.000000 1.000000
vt 0.000000 1.000000
vt 0.000000 1.000000
vt 0.000000 1.000000
vt 0.000000 1.000000
vt 0.000000 1.000000
vt 0.000000 1.000000
vt 0.000000 1.000000
vt 0.000000 1.000000
vt 0.000000 1.000000
vt 0.000000 1.000000
vt 0.000000 1.000000
vt 0.000000 1.000000
vt 0.000000 1.000000
vt 0.000000 1.000000
vt 0.000000 1.000000
vt 0.000000 1.000000
vt 0.000000 1.000000
vt 0.000000 1.000000
vt 0.000000 1.000000
vt 0.000000 1.000000
vt 0.000000 1.000000
vt 0.000000 1.000000
vt 0.000000 1.000000
vt 0.000000 1.000000
vt 0.000000 1.000000
vt 0.000000 1.000000
vt 0.000000 1.000000
vt 0.000000 1.000000
vt 0.000000 1.000000
vt 0.000000 1.000000
vt 0.000000 1.000000
vt 0.000000 1.000000
vt 0.000000 1.000000
vt 0.000000 1.000000
vt 0.000000 1.000000
vt 0.000000 1.000000
vt 0.000000 1.000000
vt 0.000000 1.000000
vt 0.000000 1.000000
vt 0.000000 1.000000
vt 0.000000 1.000000
vt 0.000000 1.000000
vt 0.000000 1.000000
vt 0.000000 1.000000
vt 0.000000 1.000000
vt 0.000000 1.000000
vt 0.000000 1.000000
vt 0.000000 1.000000
vt 0.000000 1.000000
vt 0.000000 1.000000
vt 0.000000 1.000000
vt 0.000000 1.000000
vt 0.000000 1.000000
vt 0.000000 1.000000
vt 0.000000 1.000000
vt 0.000000 1.000000
vt 0.000000 1.000000
vt 0.000000 1.000000
vt 0.000000 1.000000
vt 0.000000 1.000000
vt 0.000000 1.000000
vt 0.000000 1.000000
vt 0.000000 1.000000
vt 0.000000 1.000000
vt 0.000000 1.000000
vt 0.000000 1.000000
vt 0.000000 1.000000
vt 0.000000 1.000000
vt 0.000000 1.000000
vt 0.000000 1.000000
vt 0.000000 1.000000
vt 0.000000 1.000000
vt 0.000000 1.000000
vt 0.000000 1.000000
vt 0.000000 1.000000
vt 0.000000 1.000000
vt 0.000000 1.000000
vt 0.000000 1.000000
vt 0.000000 1.000000
vt 0.000000 1.000000
vt 0.000000 1.000000
vt 0.000000 1.000000
vt 0.000000 1.000000
vt 0.000000 1.000000
vt 0.000000 1.000000
vt 0.000000 1.000000
vt 0.000000 1.000000
vt 0.000000 1.000000
vt 0.000000 1.000000
vt 0.000000 1.000000
vt 0.000000 1.000000
vt 0.000000 1.000000
vt 0.000000 1.000000
vt 0.000000 1.000000
vt 0.000000 1.000000
vt 0.000000 1.000000
vt 0.000000 1.000000
vt 0.000000 1.000000
vt 0.000000 1.000000
vt 0.000000 1.000000
vt 0.000000 1.000000
vt 0.000000 1.000000
vt 0.000000 1.000000
vt 0.000000 1.000000
vt 0.000000 1.000000
vt 0.000000 1.000000
vt 0.000000 1.000000
usemtl Skin
f 1/1/1 2/2/2 3/3/3
f 4/4/4 5/5/5 6/6/6
f 7/7/7 8/8/8 9/9/9
f 10/10/10 11/11/11 12/12/12
f 13/13/13 14/14/14 15/15/15
f 16/16/16 17/17/17 18/18/18
f 19/19/19 20/20/20 21/21/21
f 22/22/22 23/23/23 24/24/24
f 25/25/25 26/26/26 27/27/27
f 28/28/28 29/29/29 30/30/30
f 31/31/31 32/32/32 33/33/33
f 34/34/34 35/35/35 36/36/36
f 37/37/37 38/38/38 39/39/39
f 40/40/40 41/41/41 42/42/42
f 43/43/43 44/44/44 45/45/45
f 46/46/46 47/47/47 48/48/48
f 49/49/49 50/50/50 51/51/51
f 52/52/52 53/53/53 54/54/54
f 55/55/55 56/56/56 57/57/57
f 58/58/58 59/59/59 60/60/60
f 61/61/61 62/62/62 63/63/63
f 64/64/64 65/65/65 66/66/66
f 67/67/67 68/68/68 69/69/69
f 70/70/70 71/71/71 72/72/72
f 73/73/73 74/74/74 75/75/75
f 76/76/76 77/77/77 78/78/78
f 79/79/79 80/80/80 81/81/81
f 82/82/82 83/83/83 84/84/84
f 85/85/85 86/86/86 87/87/87
f 88/88/88 89/89/89 90/90/90
f 91/91/91 92/92/92 93/93/93
f 94/94/94 95/95/95 96/96/96
f 97/97/97 98/98/98 99/99/99
f 100/100/100 101/101/101 102/102/102
f 103/103/103 104/104/104 105/105/105
f 106/106/106 107/107/107 108/108/108
f 109/109/109 110/110/110 111/111/111
f 112/112/112 113/113/113 114/114/114
f 115/115/115 116/116/116 117/117/117
f 118/118/118 119/119/119 120/120/120
f 121/121/121 122/122/122 123/123/123
f 124/124/124 125/125/125 126/126/126
f 127/127/127 128/128/128 129/129/129
f 130/130/130 131/131/131 132/132/132
f 133/133/133 134/134/134 135/135/135
f 136/136/136 137/137/137 138/138/138
f 139/139/139 140/140/140 141/141/141
f 142/142/142 143/143/143 144/144/144
f 145/145/145 146/146/146 147/147/147
f 148/148/148 149/149/149 150/150/150
f 151/151/151 152/152/152 153/153/153
f 154/154/154 155/155/155 156/156/156
f 157/157/157 158/158/158 159/159/159
f 160/160/160 161/161/161 162/162/162
f 163/163/163 164/164/164 165/165/165
f 166/166/166 167/167/167 168/168/168
f 169/169/169 170/170/170 171/171/171
f 172/172/172 173/173/173 174/174/174
f 175/175/175 176/176/176 177/177/177
f 178/178/178 179/179/179 180/180/180
f 181/181/181 182/182/182 183/183/183
f 184/184/184 185/185/185 186/186/186
f 187/187/187 188/188/188 189/189/189
f 190/190/190 191/191/191 192/192/192
f 193/193/193 194/194/194 195/195/195
f 196/196/196 197/197/197 198/198/198
f 199/199/199 200/200/200 201/201/201
f 202/202/202 203/203/203 204/204/204
f 205/205/205 206/206/206 207/207/207
f 208/208/208 209/209/209 210/210/210
f 211/211/211 212/212/212 213/213/213
f 214/214/214 215/215/215 216/216/216
f 217/217/217 218/218/218 219/219/219
f 220/220/220 221/221/221 222/222/222
f 223/223/223 224/224/224 225/225/225
f 226/226/226 227/227/227 228/228/228
f 229/229/229 230/230/230 231/231/231
f 232/232/232 233/233/233 234/234/234
f 235/235/235 236/236/236 237/237/237
f 238/238/238 239/239/239 240/240/240
f 241/241/241 242/242/242 243/243/243
f 244/244/244 245/245/245 246/246/246
f 247/247/247 248/248/248 249/249/249
f 250/250/250 251/251/251 252/252/252
f 253/253/253 254/254/254 255/255/255
f 256/256/256 257/257/257 258/258/258
f 259/259/259 260/260/260 261/261/261
f 262/262/262 263/263/263 264/264/264
f 265/265/265 266/266/266 267/267/267
f 268/268/268 269/269/269 270/270/270
f 271/271/271 272/272/272 273/273/273
f 274/274/274 275/275/275 276/276/276
f 277/277/277 278/278/278 279/279/279
f 280/280/280 281/281/281 282/282/282
f 283/283/283 284/284/284 285/285/285
f 286/286/286 287/287/287 288/288/288
f 289/289/289 290/290/290 291/291/291
f 292/292/292 293/293/293 294/294/294
f 295/295/295 296/296/296 297/297/297
f 298/298/298 299/299/299 300/300/300
f 301/301/301 302/302/302 303/303/303
f 304/304/304 305/305/305 306/306/306
f 307/307/307 308/308/308 309/309/309
f 310/310/310 311/311/311 312/312/312
f 313/313/313 314/314/314 315/315/315
f 316/316/316 317/317/317 318/318/318
f 319/319/319 320/320/320 321/321/321
f 322/322/322 323/323/323 324/324/324
f 325/325/325 326/326/326 327/327/327
f 328/328/328 329/329/329 330/330/330
f 331/331/331 332/332/332 333/333/333
f 334/334/334 335/335/335 336/336/336
f 337/337/337 338/338/338 339/339/339
f 340/340/340 341/341/341 342/342/342
f 343/343/343 344/344/344 345/345/345
f 346/346/346 347/347/347 348/348/348
f 349/349/349 350/350/350 351/351/351
f 352/352/352 353/353/353 354/354/354
f 355/355/355 356/356/356 357/357/357
f 358/358/358 359/359/359 360/360/360
f 361/361/361 362/362/362 363/363/363
f 364/364/364 365/365/365 366/366/366
f 367/367/367 368/368/368 369/369/369
f 370/370/370 371/371/371 372/372/372
f 373/373/373 374/374/374 375/375/375
f 376/376/376 377/377/377 378/378/378
f 379/379/379 380/380/380 381/381/381
f 382/382/382 383/383/383 384/384/384
f 385/385/385 386/386/386 387/387/387
f 388/388/388 389/389/389 390/390/390
f 391/391/391 392/392/392 393/393/393
f 394/394/394 395/395/395 396/396/396
f 397/397/397 398/398/398 399/399/399
f 400/400/400 401/401/401 402/402/402
f 403/403/403 404/404/404 405/405/405
f 406/406/406 407/407/407 408/408/408
f 409/409/409 410/410/410 411/411/411
f 412/412/412 413/413/413 414/414/414
f 415/415/415 416/416/416 417/417/417
f 418/418/418 419/419/419 420/420/420
f 421/421/421 422/422/422 423/423/423
f 424/424/424 425/425/425 426/426/426
f 427/427/427 428/428/428 429/429/429
f 430/430/430 431/431/431 432/432/432
f 433/433/433 434/434/434 435/435/435
f 436/436/436 437/437/437 438/438/438
f 439/439/439 440/440/440 441/441/441
f 442/442/442 443/443/443 444/444/444
f 445/445/445 446/446/446 447/447/447
f 448/448/448 449/449/449 450/450/450
f 451/451/451 452/452/452 453/453/453
f 454/454/454 455/455/455 456/456/456
f 457/457/457 458/458/458 459/459/459
f 460/460/460 461/461/461 462/462/462
f 463/463/463 464/464/464 465/465/465
f 466/466/466 467/467/467 468/468/468
f 469/469/469 470/470/470 471/471/471
f 472/472/472 473/473/473 474/474/474
f 475/475/475 476/476/476 477/477/477
f 478/478/478 479/479/479 480/480/480
f 481/481/481 482/482/482 483/483/483
f 484/484/484 485/485/485 486/486/486
f 487/487/487 488/488/488 489/489/489
f 490/490/490 491/491/491 492/492/492
f 493/493/493 494/494/494 495/495/495
f 496/496/496 497/497/497 498/498/498
f 499/499/499 500/500/500 501/501/501
f 502/502/502 503/503/503 504/504/504
f 505/505/505 506/506/506 507/507/507
f 508/508/508 509/509/509 510/510/510
f 511/511/511 512/512/512 513/513/513
f 514/514/514 515/515/515 516/516/516
f 517/517/517 518/518/518 519/519/519
f 520/520/520 521/521/521 522/522/522
f 523/523/523 524/524/524 525/525/525
f 526/526/526 527/527/527 528/528/528
f 529/529/529 530/530/530 531/531/531
f 532/532/532 533/533/533 534/534/534
f 535/535/535 536/536/536 537/537/537
f 538/538/538 539/539/539 540/540/540
f 541/541/541 542/542/542 543/543/543
f 544/544/544 545/545/545 546/546/546
f 547/547/547 548/548/548 549/549/549
f 550/550/550 551/551/551 552/552/552
f 553/553/553 554/554/554 555/555/555
f 556/556/556 557/557/557 558/558/558
f 559/559/559 560/560/560 561/561/561
f 562/562/562 563/563/563 564/564/564
f 565/565/565 566/566/566 567/567/567
f 568/568/568 569/569/569 570/570/570
f 571/571/571 572/572/572 573/573/573
f 574/574/574 575/575/575 576/576/576
f 577/577/577 578/578/578 579/579/579
f 580/580/580 581/581/581 582/582/582
f 583/583/583 584/584/584 585/585/585
f 586/586/586 587/587/587 588/588/588
f 589/589/589 590/590/590 591/591/591
f 592/592/592 593/593/593 594/594/594
f 595/595/595 596/596/596 597/597/597
f 598/598/598 599/599/599 600/600/600
f 601/601/601 602/602/602 603/603/603
f 604/604/604 605/605/605 606/606/606
f 607/607/607 608/608/608 609/609/609
f 610/610/610 611/611/611 612/612/612
f 613/613/613 614/614/614 615/615/615
f 616/616/616 617/617/617 618/618/618
f 619/619/619 620/620/620 621/621/621
f 622/622/622 623/623/623 624/624/624
f 625/625/625 626/626/626 627/627/627
f 628/628/628 629/629/629 630/630/630
f 631/631/631 632/632/632 633/633/633
f 634/634/634 635/635/635 636/636/636
f 637/637/637 638/638/638 639/639/639
f 640/640/640 641/641/641 642/642/642
f 643/643/643 644/644/644 645/645/645
f 646/646/646 647/647/647 648/648/648
f 649/649/649 650/650/650 651/651/651
f 652/652/652 653/653/653 654/654/654
f 655/655/655 656/656/656 657/657/657
f 658/658/658 659/659/659 660/660/660
f 661/661/661 662/662/662 663/663/663
f 664/664/664 665/665/665 666/666/666
f 667/667/667 668/668/668 669/669/669
f 670/670/670 671/671/671 672/672/672
f 673/673/673 674/674/674 675/675/675
f 676/676/676 677/677/677 678/678/678
f 679/679/679 680/680/680 681/681/681
f 682/682/682 683/683/683 684/684/684
f 685/685/685 686/686/686 687/687/687
f 688/688/688 689/689/689 690/690/690
f 691/691/691 692/692/692 693/693/693
f 694/694/694 695/695/695 696/696/696
f 697/697/697 698/698/698 699/699/699
f 700/700/700 701/701/701 702/702/702
f 703/703/703 704/704/704 705/705/705
f 706/706/706 707/707/707 708/708/708
f 709/709/709 710/710/710 711/711/711
f 712/712/712 713/713/713 714/714/714
f 715/715/715 716/716/716 717/717/717
f 718/718/718 719/719/719 720/720/720
f 721/721/721 722/722/722 723/723/723
f 724/724/724 725/725/725 726/726/726
f 727/727/727 728/728/728 729/729/729
f 730/730/730 731/731/731 732/732/732
f 733/733/733 734/734/734 735/735/735
f 736/736/736 737/737/737 738/738/738
f 739/739/739 740/740/740 741/741/741
f 742/742/742 743/743/743 744/744/744
f 745/745/745 746/746/746 747/747/747
f 748/748/748 749/749/749 750/750/750
f 751/751/751 752/752/752 753/753/753
f 754/754/754 755/755/755 756/756/756
f 757/757/757 758/758/758 759/759/759
f 760/760/760 761/761/761 762/762/762
f 763/763/763 764/764/764 765/765/765
f 766/766/766 767/767/767 768/768/768
f 769/769/769 770/770/770 771/771/771
f 772/772/772 773/773/773 774/774/774
f 775/775/775 776/776/776 777/777/777
f 778/778/778 779/779/779 780/780/780
f 781/781/781 782/782/782 783/783/783
f 784/784/784 785/785/785 786/786/786
f 787/787/787 788/788/788 789/789/789
f 790/790/790 791/791/791 792/792/792
f 793/793/793 794/794/794 795/795/795
f 796/796/796 797/797/797 798/798/798
f 799/799/799 800/800/800 801/801/801
f 802/802/802 803/803/803 804/804/804
f 805/805/805 806/806/806 807/807/807
f 808/808/808 809/809/809 810/810/810
f 811/811/811 812/812/812 813/813/813
f 814/814/814 815/815/815 816/816/816
f 817/817/817 818/818/818 819/819/819
f 820/820/820 821/821/821 822/822/822
f 823/823/823 824/824/824 825/825/825
f 826/826/826 827/827/827 828/828/828
f 829/829/829 830/830/830 831/831/831
f 832/832/832 833/833/833 834/834/834
f 835/835/835 836/836/836 837/837/837
f 838/838/838 839/839/839 840/840/840
f 841/841/841 842/842/842 843/843/843
f 844/844/844 845/845/845 846/846/846
f 847/847/847 848/848/848 849/849/849
f 850/850/850 851/851/851 852/852/852
f 853/853/853 854/854/854 855/855/855
f 856/856/856 857/857/857 858/858/858
f 859/859/859 860/860/860 861/861/861
f 862/862/862 863/863/863 864/864/864
f 865/865/865 866/866/866 867/867/867
f 868/868/868 869/869/869 870/870/870
f 871/871/871 872/872/872 873/873/873
f 874/874/874 875/875/875 876/876/876
f 877/877/877 878/878/878 879/879/879
f 880/880/880 881/881/881 882/882/882
f 883/883/883 884/884/884 885/885/885
f 886/886/886 887/887/887 888/888/888
f 889/889/889 890/890/890 891/891/891
f 892/892/892 893/893/893 894/894/894
f 895/895/895 896/896/896 897/897/897
f 898/898/898 899/899/899 900/900/900
f 901/901/901 902/902/902 903/903/903
f 904/904/904 905/905/905 906/906/906
f 907/907/907 908/908/908 909/909/909
f 910/910/910 911/911/911 912/912/912
f 913/913/913 914/914/914 915/915/915
f 916/916/916 917/917/917 918/918/918
f 919/919/919 920/920/920 921/921/921
f 922/922/922 923/923/923 924/924/924
f 925/925/925 926/926/926 927/927/927
f 928/928/928 929/929/929 930/930/930
f 931/931/931 932/932/932 933/933/933
f 934/934/934 935/935/935 936/936/936
f 937/937/937 938/938/938 939/939/939
f 940/940/940 941/941/941 942/942/942
f 943/943/943 944/944/944 945/945/945
f 946/946/946 947/947/947 948/948/948
f 949/949/949 950/950/950 951/951/951
f 952/952/952 953/953/953 954/954/954
f 955/955/955 956/956/956 957/957/957
f 958/958/958 959/959/959 960/960/960
f 961/961/961 962/962/962 963/963/963
f 964/964/964 965/965/965 966/966/966
f 967/967/967 968/968/968 969/969/969
f 970/970/970 971/971/971 972/972/972
f 973/973/973 974/974/974 975/975/975
f 976/976/976 977/977/977 978/978/978
f 979/979/979 980/980/980 981/981/981
f 982/982/982 983/983/983 984/984/984
f 985/985/985 986/986/986 987/987/987
f 988/988/988 989/989/989 990/990/990
f 991/991/991 992/992/992 993/993/993
f 994/994/994 995/995/995 996/996/996
f 997/997/997 998/998/998 999/999/999
f 1000/1000/1000 1001/1001/1001 1002/1002/1002
f 1003/1003/1003 1004/1004/1004 1005/1005/1005
f 1006/1006/1006 1007/1007/1007 1008/1008/1008
f 1009/1009/1009 1010/1010/1010 1011/1011/1011
f 1012/1012/1012 1013/1013/1013 1014/1014/1014
f 1015/1015/1015 1016/1016/1016 1017/1017/1017
f 1018/1018/1018 1019/1019/1019 1020/1020/1020
f 1021/1021/1021 1022/1022/1022 1023/1023/1023
f 1024/1024/1024 1025/1025/1025 1026/1026/1026
f 1027/1027/1027 1028/1028/1028 1029/1029/1029
f 1030/1030/1030 1031/1031/1031 1032/1032/1032
f 1033/1033/1033 1034/1034/1034 1035/1035/1035
f 1036/1036/1036 1037/1037/1037 1038/1038/1038
f 1039/1039/1039 1040/1040/1040 1041/1041/1041
f 1042/1042/1042 1043/1043/1043 1044/1044/1044
f 1045/1045/1045 1046/1046/1046 1047/1047/1047
f 1048/1048/1048 1049/1049/1049 1050/1050/1050
f 1051/1051/1051 1052/1052/1052 1053/1053/1053
f 1054/1054/1054 1055/1055/1055 1056/1056/1056
f 1057/1057/1057 1058/1058/1058 1059/1059/1059
f 1060/1060/1060 1061/1061/1061 1062/1062/1062
f 1063/1063/1063 1064/1064/1064 1065/1065/1065
f 1066/1066/1066 1067/1067/1067 1068/1068/1068
f 1069/1069/1069 1070/1070/1070 1071/1071/1071
f 1072/1072/1072 1073/1073/1073 1074/1074/1074
f 1075/1075/1075 1076/1076/1076 1077/1077/1077
f 1078/1078/1078 1079/1079/1079 1080/1080/1080
f 1081/1081/1081 1082/1082/1082 1083/1083/1083
f 1084/1084/1084 1085/1085/1085 1086/1086/1086
f 1087/1087/1087 1088/1088/1088 1089/1089/1089
f 1090/1090/1090 1091/1091/1091 1092/1092/1092
f 1093/1093/1093 1094/1094/1094 1095/1095/1095
f 1096/1096/1096 1097/1097/1097 1098/1098/1098
f 1099/1099/1099 1100/1100/1100 1101/1101/1101
f 1102/1102/1102 1103/1103/1103 1104/1104/1104
f 1105/1105/1105 1106/1106/1106 1107/1107/1107
f 1108/1108/1108 1109/1109/1109 1110/1110/1110
f 1111/1111/1111 1112/1112/1112 1113/1113/1113
f 1114/1114/1114 1115/1115/1115 1116/1116/1116
f 1117/1117/1117 1118/1118/1118 1119/1119/1119
f 1120/1120/1120 1121/1121/1121 1122/1122/1122
f 1123/1123/1123 1124/1124/1124 1125/1125/1125
f 1126/1126/1126 1127/1127/1127 1128/1128/1128
f 1129/1129/1129 1130/1130/1130 1131/1131/1131
f 1132/1132/1132 1133/1133/1133 1134/1134/1134
f 1135/1135/1135 1136/1136/1136 1137/1137/1137
f 1138/1138/1138 1139/1139/1139 1140/1140/1140
f 1141/1141/1141 1142/1142/1142 1143/1143/1143
f 1144/1144/1144 1145/1145/1145 1146/1146/1146
f 1147/1147/1147 1148/1148/1148 1149/1149/1149
f 1150/1150/1150 1151/1151/1151 1152/1152/1152
f 1153/1153/1153 1154/1154/1154 1155/1155/1155
f 1156/1156/1156 1157/1157/1157 1158/1158/1158
f 1159/1159/1159 1160/1160/1160 1161/1161/1161
f 1162/1162/1162 1163/1163/1163 1164/1164/1164
f 1165/1165/1165 1166/1166/1166 1167/1167/1167
f 1168/1168/1168 1169/1169/1169 1170/1170/1170
f 1171/1171/1171 1172/1172/1172 1173/1173/1173
f 1174/1174/1174 1175/1175/1175 1176/1176/1176
f 1177/1177/1177 1178/1178/1178 1179/1179/1179
f 1180/1180/1180 1181/1181/1181 1182/1182/1182
f 1183/1183/1183 1184/1184/1184 1185/1185/1185
f 1186/1186/1186 1187/1187/1187 1188/1188/1188
f 1189/1189/1189 1190/1190/1190 1191/1191/1191
f 1192/1192/1192 1193/1193/1193 1194/1194/1194
f 1195/1195/1195 1196/1196/1196 1197/1197/1197
f 1198/1198/1198 1199/1199/1199 1200/1200/1200
f 1201/1201/1201 1202/1202/1202 1203/1203/1203
f 1204/1204/1204 1205/1205/1205 1206/1206/1206
f 1207/1207/1207 1208/1208/1208 1209/1209/1209
f 1210/1210/1210 1211/1211/1211 1212/1212/1212
f 1213/1213/1213 1214/1214/1214 1215/1215/1215
f 1216/1216/1216 1217/1217/1217 1218/1218/1218
f 1219/1219/1219 1220/1220/1220 1221/1221/1221
f 1222/1222/1222 1223/1223/1223 1224/1224/1224
f 1225/1225/1225 1226/1226/1226 1227/1227/1227
f 1228/1228/1228 1229/1229/1229 1230/1230/1230
f 1231/1231/1231 1232/1232/1232 1233/1233/1233
f 1234/1234/1234 1235/1235/1235 1236/1236/1236
f 1237/1237/1237 1238/1238/1238 1239/1239/1239
f 1240/1240/1240 1241/1241/1241 1242/1242/1242
f 1243/1243/1243 1244/1244/1244 1245/1245/1245
f 1246/1246/1246 1247/1247/1247 1248/1248/1248
f 1249/1249/1249 1250/1250/1250 1251/1251/1251
f 1252/1252/1252 1253/1253/1253 1254/1254/1254
usemtl Hair
f 1255/1255/1255 1256/1256/1256 1257/1257/1257
f 1258/1258/1258 1259/1259/1259 1260/1260/1260
f 1261/1261/1261 1262/1262/1262 1263/1263/1263
f 1264/1264/1264 1265/1265/1265 1266/1266/1266
f 1267/1267/1267 1268/1268/1268 1269/1269/1269
f 1270/1270/1270 1271/1271/1271 1272/1272/1272
f 1273/1273/1273 1274/1274/1274 1275/1275/1275
f 1276/1276/1276 1277/1277/1277 1278/1278/1278
f 1279/1279/1279 1280/1280/1280 1281/1281/1281
f 1282/1282/1282 1283/1283/1283 1284/1284/1284
f 1285/1285/1285 1286/1286/1286 1287/1287/1287
f 1288/1288/1288 1289/1289/1289 1290/1290/1290
f 1291/1291/1291 1292/1292/1292 1293/1293/1293
f 1294/1294/1294 1295/1295/1295 1296/1296/1296
f 1297/1297/1297 1298/1298/1298 1299/1299/1299
f 1300/1300/1300 1301/1301/1301 1302/1302/1302
f 1303/1303/1303 1304/1304/1304 1305/1305/1305
f 1306/1306/1306 1307/1307/1307 1308/1308/1308
f 1309/1309/1309 1310/1310/1310 1311/1311/1311
f 1312/1312/1312 1313/1313/1313 1314/1314/1314
f 1315/1315/1315 1316/1316/1316 1317/1317/1317
f 1318/1318/1318 1319/1319/1319 1320/1320/1320
f 1321/1321/1321 1322/1322/1322 1323/1323/1323
f 1324/1324/1324 1325/1325/1325 1326/1326/1326
f 1327/1327/1327 1328/1328/1328 1329/1329/1329
f 1330/1330/1330 1331/1331/1331 1332/1332/1332
f 1333/1333/1333 1334/1334/1334 1335/1335/1335
f 1336/1336/1336 1337/1337/1337 1338/1338/1338
f 1339/1339/1339 1340/1340/1340 1341/1341/1341
f 1342/1342/1342 1343/1343/1343 1344/1344/1344
f 1345/1345/1345 1346/1346/1346 1347/1347/1347
f 1348/1348/1348 1349/1349/1349 1350/1350/1350
f 1351/1351/1351 1352/1352/1352 1353/1353/1353
f 1354/1354/1354 1355/1355/1355 1356/1356/1356
f 1357/1357/1357 1358/1358/1358 1359/1359/1359
f 1360/1360/1360 1361/1361/1361 1362/1362/1362
f 1363/1363/1363 1364/1364/1364 1365/1365/1365
f 1366/1366/1366 1367/1367/1367 1368/1368/1368
f 1369/1369/1369 1370/1370/1370 1371/1371/1371
f 1372/1372/1372 1373/1373/1373 1374/1374/1374
f 1375/1375/1375 1376/1376/1376 1377/1377/1377
f 1378/1378/1378 1379/1379/1379 1380/1380/1380
f 1381/1381/1381 1382/1382/1382 1383/1383/1383
f 1384/1384/1384 1385/1385/1385 1386/1386/1386
f 1387/1387/1387 1388/1388/1388 1389/1389/1389
f 1390/1390/1390 1391/1391/1391 1392/1392/1392
f 1393/1393/1393 1394/1394/1394 1395/1395/1395
f 1396/1396/1396 1397/1397/1397 1398/1398/1398
f 1399/1399/1399 1400/1400/1400 1401/1401/1401
f 1402/1402/1402 1403/1403/1403 1404/1404/1404
f 1405/1405/1405 1406/1406/1406 1407/1407/1407
f 1408/1408/1408 1409/1409/1409 1410/1410/1410
f 1411/1411/1411 1412/1412/1412 1413/1413/1413
f 1414/1414/1414 1415/1415/1415 1416/1416/1416
f 1417/1417/1417 1418/1418/1418 1419/1419/1419
f 1420/1420/1420 1421/1421/1421 1422/1422/1422
f 1423/1423/1423 1424/1424/1424 1425/1425/1425
f 1426/1426/1426 1427/1427/1427 1428/1428/1428
f 1429/1429/1429 1430/1430/1430 1431/1431/1431
f 1432/1432/1432 1433/1433/1433 1434/1434/1434
f 1435/1435/1435 1436/1436/1436 1437/1437/1437
f 1438/1438/1438 1439/1439/1439 1440/1440/1440
f 1441/1441/1441 1442/1442/1442 1443/1443/1443
f 1444/1444/1444 1445/1445/1445 1446/1446/1446
f 1447/1447/1447 1448/1448/1448 1449/1449/1449
f 1450/1450/1450 1451/1451/1451 1452/1452/1452
f 1453/1453/1453 1454/1454/1454 1455/1455/1455
f 1456/1456/1456 1457/1457/1457 1458/1458/1458
f 1459/1459/1459 1460/1460/1460 1461/1461/1461
f 1462/1462/1462 1463/1463/1463 1464/1464/1464
f 1465/1465/1465 1466/1466/1466 1467/1467/1467
f 1468/1468/1468 1469/1469/1469 1470/1470/1470
f 1471/1471/1471 1472/1472/1472 1473/1473/1473
f 1474/1474/1474 1475/1475/1475 1476/1476/1476
f 1477/1477/1477 1478/1478/1478 1479/1479/1479
f 1480/1480/1480 1481/1481/1481 1482/1482/1482
f 1483/1483/1483 1484/1484/1484 1485/1485/1485
f 1486/1486/1486 1487/1487/1487 1488/1488/1488
f 1489/1489/1489 1490/1490/1490 1491/1491/1491
f 1492/1492/1492 1493/1493/1493 1494/1494/1494
f 1495/1495/1495 1496/1496/1496 1497/1497/1497
f 1498/1498/1498 1499/1499/1499 1500/1500/1500
f 1501/1501/1501 1502/1502/1502 1503/1503/1503
f 1504/1504/1504 1505/1505/1505 1506/1506/1506
f 1507/1507/1507 1508/1508/1508 1509/1509/1509
f 1510/1510/1510 1511/1511/1511 1512/1512/1512
f 1513/1513/1513 1514/1514/1514 1515/1515/1515
f 1516/1516/1516 1517/1517/1517 1518/1518/1518
f 1519/1519/1519 1520/1520/1520 1521/1521/1521
f 1522/1522/1522 1523/1523/1523 1524/1524/1524
f 1525/1525/1525 1526/1526/1526 1527/1527/1527
f 1528/1528/1528 1529/1529/1529 1530/1530/1530
f 1531/1531/1531 1532/1532/1532 1533/1533/1533
f 1534/1534/1534 1535/1535/1535 1536/1536/1536
f 1537/1537/1537 1538/1538/1538 1539/1539/1539
f 1540/1540/1540 1541/1541/1541 1542/1542/1542
f 1543/1543/1543 1544/1544/1544 1545/1545/1545
f 1546/1546/1546 1547/1547/1547 1548/1548/1548
f 1549/1549/1549 1550/1550/1550 1551/1551/1551
f 1552/1552/1552 1553/1553/1553 1554/1554/1554
f 1555/1555/1555 1556/1556/1556 1557/1557/1557
f 1558/1558/1558 1559/1559/1559 1560/1560/1560
f 1561/1561/1561 1562/1562/1562 1563/1563/1563
f 1564/1564/1564 1565/1565/1565 1566/1566/1566
f 1567/1567/1567 1568/1568/1568 1569/1569/1569
f 1570/1570/1570 1571/1571/1571 1572/1572/1572
f 1573/1573/1573 1574/1574/1574 1575/1575/1575
f 1576/1576/1576 1577/1577/1577 1578/1578/1578
f 1579/1579/1579 1580/1580/1580 1581/1581/1581
f 1582/1582/1582 1583/1583/1583 1584/1584/1584
f 1585/1585/1585 1586/1586/1586 1587/1587/1587
f 1588/1588/1588 1589/1589/1589 1590/1590/1590
f 1591/1591/1591 1592/1592/1592 1593/1593/1593
f 1594/1594/1594 1595/1595/1595 1596/1596/1596
f 1597/1597/1597 1598/1598/1598 1599/1599/1599
f 1600/1600/1600 1601/1601/1601 1602/1602/1602
f 1603/1603/1603 1604/1604/1604 1605/1605/1605
f 1606/1606/1606 1607/1607/1607 1608/1608/1608
f 1609/1609/1609 1610/1610/1610 1611/1611/1611
f 1612/1612/1612 1613/1613/1613 1614/1614/1614
f 1615/1615/1615 1616/1616/1616 1617/1617/1617
f 1618/1618/1618 1619/1619/1619 1620/1620/1620
f 1621/1621/1621 1622/1622/1622 1623/1623/1623
f 1624/1624/1624 1625/1625/1625 1626/1626/1626
f 1627/1627/1627 1628/1628/1628 1629/1629/1629
f 1630/1630/1630 1631/1631/1631 1632/1632/1632
f 1633/1633/1633 1634/1634/1634 1635/1635/1635
f 1636/1636/1636 1637/1637/1637 1638/1638/1638
f 1639/1639/1639 1640/1640/1640 1641/1641/1641
f 1642/1642/1642 1643/1643/1643 1644/1644/1644
f 1645/1645/1645 1646/1646/1646 1647/1647/1647
f 1648/1648/1648 1649/1649/1649 1650/1650/1650
f 1651/1651/1651 1652/1652/1652 1653/1653/1653
f 1654/1654/1654 1655/1655/1655 1656/1656/1656
f 1657/1657/1657 1658/1658/1658 1659/1659/1659
f 1660/1660/1660 1661/1661/1661 1662/1662/1662
f 1663/1663/1663 1664/1664/1664 1665/1665/1665
f 1666/1666/1666 1667/1667/1667 1668/1668/1668
f 1669/1669/1669 1670/1670/1670 1671/1671/1671
f 1672/1672/1672 1673/1673/1673 1674/1674/1674
f 1675/1675/1675 1676/1676/1676 1677/1677/1677
f 1678/1678/1678 1679/1679/1679 1680/1680/1680
f 1681/1681/1681 1682/1682/1682 1683/1683/1683
f 1684/1684/1684 1685/1685/1685 1686/1686/1686
f 1687/1687/1687 1688/1688/1688 1689/1689/1689
f 1690/1690/1690 1691/1691/1691 1692/1692/1692
f 1693/1693/1693 1694/1694/1694 1695/1695/1695
f 1696/1696/1696 1697/1697/1697 1698/1698/1698
f 1699/1699/1699 1700/1700/1700 1701/1701/1701
f 1702/1702/1702 1703/1703/1703 1704/1704/1704
f 1705/1705/1705 1706/1706/1706 1707/1707/1707
f 1708/1708/1708 1709/1709/1709 1710/1710/1710
f 1711/1711/1711 1712/1712/1712 1713/1713/1713
f 1714/1714/1714 1715/1715/1715 1716/1716/1716
f 1717/1717/1717 1718/1718/1718 1719/1719/1719
f 1720/1720/1720 1721/1721/1721 1722/1722/1722
f 1723/1723/1723 1724/1724/1724 1725/1725/1725
f 1726/1726/1726 1727/1727/1727 1728/1728/1728
f 1729/1729/1729 1730/1730/1730 1731/1731/1731
f 1732/1732/1732 1733/1733/1733 1734/1734/1734
f 1735/1735/1735 1736/1736/1736 1737/1737/1737
f 1738/1738/1738 1739/1739/1739 1740/1740/1740
f 1741/1741/1741 1742/1742/1742 1743/1743/1743
f 1744/1744/1744 1745/1745/1745 1746/1746/1746
f 1747/1747/1747 1748/1748/1748 1749/1749/1749
f 1750/1750/1750 1751/1751/1751 1752/1752/1752
f 1753/1753/1753 1754/1754/1754 1755/1755/1755
f 1756/1756/1756 1757/1757/1757 1758/1758/1758
f 1759/1759/1759 1760/1760/1760 1761/1761/1761
f 1762/1762/1762 1763/1763/1763 1764/1764/1764
f 1765/1765/1765 1766/1766/1766 1767/1767/1767
f 1768/1768/1768 1769/1769/1769 1770/1770/1770
f 1771/1771/1771 1772/1772/1772 1773/1773/1773
f 1774/1774/1774 1775/1775/1775 1776/1776/1776
f 1777/1777/1777 1778/1778/1778 1779/1779/1779
f 1780/1780/1780 1781/1781/1781 1782/1782/1782
f 1783/1783/1783 1784/1784/1784 1785/1785/1785
f 1786/1786/1786 1787/1787/1787 1788/1788/1788
f 1789/1789/1789 1790/1790/1790 1791/1791/1791
f 1792/1792/1792 1793/1793/1793 1794/1794/1794
f 1795/1795/1795 1796/1796/1796 1797/1797/1797
f 1798/1798/1798 1799/1799/1799 1800/1800/1800
f 1801/1801/1801 1802/1802/1802 1803/1803/1803
f 1804/1804/1804 1805/1805/1805 1806/1806/1806
f 1807/1807/1807 1808/1808/1808 1809/1809/1809
f 1810/1810/1810 1811/1811/1811 1812/1812/1812
f 1813/1813/1813 1814/1814/1814 1815/1815/1815
f 1816/1816/1816 1817/1817/1817 1818/1818/1818
f 1819/1819/1819 1820/1820/1820 1821/1821/1821
f 1822/1822/1822 1823/1823/1823 1824/1824/1824
f 1825/1825/1825 1826/1826/1826 1827/1827/1827
f 1828/1828/1828 1829/1829/1829 1830/1830/1830
f 1831/1831/1831 1832/1832/1832 1833/1833/1833
f 1834/1834/1834 1835/1835/1835 1836/1836/1836
f 1837/1837/1837 1838/1838/1838 1839/1839/1839
f 1840/1840/1840 1841/1841/1841 1842/1842/1842
f 1843/1843/1843 1844/1844/1844 1845/1845/1845
f 1846/1846/1846 1847/1847/1847 1848/1848/1848
f 1849/1849/1849 1850/1850/1850 1851/1851/1851
f 1852/1852/1852 1853/1853/1853 1854/1854/1854
f 1855/1855/1855 1856/1856/1856 1857/1857/1857
f 1858/1858/1858 1859/1859/1859 1860/1860/1860
f 1861/1861/1861 1862/1862/1862 1863/1863/1863
f 1864/1864/1864 1865/1865/1865 1866/1866/1866
f 1867/1867/1867 1868/1868/1868 1869/1869/1869
f 1870/1870/1870 1871/1871/1871 1872/1872/1872
f 1873/1873/1873 1874/1874/1874 1875/1875/1875
f 1876/1876/1876 1877/1877/1877 1878/1878/1878
f 1879/1879/1879 1880/1880/1880 1881/1881/1881
f 1882/1882/1882 1883/1883/1883 1884/1884/1884
f 1885/1885/1885 1886/1886/1886 1887/1887/1887
f 1888/1888/1888 1889/1889/1889 1890/1890/1890
f 1891/1891/1891 1892/1892/1892 1893/1893/1893
f 1894/1894/1894 1895/1895/1895 1896/1896/1896
f 1897/1897/1897 1898/1898/1898 1899/1899/1899
f 1900/1900/1900 1901/1901/1901 1902/1902/1902
f 1903/1903/1903 1904/1904/1904 1905/1905/1905
f 1906/1906/1906 1907/1907/1907 1908/1908/1908
f 1909/1909/1909 1910/1910/1910 1911/1911/1911
f 1912/1912/1912 1913/1913/1913 1914/1914/1914
f 1915/1915/1915 1916/1916/1916 1917/1917/1917
f 1918/1918/1918 1919/1919/1919 1920/1920/1920
f 1921/1921/1921 1922/1922/1922 1923/1923/1923
f 1924/1924/1924 1925/1925/1925 1926/1926/1926
f 1927/1927/1927 1928/1928/1928 1929/1929/1929
f 1930/1930/1930 1931/1931/1931 1932/1932/1932
f 1933/1933/1933 1934/1934/1934 1935/1935/1935
f 1936/1936/1936 1937/1937/1937 1938/1938/1938
f 1939/1939/1939 1940/1940/1940 1941/1941/1941
f 1942/1942/1942 1943/1943/1943 1944/1944/1944
f 1945/1945/1945 1946/1946/1946 1947/1947/1947
f 1948/1948/1948 1949/1949/1949 1950/1950/1950
f 1951/1951/1951 1952/1952/1952 1953/1953/1953
f 1954/1954/1954 1955/1955/1955 1956/1956/1956
f 1957/1957/1957 1958/1958/1958 1959/1959/1959
f 1960/1960/1960 1961/1961/1961 1962/1962/1962
f 1963/1963/1963 1964/1964/1964 1965/1965/1965
f 1966/1966/1966 1967/1967/1967 1968/1968/1968
f 1969/1969/1969 1970/1970/1970 1971/1971/1971
f 1972/1972/1972 1973/1973/1973 1974/1974/1974
f 1975/1975/1975 1976/1976/1976 1977/1977/1977
f 1978/1978/1978 1979/1979/1979 1980/1980/1980
f 1981/1981/1981 1982/1982/1982 1983/1983/1983
f 1984/1984/1984 1985/1985/1985 1986/1986/1986
f 1987/1987/1987 1988/1988/1988 1989/1989/1989
f 1990/1990/1990 1991/1991/1991 1992/1992/1992
f 1993/1993/1993 1994/1994/1994 1995/1995/1995
f 1996/1996/1996 1997/1997/1997 1998/1998/1998
f 1999/1999/1999 2000/2000/2000 2001/2001/2001
f 2002/2002/2002 2003/2003/2003 2004/2004/2004
f 2005/2005/2005 2006/2006/2006 2007/2007/2007
f 2008/2008/2008 2009/2009/2009 2010/2010/2010
f 2011/2011/2011 2012/2012/2012 2013/2013/2013
f 2014/2014/2014 2015/2015/2015 2016/2016/2016
f 2017/2017/2017 2018/2018/2018 2019/2019/2019
f 2020/2020/2020 2021/2021/2021 2022/2022/2022
f 2023/2023/2023 2024/2024/2024 2025/2025/2025
f 2026/2026/2026 2027/2027/2027 2028/2028/2028
f 2029/2029/2029 2030/2030/2030 2031/2031/2031
f 2032/2032/2032 2033/2033/2033 2034/2034/2034
f 2035/2035/2035 2036/2036/2036 2037/2037/2037
f 2038/2038/2038 2039/2039/2039 2040/2040/2040
f 2041/2041/2041 2042/2042/2042 2043/2043/2043
f 2044/2044/2044 2045/2045/2045 2046/2046/2046
f 2047/2047/2047 2048/2048/2048 2049/2049/2049
f 2050/2050/2050 2051/2051/2051 2052/2052/2052
f 2053/2053/2053 2054/2054/2054 2055/2055/2055
f 2056/2056/2056 2057/2057/2057 2058/2058/2058
f 2059/2059/2059 2060/2060/2060 2061/2061/2061
f 2062/2062/2062 2063/2063/2063 2064/2064/2064
f 2065/2065/2065 2066/2066/2066 2067/2067/2067
f 2068/2068/2068 2069/2069/2069 2070/2070/2070
f 2071/2071/2071 2072/2072/2072 2073/2073/2073
f 2074/2074/2074 2075/2075/2075 2076/2076/2076
f 2077/2077/2077 2078/2078/2078 2079/2079/2079
f 2080/2080/2080 2081/2081/2081 2082/2082/2082
f 2083/2083/2083 2084/2084/2084 2085/2085/2085
f 2086/2086/2086 2087/2087/2087 2088/2088/2088
f 2089/2089/2089 2090/2090/2090 2091/2091/2091
f 2092/2092/2092 2093/2093/2093 2094/2094/2094
f 2095/2095/2095 2096/2096/2096 2097/2097/2097
f 2098/2098/2098 2099/2099/2099 2100/2100/2100
f 2101/2101/2101 2102/2102/2102 2103/2103/2103
f 2104/2104/2104 2105/2105/2105 2106/2106/2106
f 2107/2107/2107 2108/2108/2108 2109/2109/2109
f 2110/2110/2110 2111/2111/2111 2112/2112/2112
f 2113/2113/2113 2114/2114/2114 2115/2115/2115
f 2116/2116/2116 2117/2117/2117 2118/2118/2118
f 2119/2119/2119 2120/2120/2120 2121/2121/2121
f 2122/2122/2122 2123/2123/2123 2124/2124/2124
f 2125/2125/2125 2126/2126/2126 2127/2127/2127
f 2128/2128/2128 2129/2129/2129 2130/2130/2130
f 2131/2131/2131 2132/2132/2132 2133/2133/2133
f 2134/2134/2134 2135/2135/2135 2136/2136/2136
f 2137/2137/2137 2138/2138/2138 2139/2139/2139
f 2140/2140/2140 2141/2141/2141 2142/2142/2142
f 2143/2143/2143 2144/2144/2144 2145/2145/2145
f 2146/2146/2146 2147/2147/2147 2148/2148/2148
f 2149/2149/2149 2150/2150/2150 2151/2151/2151
f 2152/2152/2152 2153/2153/2153 2154/2154/2154
f 2155/2155/2155 2156/2156/2156 2157/2157/2157
f 2158/2158/2158 2159/2159/2159 2160/2160/2160
f 2161/2161/2161 2162/2162/2162 2163/2163/2163
f 2164/2164/2164 2165/2165/2165 2166/2166/2166
f 2167/2167/2167 2168/2168/2168 2169/2169/2169
f 2170/2170/2170 2171/2171/2171 2172/2172/2172
f 2173/2173/2173 2174/2174/2174 2175/2175/2175
f 2176/2176/2176 2177/2177/2177 2178/2178/2178
f 2179/2179/2179 2180/2180/2180 2181/2181/2181
f 2182/2182/2182 2183/2183/2183 2184/2184/2184
f 2185/2185/2185 2186/2186/2186 2187/2187/2187
f 2188/2188/2188 2189/2189/2189 2190/2190/2190
f 2191/2191/2191 2192/2192/2192 2193/2193/2193
f 2194/2194/2194 2195/2195/2195 2196/2196/2196
f 2197/2197/2197 2198/2198/2198 2199/2199/2199
f 2200/2200/2200 2201/2201/2201 2202/2202/2202
f 2203/2203/2203 2204/2204/2204 2205/2205/2205
f 2206/2206/2206 2207/2207/2207 2208/2208/2208
f 2209/2209/2209 2210/2210/2210 2211/2211/2211
f 2212/2212/2212 2213/2213/2213 2214/2214/2214
f 2215/2215/2215 2216/2216/2216 2217/2217/2217
f 2218/2218/2218 2219/2219/2219 2220/2220/2220
f 2221/2221/2221 2222/2222/2222 2223/2223/2223
f 2224/2224/2224 2225/2225/2225 2226/2226/2226
f 2227/2227/2227 2228/2228/2228 2229/2229/2229
f 2230/2230/2230 2231/2231/2231 2232/2232/2232
f 2233/2233/2233 2234/2234/2234 2235/2235/2235
f 2236/2236/2236 2237/2237/2237 2238/2238/2238
f 2239/2239/2239 2240/2240/2240 2241/2241/2241
f 2242/2242/2242 2243/2243/2243 2244/2244/2244
f 2245/2245/2245 2246/2246/2246 2247/2247/2247
f 2248/2248/2248 2249/2249/2249 2250/2250/2250
f 2251/2251/2251 2252/2252/2252 2253/2253/2253
f 2254/2254/2254 2255/2255/2255 2256/2256/2256
f 2257/2257/2257 2258/2258/2258 2259/2259/2259
f 2260/2260/2260 2261/2261/2261 2262/2262/2262
f 2263/2263/2263 2264/2264/2264 2265/2265/2265
f 2266/2266/2266 2267/2267/2267 2268/2268/2268
f 2269/2269/2269 2270/2270/2270 2271/2271/2271
f 2272/2272/2272 2273/2273/2273 2274/2274/2274
f 2275/2275/2275 2276/2276/2276 2277/2277/2277
f 2278/2278/2278 2279/2279/2279 2280/2280/2280
f 2281/2281/2281 2282/2282/2282 2283/2283/2283
f 2284/2284/2284 2285/2285/2285 2286/2286/2286
f 2287/2287/2287 2288/2288/2288 2289/2289/2289
f 2290/2290/2290 2291/2291/2291 2292/2292/2292
f 2293/2293/2293 2294/2294/2294 2295/2295/2295
f 2296/2296/2296 2297/2297/2297 2298/2298/2298
f 2299/2299/2299 2300/2300/2300 2301/2301/2301
f 2302/2302/2302 2303/2303/2303 2304/2304/2304
f 2305/2305/2305 2306/2306/2306 2307/2307/2307
f 2308/2308/2308 2309/2309/2309 2310/2310/2310
f 2311/2311/2311 2312/2312/2312 2313/2313/2313
f 2314/2314/2314 2315/2315/2315 2316/2316/2316
f 2317/2317/2317 2318/2318/2318 2319/2319/2319
f 2320/2320/2320 2321/2321/2321 2322/2322/2322
f 2323/2323/2323 2324/2324/2324 2325/2325/2325
f 2326/2326/2326 2327/2327/2327 2328/2328/2328
f 2329/2329/2329 2330/2330/2330 2331/2331/2331
f 2332/2332/2332 2333/2333/2333 2334/2334/2334
f 2335/2335/2335 2336/2336/2336 2337/2337/2337
f 2338/2338/2338 2339/2339/2339 2340/2340/2340
f 2341/2341/2341 2342/2342/2342 2343/2343/2343
f 2344/2344/2344 2345/2345/2345 2346/2346/2346
f 2347/2347/2347 2348/2348/2348 2349/2349/2349
f 2350/2350/2350 2351/2351/2351 2352/2352/2352
f 2353/2353/2353 2354/2354/2354 2355/2355/2355
f 2356/2356/2356 2357/2357/2357 2358/2358/2358
f 2359/2359/2359 2360/2360/2360 2361/2361/2361
f 2362/2362/2362 2363/2363/2363 2364/2364/2364
f 2365/2365/2365 2366/2366/2366 2367/2367/2367
f 2368/2368/2368 2369/2369/2369 2370/2370/2370
f 2371/2371/2371 2372/2372/2372 2373/2373/2373
f 2374/2374/2374 2375/2375/2375 2376/2376/2376
f 2377/2377/2377 2378/2378/2378 2379/2379/2379
f 2380/2380/2380 2381/2381/2381 2382/2382/2382
f 2383/2383/2383 2384/2384/2384 2385/2385/2385
f 2386/2386/2386 2387/2387/2387 2388/2388/2388
f 2389/2389/2389 2390/2390/2390 2391/2391/2391
f 2392/2392/2392 2393/2393/2393 2394/2394/2394
f 2395/2395/2395 2396/2396/2396 2397/2397/2397
f 2398/2398/2398 2399/2399/2399 2400/2400/2400
f 2401/2401/2401 2402/2402/2402 2403/2403/2403
f 2404/2404/2404 2405/2405/2405 2406/2406/2406
f 2407/2407/2407 2408/2408/2408 2409/2409/2409
f 2410/2410/2410 2411/2411/2411 2412/2412/2412
f 2413/2413/2413 2414/2414/2414 2415/2415/2415
f 2416/2416/2416 2417/2417/2417 2418/2418/2418
f 2419/2419/2419 2420/2420/2420 2421/2421/2421
f 2422/2422/2422 2423/2423/2423 2424/2424/2424
f 2425/2425/2425 2426/2426/2426 2427/2427/2427
f 2428/2428/2428 2429/2429/2429 2430/2430/2430
f 2431/2431/2431 2432/2432/2432 2433/2433/2433
f 2434/2434/2434 2435/2435/2435 2436/2436/2436
f 2437/2437/2437 2438/2438/2438 2439/2439/2439
f 2440/2440/2440 2441/2441/2441 2442/2442/2442
f 2443/2443/2443 2444/2444/2444 2445/2445/2445
f 2446/2446/2446 2447/2447/2447 2448/2448/2448
f 2449/2449/2449 2450/2450/2450 2451/2451/2451
f 2452/2452/2452 2453/2453/2453 2454/2454/2454
f 2455/2455/2455 2456/2456/2456 2457/2457/2457
f 2458/2458/2458 2459/2459/2459 2460/2460/2460
f 2461/2461/2461 2462/2462/2462 2463/2463/2463
f 2464/2464/2464 2465/2465/2465 2466/2466/2466
f 2467/2467/2467 2468/2468/2468 2469/2469/2469
f 2470/2470/2470 2471/2471/2471 2472/2472/2472
f 2473/2473/2473 2474/2474/2474 2475/2475/2475
f 2476/2476/2476 2477/2477/2477 2478/2478/2478
f 2479/2479/2479 2480/2480/2480 2481/2481/2481
f 2482/2482/2482 2483/2483/2483 2484/2484/2484
f 2485/2485/2485 2486/2486/2486 2487/2487/2487
f 2488/2488/2488 2489/2489/2489 2490/2490/2490
f 2491/2491/2491 2492/2492/2492 2493/2493/2493
f 2494/2494/2494 2495/2495/2495 2496/2496/2496
f 2497/2497/2497 2498/2498/2498 2499/2499/2499
f 2500/2500/2500 2501/2501/2501 2502/2502/2502
f 2503/2503/2503 2504/2504/2504 2505/2505/2505
f 2506/2506/2506 2507/2507/2507 2508/2508/2508
f 2509/2509/2509 2510/2510/2510 2511/2511/2511
f 2512/2512/2512 2513/2513/2513 2514/2514/2514
f 2515/2515/2515 2516/2516/2516 2517/2517/2517
f 2518/2518/2518 2519/2519/2519 2520/2520/2520
f 2521/2521/2521 2522/2522/2522 2523/2523/2523
f 2524/2524/2524 2525/2525/2525 2526/2526/2526
f 2527/2527/2527 2528/2528/2528 2529/2529/2529
f 2530/2530/2530 2531/2531/2531 2532/2532/2532
f 2533/2533/2533 2534/2534/2534 2535/2535/2535
f 2536/2536/2536 2537/2537/2537 2538/2538/2538
f 2539/2539/2539 2540/2540/2540 2541/2541/2541
f 2542/2542/2542 2543/2543/2543 2544/2544/2544
f 2545/2545/2545 2546/2546/2546 2547/2547/2547
f 2548/2548/2548 2549/2549/2549 2550/2550/2550
f 2551/2551/2551 2552/2552/2552 2553/2553/2553
f 2554/2554/2554 2555/2555/2555 2556/2556/2556
f 2557/2557/2557 2558/2558/2558 2559/2559/2559
f 2560/2560/2560 2561/2561/2561 2562/2562/2562
f 2563/2563/2563 2564/2564/2564 2565/2565/2565
f 2566/2566/2566 2567/2567/2567 2568/2568/2568
f 2569/2569/2569 2570/2570/2570 2571/2571/2571
f 2572/2572/2572 2573/2573/2573 2574/2574/2574
f 2575/2575/2575 2576/2576/2576 2577/2577/2577
f 2578/2578/2578 2579/2579/2579 2580/2580/2580
f 2581/2581/2581 2582/2582/2582 2583/2583/2583
f 2584/2584/2584 2585/2585/2585 2586/2586/2586
f 2587/2587/2587 2588/2588/2588 2589/2589/2589
f 2590/2590/2590 2591/2591/2591 2592/2592/2592
f 2593/2593/2593 2594/2594/2594 2595/2595/2595
f 2596/2596/2596 2597/2597/2597 2598/2598/2598
f 2599/2599/2599 2600/2600/2600 2601/2601/2601
f 2602/2602/2602 2603/2603/2603 2604/2604/2604
f 2605/2605/2605 2606/2606/2606 2607/2607/2607
f 2608/2608/2608 2609/2609/2609 2610/2610/2610
f 2611/2611/2611 2612/2612/2612 2613/2613/2613
f 2614/2614/2614 2615/2615/2615 2616/2616/2616
f 2617/2617/2617 2618/2618/2618 2619/2619/2619
f 2620/2620/2620 2621/2621/2621 2622/2622/2622
f 2623/2623/2623 2624/2624/2624 2625/2625/2625
f 2626/2626/2626 2627/2627/2627 2628/2628/2628
f 2629/2629/2629 2630/2630/2630 2631/2631/2631
f 2632/2632/2632 2633/2633/2633 2634/2634/2634
f 2635/2635/2635 2636/2636/2636 2637/2637/2637
f 2638/2638/2638 2639/2639/2639 2640/2640/2640
f 2641/2641/2641 2642/2642/2642 2643/2643/2643
f 2644/2644/2644 2645/2645/2645 2646/2646/2646
f 2647/2647/2647 2648/2648/2648 2649/2649/2649
f 2650/2650/2650 2651/2651/2651 2652/2652/2652
f 2653/2653/2653 2654/2654/2654 2655/2655/2655
f 2656/2656/2656 2657/2657/2657 2658/2658/2658
f 2659/2659/2659 2660/2660/2660 2661/2661/2661
f 2662/2662/2662 2663/2663/2663 2664/2664/2664
f 2665/2665/2665 2666/2666/2666 2667/2667/2667
f 2668/2668/2668 2669/2669/2669 2670/2670/2670
f 2671/2671/2671 2672/2672/2672 2673/2673/2673
f 2674/2674/2674 2675/2675/2675 2676/2676/2676
f 2677/2677/2677 2678/2678/2678 2679/2679/2679
f 2680/2680/2680 2681/2681/2681 2682/2682/2682
f 2683/2683/2683 2684/2684/2684 2685/2685/2685
f 2686/2686/2686 2687/2687/2687 2688/2688/2688
f 2689/2689/2689 2690/2690/2690 2691/2691/2691
f 2692/2692/2692 2693/2693/2693 2694/2694/2694
f 2695/2695/2695 2696/2696/2696 2697/2697/2697
f 2698/2698/2698 2699/2699/2699 2700/2700/2700
f 2701/2701/2701 2702/2702/2702 2703/2703/2703
f 2704/2704/2704 2705/2705/2705 2706/2706/2706
f 2707/2707/2707 2708/2708/2708 2709/2709/2709
f 2710/2710/2710 2711/2711/2711 2712/2712/2712
f 2713/2713/2713 2714/2714/2714 2715/2715/2715
f 2716/2716/2716 2717/2717/2717 2718/2718/2718
f 2719/2719/2719 2720/2720/2720 2721/2721/2721
f 2722/2722/2722 2723/2723/2723 2724/2724/2724
f 2725/2725/2725 2726/2726/2726 2727/2727/2727
f 2728/2728/2728 2729/2729/2729 2730/2730/2730
f 2731/2731/2731 2732/2732/2732 2733/2733/2733
f 2734/2734/2734 2735/2735/2735 2736/2736/2736
f 2737/2737/2737 2738/2738/2738 2739/2739/2739
f 2740/2740/2740 2741/2741/2741 2742/2742/2742
f 2743/2743/2743 2744/2744/2744 2745/2745/2745
f 2746/2746/2746 2747/2747/2747 2748/2748/2748
f 2749/2749/2749 2750/2750/2750 2751/2751/2751
f 2752/2752/2752 2753/2753/2753 2754/2754/2754
f 2755/2755/2755 2756/2756/2756 2757/2757/2757
f 2758/2758/2758 2759/2759/2759 2760/2760/2760
f 2761/2761/2761 2762/2762/2762 2763/2763/2763
f 2764/2764/2764 2765/2765/2765 2766/2766/2766
f 2767/2767/2767 2768/2768/2768 2769/2769/2769
f 2770/2770/2770 2771/2771/2771 2772/2772/2772
f 2773/2773/2773 2774/2774/2774 2775/2775/2775
f 2776/2776/2776 2777/2777/2777 2778/2778/2778
f 2779/2779/2779 2780/2780/2780 2781/2781/2781
f 2782/2782/2782 2783/2783/2783 2784/2784/2784
f 2785/2785/2785 2786/2786/2786 2787/2787/2787
f 2788/2788/2788 2789/2789/2789 2790/2790/2790
f 2791/2791/2791 2792/2792/2792 2793/2793/2793
f 2794/2794/2794 2795/2795/2795 2796/2796/2796
f 2797/2797/2797 2798/2798/2798 2799/2799/2799
f 2800/2800/2800 2801/2801/2801 2802/2802/2802
f 2803/2803/2803 2804/2804/2804 2805/2805/2805
f 2806/2806/2806 2807/2807/2807 2808/2808/2808
f 2809/2809/2809 2810/2810/2810 2811/2811/2811
f 2812/2812/2812 2813/2813/2813 2814/2814/2814
f 2815/2815/2815 2816/2816/2816 2817/2817/2817
f 2818/2818/2818 2819/2819/2819 2820/2820/2820
f 2821/2821/2821 2822/2822/2822 2823/2823/2823
f 2824/2824/2824 2825/2825/2825 2826/2826/2826
f 2827/2827/2827 2828/2828/2828 2829/2829/2829
f 2830/2830/2830 2831/2831/2831 2832/2832/2832
f 2833/2833/2833 2834/2834/2834 2835/2835/2835
f 2836/2836/2836 2837/2837/2837 2838/2838/2838
f 2839/2839/2839 2840/2840/2840 2841/2841/2841
f 2842/2842/2842 2843/2843/2843 2844/2844/2844
f 2845/2845/2845 2846/2846/2846 2847/2847/2847
f 2848/2848/2848 2849/2849/2849 2850/2850/2850
f 2851/2851/2851 2852/2852/2852 2853/2853/2853
f 2854/2854/2854 2855/2855/2855 2856/2856/2856
f 2857/2857/2857 2858/2858/2858 2859/2859/2859
f 2860/2860/2860 2861/2861/2861 2862/2862/2862
f 2863/2863/2863 2864/2864/2864 2865/2865/2865
f 2866/2866/2866 2867/2867/2867 2868/2868/2868
f 2869/2869/2869 2870/2870/2870 2871/2871/2871
f 2872/2872/2872 2873/2873/2873 2874/2874/2874
f 2875/2875/2875 2876/2876/2876 2877/2877/2877
f 2878/2878/2878 2879/2879/2879 2880/2880/2880
f 2881/2881/2881 2882/2882/2882 2883/2883/2883
f 2884/2884/2884 2885/2885/2885 2886/2886/2886
f 2887/2887/2887 2888/2888/2888 2889/2889/2889
f 2890/2890/2890 2891/2891/2891 2892/2892/2892
f 2893/2893/2893 2894/2894/2894 2895/2895/2895
f 2896/2896/2896 2897/2897/2897 2898/2898/2898
f 2899/2899/2899 2900/2900/2900 2901/2901/2901
f 2902/2902/2902 2903/2903/2903 2904/2904/2904
f 2905/2905/2905 2906/2906/2906 2907/2907/2907
f 2908/2908/2908 2909/2909/2909 2910/2910/2910
f 2911/2911/2911 2912/2912/2912 2913/2913/2913
f 2914/2914/2914 2915/2915/2915 2916/2916/2916
f 2917/2917/2917 2918/2918/2918 2919/2919/2919
f 2920/2920/2920 2921/2921/2921 2922/2922/2922
f 2923/2923/2923 2924/2924/2924 2925/2925/2925
f 2926/2926/2926 2927/2927/2927 2928/2928/2928
f 2929/2929/2929 2930/2930/2930 2931/2931/2931
f 2932/2932/2932 2933/2933/2933 2934/2934/2934
f 2935/2935/2935 2936/2936/2936 2937/2937/2937
f 2938/2938/2938 2939/2939/2939 2940/2940/2940
f 2941/2941/2941 2942/2942/2942 2943/2943/2943
f 2944/2944/2944 2945/2945/2945 2946/2946/2946
f 2947/2947/2947 2948/2948/2948 2949/2949/2949
f 2950/2950/2950 2951/2951/2951 2952/2952/2952
f 2953/2953/2953 2954/2954/2954 2955/2955/2955
f 2956/2956/2956 2957/2957/2957 2958/2958/2958
f 2959/2959/2959 2960/2960/2960 2961/2961/2961
f 2962/2962/2962 2963/2963/2963 2964/2964/2964
f 2965/2965/2965 2966/2966/2966 2967/2967/2967
f 2968/2968/2968 2969/2969/2969 2970/2970/2970
f 2971/2971/2971 2972/2972/2972 2973/2973/2973
f 2974/2974/2974 2975/2975/2975 2976/2976/2976
f 2977/2977/2977 2978/2978/2978 2979/2979/2979
f 2980/2980/2980 2981/2981/2981 2982/2982/2982
f 2983/2983/2983 2984/2984/2984 2985/2985/2985
f 2986/2986/2986 2987/2987/2987 2988/2988/2988
f 2989/2989/2989 2990/2990/2990 2991/2991/2991
f 2992/2992/2992 2993/2993/2993 2994/2994/2994
f 2995/2995/2995 2996/2996/2996 2997/2997/2997
f 2998/2998/2998 2999/2999/2999 3000/3000/3000
f 3001/3001/3001 3002/3002/3002 3003/3003/3003
f 3004/3004/3004 3005/3005/3005 3006/3006/3006
f 3007/3007/3007 3008/3008/3008 3009/3009/3009
f 3010/3010/3010 3011/3011/3011 3012/3012/3012
f 3013/3013/3013 3014/3014/3014 3015/3015/3015
f 3016/3016/3016 3017/3017/3017 3018/3018/3018
f 3019/3019/3019 3020/3020/3020 3021/3021/3021
f 3022/3022/3022 3023/3023/3023 3024/3024/3024
f 3025/3025/3025 3026/3026/3026 3027/3027/3027
f 3028/3028/3028 3029/3029/3029 3030/3030/3030
f 3031/3031/3031 3032/3032/3032 3033/3033/3033
f 3034/3034/3034 3035/3035/3035 3036/3036/3036
f 3037/3037/3037 3038/3038/3038 3039/3039/3039
f 3040/3040/3040 3041/3041/3041 3042/3042/3042
f 3043/3043/3043 3044/3044/3044 3045/3045/3045
f 3046/3046/3046 3047/3047/3047 3048/3048/3048
f 3049/3049/3049 3050/3050/3050 3051/3051/3051
f 3052/3052/3052 3053/3053/3053 3054/3054/3054
f 3055/3055/3055 3056/3056/3056 3057/3057/3057
f 3058/3058/3058 3059/3059/3059 3060/3060/3060
f 3061/3061/3061 3062/3062/3062 3063/3063/3063
f 3064/3064/3064 3065/3065/3065 3066/3066/3066
f 3067/3067/3067 3068/3068/3068 3069/3069/3069
f 3070/3070/3070 3071/3071/3071 3072/3072/3072
f 3073/3073/3073 3074/3074/3074 3075/3075/3075
f 3076/3076/3076 3077/3077/3077 3078/3078/3078
f 3079/3079/3079 3080/3080/3080 3081/3081/3081
f 3082/3082/3082 3083/3083/3083 3084/3084/3084
f 3085/3085/3085 3086/3086/3086 3087/3087/3087
f 3088/3088/3088 3089/3089/3089 3090/3090/3090
f 3091/3091/3091 3092/3092/3092 3093/3093/3093
f 3094/3094/3094 3095/3095/3095 3096/3096/3096
f 3097/3097/3097 3098/3098/3098 3099/3099/3099
f 3100/3100/3100 3101/3101/3101 3102/3102/3102
f 3103/3103/3103 3104/3104/3104 3105/3105/3105
f 3106/3106/3106 3107/3107/3107 3108/3108/3108
f 3109/3109/3109 3110/3110/3110 3111/3111/3111
f 3112/3112/3112 3113/3113/3113 3114/3114/3114
f 3115/3115/3115 3116/3116/3116 3117/3117/3117
f 3118/3118/3118 3119/3119/3119 3120/3120/3120
f 3121/3121/3121 3122/3122/3122 3123/3123/3123
f 3124/3124/3124 3125/3125/3125 3126/3126/3126
f 3127/3127/3127 3128/3128/3128 3129/3129/3129
f 3130/3130/3130 3131/3131/3131 3132/3132/3132
f 3133/3133/3133 3134/3134/3134 3135/3135/3135
f 3136/3136/3136 3137/3137/3137 3138/3138/3138
f 3139/3139/3139 3140/3140/3140 3141/3141/3141
f 3142/3142/3142 3143/3143/3143 3144/3144/3144
f 3145/3145/3145 3146/3146/3146 3147/3147/3147
f 3148/3148/3148 3149/3149/3149 3150/3150/3150
f 3151/3151/3151 3152/3152/3152 3153/3153/3153
f 3154/3154/3154 3155/3155/3155 3156/3156/3156
f 3157/3157/3157 3158/3158/3158 3159/3159/3159
f 3160/3160/3160 3161/3161/3161 3162/3162/3162
f 3163/3163/3163 3164/3164/3164 3165/3165/3165
f 3166/3166/3166 3167/3167/3167 3168/3168/3168
f 3169/3169/3169 3170/3170/3170 3171/3171/3171
f 3172/3172/3172 3173/3173/3173 3174/3174/3174
f 3175/3175/3175 3176/3176/3176 3177/3177/3177
f 3178/3178/3178 3179/3179/3179 3180/3180/3180
f 3181/3181/3181 3182/3182/3182 3183/3183/3183
f 3184/3184/3184 3185/3185/3185 3186/3186/3186
f 3187/3187/3187 3188/3188/3188 3189/3189/3189
f 3190/3190/3190 3191/3191/3191 3192/3192/3192
f 3193/3193/3193 3194/3194/3194 3195/3195/3195
f 3196/3196/3196 3197/3197/3197 3198/3198/3198
f 3199/3199/3199 3200/3200/3200 3201/3201/3201
f 3202/3202/3202 3203/3203/3203 3204/3204/3204
f 3205/3205/3205 3206/3206/3206 3207/3207/3207
f 3208/3208/3208 3209/3209/3209 3210/3210/3210
f 3211/3211/3211 3212/3212/3212 3213/3213/3213
f 3214/3214/3214 3215/3215/3215 3216/3216/3216
f 3217/3217/3217 3218/3218/3218 3219/3219/3219
f 3220/3220/3220 3221/3221/3221 3222/3222/3222
f 3223/3223/3223 3224/3224/3224 3225/3225/3225
f 3226/3226/3226 3227/3227/3227 3228/3228/3228
f 3229/3229/3229 3230/3230/3230 3231/3231/3231
f 3232/3232/3232 3233/3233/3233 3234/3234/3234
f 3235/3235/3235 3236/3236/3236 3237/3237/3237
f 3238/3238/3238 3239/3239/3239 3240/3240/3240
f 3241/3241/3241 3242/3242/3242 3243/3243/3243
f 3244/3244/3244 3245/3245/3245 3246/3246/3246
f 3247/3247/3247 3248/3248/3248 3249/3249/3249
f 3250/3250/3250 3251/3251/3251 3252/3252/3252
f 3253/3253/3253 3254/3254/3254 3255/3255/3255
f 3256/3256/3256 3257/3257/3257 3258/3258/3258
f 3259/3259/3259 3260/3260/3260 3261/3261/3261
f 3262/3262/3262 3263/3263/3263 3264/3264/3264
f 3265/3265/3265 3266/3266/3266 3267/3267/3267
f 3268/3268/3268 3269/3269/3269 3270/3270/3270
f 3271/3271/3271 3272/3272/3272 3273/3273/3273
f 3274/3274/3274 3275/3275/3275 3276/3276/3276
f 3277/3277/3277 3278/3278/3278 3279/3279/3279
f 3280/3280/3280 3281/3281/3281 3282/3282/3282
f 3283/3283/3283 3284/3284/3284 3285/3285/3285
f 3286/3286/3286 3287/3287/3287 3288/3288/3288
f 3289/3289/3289 3290/3290/3290 3291/3291/3291
f 3292/3292/3292 3293/3293/3293 3294/3294/3294
f 3295/3295/3295 3296/3296/3296 3297/3297/3297
f 3298/3298/3298 3299/3299/3299 3300/3300/3300
f 3301/3301/3301 3302/3302/3302 3303/3303/3303
f 3304/3304/3304 3305/3305/3305 3306/3306/3306
f 3307/3307/3307 3308/3308/3308 3309/3309/3309
f 3310/3310/3310 3311/3311/3311 3312/3312/3312
f 3313/3313/3313 3314/3314/3314 3315/3315/3315
f 3316/3316/3316 3317/3317/3317 3318/3318/3318
f 3319/3319/3319 3320/3320/3320 3321/3321/3321
f 3322/3322/3322 3323/3323/3323 3324/3324/3324
f 3325/3325/3325 3326/3326/3326 3327/3327/3327
f 3328/3328/3328 3329/3329/3329 3330/3330/3330
f 3331/3331/3331 3332/3332/3332 3333/3333/3333
f 3334/3334/3334 3335/3335/3335 3336/3336/3336
f 3337/3337/3337 3338/3338/3338 3339/3339/3339
f 3340/3340/3340 3341/3341/3341 3342/3342/3342
f 3343/3343/3343 3344/3344/3344 3345/3345/3345
f 3346/3346/3346 3347/3347/3347 3348/3348/3348
f 3349/3349/3349 3350/3350/3350 3351/3351/3351
f 3352/3352/3352 3353/3353/3353 3354/3354/3354
f 3355/3355/3355 3356/3356/3356 3357/3357/3357
f 3358/3358/3358 3359/3359/3359 3360/3360/3360
f 3361/3361/3361 3362/3362/3362 3363/3363/3363
f 3364/3364/3364 3365/3365/3365 3366/3366/3366
f 3367/3367/3367 3368/3368/3368 3369/3369/3369
f 3370/3370/3370 3371/3371/3371 3372/3372/3372
f 3373/3373/3373 3374/3374/3374 3375/3375/3375
f 3376/3376/3376 3377/3377/3377 3378/3378/3378
f 3379/3379/3379 3380/3380/3380 3381/3381/3381
f 3382/3382/3382 3383/3383/3383 3384/3384/3384
f 3385/3385/3385 3386/3386/3386 3387/3387/3387
f 3388/3388/3388 3389/3389/3389 3390/3390/3390
f 3391/3391/3391 3392/3392/3392 3393/3393/3393
f 3394/3394/3394 3395/3395/3395 3396/3396/3396
f 3397/3397/3397 3398/3398/3398 3399/3399/3399
f 3400/3400/3400 3401/3401/3401 3402/3402/3402
f 3403/3403/3403 3404/3404/3404 3405/3405/3405
f 3406/3406/3406 3407/3407/3407 3408/3408/3408
f 3409/3409/3409 3410/3410/3410 3411/3411/3411
f 3412/3412/3412 3413/3413/3413 3414/3414/3414
f 3415/3415/3415 3416/3416/3416 3417/3417/3417
f 3418/3418/3418 3419/3419/3419 3420/3420/3420
f 3421/3421/3421 3422/3422/3422 3423/3423/3423
f 3424/3424/3424 3425/3425/3425 3426/3426/3426
f 3427/3427/3427 3428/3428/3428 3429/3429/3429
f 3430/3430/3430 3431/3431/3431 3432/3432/3432
f 3433/3433/3433 3434/3434/3434 3435/3435/3435
f 3436/3436/3436 3437/3437/3437 3438/3438/3438
f 3439/3439/3439 3440/3440/3440 3441/3441/3441
f 3442/3442/3442 3443/3443/3443 3444/3444/3444
f 3445/3445/3445 3446/3446/3446 3447/3447/3447
f 3448/3448/3448 3449/3449/3449 3450/3450/3450
f 3451/3451/3451 3452/3452/3452 3453/3453/3453
f 3454/3454/3454 3455/3455/3455 3456/3456/3456
f 3457/3457/3457 3458/3458/3458 3459/3459/3459
f 3460/3460/3460 3461/3461/3461 3462/3462/3462
f 3463/3463/3463 3464/3464/3464 3465/3465/3465
f 3466/3466/3466 3467/3467/3467 3468/3468/3468
f 3469/3469/3469 3470/3470/3470 3471/3471/3471
f 3472/3472/3472 3473/3473/3473 3474/3474/3474
f 3475/3475/3475 3476/3476/3476 3477/3477/3477
f 3478/3478/3478 3479/3479/3479 3480/3480/3480
f 3481/3481/3481 3482/3482/3482 3483/3483/3483
f 3484/3484/3484 3485/3485/3485 3486/3486/3486
f 3487/3487/3487 3488/3488/3488 3489/3489/3489
f 3490/3490/3490 3491/3491/3491 3492/3492/3492
f 3493/3493/3493 3494/3494/3494 3495/3495/3495
f 3496/3496/3496 3497/3497/3497 3498/3498/3498
f 3499/3499/3499 3500/3500/3500 3501/3501/3501
f 3502/3502/3502 3503/3503/3503 3504/3504/3504
f 3505/3505/3505 3506/3506/3506 3507/3507/3507
f 3508/3508/3508 3509/3509/3509 3510/3510/3510
f 3511/3511/3511 3512/3512/3512 3513/3513/3513
f 3514/3514/3514 3515/3515/3515 3516/3516/3516
f 3517/3517/3517 3518/3518/3518 3519/3519/3519
f 3520/3520/3520 3521/3521/3521 3522/3522/3522
f 3523/3523/3523 3524/3524/3524 3525/3525/3525
f 3526/3526/3526 3527/3527/3527 3528/3528/3528
f 3529/3529/3529 3530/3530/3530 3531/3531/3531
f 3532/3532/3532 3533/3533/3533 3534/3534/3534
f 3535/3535/3535 3536/3536/3536 3537/3537/3537
f 3538/3538/3538 3539/3539/3539 3540/3540/3540
f 3541/3541/3541 3542/3542/3542 3543/3543/3543
f 3544/3544/3544 3545/3545/3545 3546/3546/3546
f 3547/3547/3547 3548/3548/3548 3549/3549/3549
f 3550/3550/3550 3551/3551/3551 3552/3552/3552
f 3553/3553/3553 3554/3554/3554 3555/3555/3555
f 3556/3556/3556 3557/3557/3557 3558/3558/3558
f 3559/3559/3559 3560/3560/3560 3561/3561/3561
f 3562/3562/3562 3563/3563/3563 3564/3564/3564
f 3565/3565/3565 3566/3566/3566 3567/3567/3567
f 3568/3568/3568 3569/3569/3569 3570/3570/3570
f 3571/3571/3571 3572/3572/3572 3573/3573/3573
f 3574/3574/3574 3575/3575/3575 3576/3576/3576
f 3577/3577/3577 3578/3578/3578 3579/3579/3579
f 3580/3580/3580 3581/3581/3581 3582/3582/3582
f 3583/3583/3583 3584/3584/3584 3585/3585/3585
f 3586/3586/3586 3587/3587/3587 3588/3588/3588
f 3589/3589/3589 3590/3590/3590 3591/3591/3591
f 3592/3592/3592 3593/3593/3593 3594/3594/3594
f 3595/3595/3595 3596/3596/3596 3597/3597/3597
f 3598/3598/3598 3599/3599/3599 3600/3600/3600
f 3601/3601/3601 3602/3602/3602 3603/3603/3603
f 3604/3604/3604 3605/3605/3605 3606/3606/3606
f 3607/3607/3607 3608/3608/3608 3609/3609/3609
f 3610/3610/3610 3611/3611/3611 3612/3612/3612
f 3613/3613/3613 3614/3614/3614 3615/3615/3615
f 3616/3616/3616 3617/3617/3617 3618/3618/3618
f 3619/3619/3619 3620/3620/3620 3621/3621/3621
f 3622/3622/3622 3623/3623/3623 3624/3624/3624
f 3625/3625/3625 3626/3626/3626 3627/3627/3627
f 3628/3628/3628 3629/3629/3629 3630/3630/3630
f 3631/3631/3631 3632/3632/3632 3633/3633/3633
f 3634/3634/3634 3635/3635/3635 3636/3636/3636
f 3637/3637/3637 3638/3638/3638 3639/3639/3639
f 3640/3640/3640 3641/3641/3641 3642/3642/3642
f 3643/3643/3643 3644/3644/3644 3645/3645/3645
f 3646/3646/3646 3647/3647/3647 3648/3648/3648
f 3649/3649/3649 3650/3650/3650 3651/3651/3651
f 3652/3652/3652 3653/3653/3653 3654/3654/3654
f 3655/3655/3655 3656/3656/3656 3657/3657/3657
f 3658/3658/3658 3659/3659/3659 3660/3660/3660
f 3661/3661/3661 3662/3662/3662 3663/3663/3663
f 3664/3664/3664 3665/3665/3665 3666/3666/3666
f 3667/3667/3667 3668/3668/3668 3669/3669/3669
f 3670/3670/3670 3671/3671/3671 3672/3672/3672
f 3673/3673/3673 3674/3674/3674 3675/3675/3675
f 3676/3676/3676 3677/3677/3677 3678/3678/3678
f 3679/3679/3679 3680/3680/3680 3681/3681/3681
f 3682/3682/3682 3683/3683/3683 3684/3684/3684
f 3685/3685/3685 3686/3686/3686 3687/3687/3687
f 3688/3688/3688 3689/3689/3689 3690/3690/3690
f 3691/3691/3691 3692/3692/3692 3693/3693/3693
f 3694/3694/3694 3695/3695/3695 3696/3696/3696
f 3697/3697/3697 3698/3698/3698 3699/3699/3699
f 3700/3700/3700 3701/3701/3701 3702/3702/3702
f 3703/3703/3703 3704/3704/3704 3705/3705/3705
f 3706/3706/3706 3707/3707/3707 3708/3708/3708
f 3709/3709/3709 3710/3710/3710 3711/3711/3711
f 3712/3712/3712 3713/3713/3713 3714/3714/3714
f 3715/3715/3715 3716/3716/3716 3717/3717/3717
f 3718/3718/3718 3719/3719/3719 3720/3720/3720
f 3721/3721/3721 3722/3722/3722 3723/3723/3723
f 3724/3724/3724 3725/3725/3725 3726/3726/3726
f 3727/3727/3727 3728/3728/3728 3729/3729/3729
f 3730/3730/3730 3731/3731/3731 3732/3732/3732
f 3733/3733/3733 3734/3734/3734 3735/3735/3735
f 3736/3736/3736 3737/3737/3737 3738/3738/3738
f 3739/3739/3739 3740/3740/3740 3741/3741/3741
f 3742/3742/3742 3743/3743/3743 3744/3744/3744
f 3745/3745/3745 3746/3746/3746 3747/3747/3747
f 3748/3748/3748 3749/3749/3749 3750/3750/3750
f 3751/3751/3751 3752/3752/3752 3753/3753/3753
f 3754/3754/3754 3755/3755/3755 3756/3756/3756
f 3757/3757/3757 3758/3758/3758 3759/3759/3759
f 3760/3760/3760 3761/3761/3761 3762/3762/3762
f 3763/3763/3763 3764/3764/3764 3765/3765/3765
f 3766/3766/3766 3767/3767/3767 3768/3768/3768
f 3769/3769/3769 3770/3770/3770 3771/3771/3771
f 3772/3772/3772 3773/3773/3773 3774/3774/3774
f 3775/3775/3775 3776/3776/3776 3777/3777/3777
f 3778/3778/3778 3779/3779/3779 3780/3780/3780
f 3781/3781/3781 3782/3782/3782 3783/3783/3783
f 3784/3784/3784 3785/3785/3785 3786/3786/3786
f 3787/3787/3787 3788/3788/3788 3789/3789/3789
f 3790/3790/3790 3791/3791/3791 3792/3792/3792
f 3793/3793/3793 3794/3794/3794 3795/3795/3795
f 3796/3796/3796 3797/3797/3797 3798/3798/3798
f 3799/3799/3799 3800/3800/3800 3801/3801/3801
f 3802/3802/3802 3803/3803/3803 3804/3804/3804
f 3805/3805/3805 3806/3806/3806 3807/3807/3807
f 3808/3808/3808 3809/3809/3809 3810/3810/3810
f 3811/3811/3811 3812/3812/3812 3813/3813/3813
f 3814/3814/3814 3815/3815/3815 3816/3816/3816
f 3817/3817/3817 3818/3818/3818 3819/3819/3819
f 3820/3820/3820 3821/3821/3821 3822/3822/3822
f 3823/3823/3823 3824/3824/3824 3825/3825/3825
f 3826/3826/3826 3827/3827/3827 3828/3828/3828
f 3829/3829/3829 3830/3830/3830 3831/3831/3831
f 3832/3832/3832 3833/3833/3833 3834/3834/3834
f 3835/3835/3835 3836/3836/3836 3837/3837/3837
f 3838/3838/3838 3839/3839/3839 3840/3840/3840
f 3841/3841/3841 3842/3842/3842 3843/3843/3843
f 3844/3844/3844 3845/3845/3845 3846/3846/3846
f 3847/3847/3847 3848/3848/3848 3849/3849/3849
f 3850/3850/3850 3851/3851/3851 3852/3852/3852
f 3853/3853/3853 3854/3854/3854 3855/3855/3855
f 3856/3856/3856 3857/3857/3857 3858/3858/3858
f 3859/3859/3859 3860/3860/3860 3861/3861/3861
f 3862/3862/3862 3863/3863/3863 3864/3864/3864
f 3865/3865/3865 3866/3866/3866 3867/3867/3867
f 3868/3868/3868 3869/3869/3869 3870/3870/3870
f 3871/3871/3871 3872/3872/3872 3873/3873/3873
f 3874/3874/3874 3875/3875/3875 3876/3876/3876
f 3877/3877/3877 3878/3878/3878 3879/3879/3879
f 3880/3880/3880 3881/3881/3881 3882/3882/3882
f 3883/3883/3883 3884/3884/3884 3885/3885/3885
f 3886/3886/3886 3887/3887/3887 3888/3888/3888
f 3889/3889/3889 3890/3890/3890 3891/3891/3891
f 3892/3892/3892 3893/3893/3893 3894/3894/3894
f 3895/3895/3895 3896/3896/3896 3897/3897/3897
f 3898/3898/3898 3899/3899/3899 3900/3900/3900
f 3901/3901/3901 3902/3902/3902 3903/3903/3903
f 3904/3904/3904 3905/3905/3905 3906/3906/3906
f 3907/3907/3907 3908/3908/3908 3909/3909/3909
f 3910/3910/3910 3911/3911/3911 3912/3912/3912
f 3913/3913/3913 3914/3914/3914 3915/3915/3915
f 3916/3916/3916 3917/3917/3917 3918/3918/3918
f 3919/3919/3919 3920/3920/3920 3921/3921/3921
f 3922/3922/3922 3923/3923/3923 3924/3924/3924
f 3925/3925/3925 3926/3926/3926 3927/3927/3927
f 3928/3928/3928 3929/3929/3929 3930/3930/3930
f 3931/3931/3931 3932/3932/3932 3933/3933/3933
f 3934/3934/3934 3935/3935/3935 3936/3936/3936
f 3937/3937/3937 3938/3938/3938 3939/3939/3939
f 3940/3940/3940 3941/3941/3941 3942/3942/3942
f 3943/3943/3943 3944/3944/3944 3945/3945/3945
f 3946/3946/3946 3947/3947/3947 3948/3948/3948
f 3949/3949/3949 3950/3950/3950 3951/3951/3951
f 3952/3952/3952 3953/3953/3953 3954/3954/3954
f 3955/3955/3955 3956/3956/3956 3957/3957/3957
f 3958/3958/3958 3959/3959/3959 3960/3960/3960
f 3961/3961/3961 3962/3962/3962 3963/3963/3963
f 3964/3964/3964 3965/3965/3965 3966/3966/3966
f 3967/3967/3967 3968/3968/3968 3969/3969/3969
f 3970/3970/3970 3971/3971/3971 3972/3972/3972
f 3973/3973/3973 3974/3974/3974 3975/3975/3975
f 3976/3976/3976 3977/3977/3977 3978/3978/3978
f 3979/3979/3979 3980/3980/3980 3981/3981/3981
f 3982/3982/3982 3983/3983/3983 3984/3984/3984
f 3985/3985/3985 3986/3986/3986 3987/3987/3987
f 3988/3988/3988 3989/3989/3989 3990/3990/3990
f 3991/3991/3991 3992/3992/3992 3993/3993/3993
f 3994/3994/3994 3995/3995/3995 3996/3996/3996
f 3997/3997/3997 3998/3998/3998 3999/3999/3999
f 4000/4000/4000 4001/4001/4001 4002/4002/4002
f 4003/4003/4003 4004/4004/4004 4005/4005/4005
f 4006/4006/4006 4007/4007/4007 4008/4008/4008
f 4009/4009/4009 4010/4010/4010 4011/4011/4011
f 4012/4012/4012 4013/4013/4013 4014/4014/4014
f 4015/4015/4015 4016/4016/4016 4017/4017/4017
f 4018/4018/4018 4019/4019/4019 4020/4020/4020
f 4021/4021/4021 4022/4022/4022 4023/4023/4023
f 4024/4024/4024 4025/4025/4025 4026/4026/4026
f 4027/4027/4027 4028/4028/4028 4029/4029/4029
f 4030/4030/4030 4031/4031/4031 4032/4032/4032
f 4033/4033/4033 4034/4034/4034 4035/4035/4035
f 4036/4036/4036 4037/4037/4037 4038/4038/4038
f 4039/4039/4039 4040/4040/4040 4041/4041/4041
f 4042/4042/4042 4043/4043/4043 4044/4044/4044
f 4045/4045/4045 4046/4046/4046 4047/4047/4047
f 4048/4048/4048 4049/4049/4049 4050/4050/4050
f 4051/4051/4051 4052/4052/4052 4053/4053/4053
f 4054/4054/4054 4055/4055/4055 4056/4056/4056
f 4057/4057/4057 4058/4058/4058 4059/4059/4059
f 4060/4060/4060 4061/4061/4061 4062/4062/4062
f 4063/4063/4063 4064/4064/4064 4065/4065/4065
f 4066/4066/4066 4067/4067/4067 4068/4068/4068
f 4069/4069/4069 4070/4070/4070 4071/4071/4071
f 4072/4072/4072 4073/4073/4073 4074/4074/4074
f 4075/4075/4075 4076/4076/4076 4077/4077/4077
f 4078/4078/4078 4079/4079/4079 4080/4080/4080
f 4081/4081/4081 4082/4082/4082 4083/4083/4083
f 4084/4084/4084 4085/4085/4085 4086/4086/4086
f 4087/4087/4087 4088/4088/4088 4089/4089/4089
f 4090/4090/4090 4091/4091/4091 4092/4092/4092
f 4093/4093/4093 4094/4094/4094 4095/4095/4095
f 4096/4096/4096 4097/4097/4097 4098/4098/4098
f 4099/4099/4099 4100/4100/4100 4101/4101/4101
f 4102/4102/4102 4103/4103/4103 4104/4104/4104
f 4105/4105/4105 4106/4106/4106 4107/4107/4107
f 4108/4108/4108 4109/4109/4109 4110/4110/4110
f 4111/4111/4111 4112/4112/4112 4113/4113/4113
f 4114/4114/4114 4115/4115/4115 4116/4116/4116
f 4117/4117/4117 4118/4118/4118 4119/4119/4119
f 4120/4120/4120 4121/4121/4121 4122/4122/4122
f 4123/4123/4123 4124/4124/4124 4125/4125/4125
f 4126/4126/4126 4127/4127/4127 4128/4128/4128
f 4129/4129/4129 4130/4130/4130 4131/4131/4131
f 4132/4132/4132 4133/4133/4133 4134/4134/4134
f 4135/4135/4135 4136/4136/4136 4137/4137/4137
f 4138/4138/4138 4139/4139/4139 4140/4140/4140
f 4141/4141/4141 4142/4142/4142 4143/4143/4143
f 4144/4144/4144 4145/4145/4145 4146/4146/4146
f 4147/4147/4147 4148/4148/4148 4149/4149/4149
f 4150/4150/4150 4151/4151/4151 4152/4152/4152
f 4153/4153/4153 4154/4154/4154 4155/4155/4155
f 4156/4156/4156 4157/4157/4157 4158/4158/4158
f 4159/4159/4159 4160/4160/4160 4161/4161/4161
f 4162/4162/4162 4163/4163/4163 4164/4164/4164
f 4165/4165/4165 4166/4166/4166 4167/4167/4167
f 4168/4168/4168 4169/4169/4169 4170/4170/4170
f 4171/4171/4171 4172/4172/4172 4173/4173/4173
f 4174/4174/4174 4175/4175/4175 4176/4176/4176
f 4177/4177/4177 4178/4178/4178 4179/4179/4179
f 4180/4180/4180 4181/4181/4181 4182/4182/4182
f 4183/4183/4183 4184/4184/4184 4185/4185/4185
f 4186/4186/4186 4187/4187/4187 4188/4188/4188
f 4189/4189/4189 4190/4190/4190 4191/4191/4191
f 4192/4192/4192 4193/4193/4193 4194/4194/4194
f 4195/4195/4195 4196/4196/4196 4197/4197/4197
f 4198/4198/4198 4199/4199/4199 4200/4200/4200
f 4201/4201/4201 4202/4202/4202 4203/4203/4203
f 4204/4204/4204 4205/4205/4205 4206/4206/4206
f 4207/4207/4207 4208/4208/4208 4209/4209/4209
f 4210/4210/4210 4211/4211/4211 4212/4212/4212
f 4213/4213/4213 4214/4214/4214 4215/4215/4215
f 4216/4216/4216 4217/4217/4217 4218/4218/4218
f 4219/4219/4219 4220/4220/4220 4221/4221/4221
f 4222/4222/4222 4223/4223/4223 4224/4224/4224
f 4225/4225/4225 4226/4226/4226 4227/4227/4227
f 4228/4228/4228 4229/4229/4229 4230/4230/4230
f 4231/4231/4231 4232/4232/4232 4233/4233/4233
f 4234/4234/4234 4235/4235/4235 4236/4236/4236
f 4237/4237/4237 4238/4238/4238 4239/4239/4239
f 4240/4240/4240 4241/4241/4241 4242/4242/4242
f 4243/4243/4243 4244/4244/4244 4245/4245/4245
f 4246/4246/4246 4247/4247/4247 4248/4248/4248
f 4249/4249/4249 4250/4250/4250 4251/4251/4251
f 4252/4252/4252 4253/4253/4253 4254/4254/4254
f 4255/4255/4255 4256/4256/4256 4257/4257/4257
f 4258/4258/4258 4259/4259/4259 4260/4260/4260
f 4261/4261/4261 4262/4262/4262 4263/4263/4263
f 4264/4264/4264 4265/4265/4265 4266/4266/4266
f 4267/4267/4267 4268/4268/4268 4269/4269/4269
f 4270/4270/4270 4271/4271/4271 4272/4272/4272
f 4273/4273/4273 4274/4274/4274 4275/4275/4275
f 4276/4276/4276 4277/4277/4277 4278/4278/4278
f 4279/4279/4279 4280/4280/4280 4281/4281/4281
f 4282/4282/4282 4283/4283/4283 4284/4284/4284
f 4285/4285/4285 4286/4286/4286 4287/4287/4287
f 4288/4288/4288 4289/4289/4289 4290/4290/4290
f 4291/4291/4291 4292/4292/4292 4293/4293/4293
f 4294/4294/4294 4295/4295/4295 4296/4296/4296
f 4297/4297/4297 4298/4298/4298 4299/4299/4299
f 4300/4300/4300 4301/4301/4301 4302/4302/4302
f 4303/4303/4303 4304/4304/4304 4305/4305/4305
f 4306/4306/4306 4307/4307/4307 4308/4308/4308
f 4309/4309/4309 4310/4310/4310 4311/4311/4311
f 4312/4312/4312 4313/4313/4313 4314/4314/4314
f 4315/4315/4315 4316/4316/4316 4317/4317/4317
f 4318/4318/4318 4319/4319/4319 4320/4320/4320
f 4321/4321/4321 4322/4322/4322 4323/4323/4323
f 4324/4324/4324 4325/4325/4325 4326/4326/4326
f 4327/4327/4327 4328/4328/4328 4329/4329/4329
f 4330/4330/4330 4331/4331/4331 4332/4332/4332
f 4333/4333/4333 4334/4334/4334 4335/4335/4335
f 4336/4336/4336 4337/4337/4337 4338/4338/4338
f 4339/4339/4339 4340/4340/4340 4341/4341/4341
f 4342/4342/4342 4343/4343/4343 4344/4344/4344
f 4345/4345/4345 4346/4346/4346 4347/4347/4347
f 4348/4348/4348 4349/4349/4349 4350/4350/4350
f 4351/4351/4351 4352/4352/4352 4353/4353/4353
f 4354/4354/4354 4355/4355/4355 4356/4356/4356
f 4357/4357/4357 4358/4358/4358 4359/4359/4359
f 4360/4360/4360 4361/4361/4361 4362/4362/4362
f 4363/4363/4363 4364/4364/4364 4365/4365/4365
f 4366/4366/4366 4367/4367/4367 4368/4368/4368
f 4369/4369/4369 4370/4370/4370 4371/4371/4371
f 4372/4372/4372 4373/4373/4373 4374/4374/4374
f 4375/4375/4375 4376/4376/4376 4377/4377/4377
f 4378/4378/4378 4379/4379/4379 4380/4380/4380
f 4381/4381/4381 4382/4382/4382 4383/4383/4383
f 4384/4384/4384 4385/4385/4385 4386/4386/4386
f 4387/4387/4387 4388/4388/4388 4389/4389/4389
f 4390/4390/4390 4391/4391/4391 4392/4392/4392
f 4393/4393/4393 4394/4394/4394 4395/4395/4395
f 4396/4396/4396 4397/4397/4397 4398/4398/4398
f 4399/4399/4399 4400/4400/4400 4401/4401/4401
f 4402/4402/4402 4403/4403/4403 4404/4404/4404
f 4405/4405/4405 4406/4406/4406 4407/4407/4407
f 4408/4408/4408 4409/4409/4409 4410/4410/4410
f 4411/4411/4411 4412/4412/4412 4413/4413/4413
f 4414/4414/4414 4415/4415/4415 4416/4416/4416
f 4417/4417/4417 4418/4418/4418 4419/4419/4419
f 4420/4420/4420 4421/4421/4421 4422/4422/4422
f 4423/4423/4423 4424/4424/4424 4425/4425/4425
f 4426/4426/4426 4427/4427/4427 4428/4428/4428
f 4429/4429/4429 4430/4430/4430 4431/4431/4431
f 4432/4432/4432 4433/4433/4433 4434/4434/4434
f 4435/4435/4435 4436/4436/4436 4437/4437/4437
f 4438/4438/4438 4439/4439/4439 4440/4440/4440
f 4441/4441/4441 4442/4442/4442 4443/4443/4443
f 4444/4444/4444 4445/4445/4445 4446/4446/4446
f 4447/4447/4447 4448/4448/4448 4449/4449/4449
f 4450/4450/4450 4451/4451/4451 4452/4452/4452
f 4453/4453/4453 4454/4454/4454 4455/4455/4455
f 4456/4456/4456 4457/4457/4457 4458/4458/4458
f 4459/4459/4459 4460/4460/4460 4461/4461/4461
f 4462/4462/4462 4463/4463/4463 4464/4464/4464
f 4465/4465/4465 4466/4466/4466 4467/4467/4467
f 4468/4468/4468 4469/4469/4469 4470/4470/4470
f 4471/4471/4471 4472/4472/4472 4473/4473/4473
f 4474/4474/4474 4475/4475/4475 4476/4476/4476
f 4477/4477/4477 4478/4478/4478 4479/4479/4479
f 4480/4480/4480 4481/4481/4481 4482/4482/4482
f 4483/4483/4483 4484/4484/4484 4485/4485/4485
f 4486/4486/4486 4487/4487/4487 4488/4488/4488
f 4489/4489/4489 4490/4490/4490 4491/4491/4491
f 4492/4492/4492 4493/4493/4493 4494/4494/4494
f 4495/4495/4495 4496/4496/4496 4497/4497/4497
f 4498/4498/4498 4499/4499/4499 4500/4500/4500
f 4501/4501/4501 4502/4502/4502 4503/4503/4503
f 4504/4504/4504 4505/4505/4505 4506/4506/4506
f 4507/4507/4507 4508/4508/4508 4509/4509/4509
f 4510/4510/4510 4511/4511/4511 4512/4512/4512
f 4513/4513/4513 4514/4514/4514 4515/4515/4515
f 4516/4516/4516 4517/4517/4517 4518/4518/4518
f 4519/4519/4519 4520/4520/4520 4521/4521/4521
f 4522/4522/4522 4523/4523/4523 4524/4524/4524
f 4525/4525/4525 4526/4526/4526 4527/4527/4527
f 4528/4528/4528 4529/4529/4529 4530/4530/4530
f 4531/4531/4531 4532/4532/4532 4533/4533/4533
f 4534/4534/4534 4535/4535/4535 4536/4536/4536
f 4537/4537/4537 4538/4538/4538 4539/4539/4539
f 4540/4540/4540 4541/4541/4541 4542/4542/4542
f 4543/4543/4543 4544/4544/4544 4545/4545/4545
f 4546/4546/4546 4547/4547/4547 4548/4548/4548
f 4549/4549/4549 4550/4550/4550 4551/4551/4551
f 4552/4552/4552 4553/4553/4553 4554/4554/4554
f 4555/4555/4555 4556/4556/4556 4557/4557/4557
f 4558/4558/4558 4559/4559/4559 4560/4560/4560
f 4561/4561/4561 4562/4562/4562 4563/4563/4563
f 4564/4564/4564 4565/4565/4565 4566/4566/4566
f 4567/4567/4567 4568/4568/4568 4569/4569/4569
f 4570/4570/4570 4571/4571/4571 4572/4572/4572
f 4573/4573/4573 4574/4574/4574 4575/4575/4575
f 4576/4576/4576 4577/4577/4577 4578/4578/4578
f 4579/4579/4579 4580/4580/4580 4581/4581/4581
f 4582/4582/4582 4583/4583/4583 4584/4584/4584
f 4585/4585/4585 4586/4586/4586 4587/4587/4587
f 4588/4588/4588 4589/4589/4589 4590/4590/4590
f 4591/4591/4591 4592/4592/4592 4593/4593/4593
f 4594/4594/4594 4595/4595/4595 4596/4596/4596
f 4597/4597/4597 4598/4598/4598 4599/4599/4599
f 4600/4600/4600 4601/4601/4601 4602/4602/4602
f 4603/4603/4603 4604/4604/4604 4605/4605/4605
f 4606/4606/4606 4607/4607/4607 4608/4608/4608
f 4609/4609/4609 4610/4610/4610 4611/4611/4611
f 4612/4612/4612 4613/4613/4613 4614/4614/4614
f 4615/4615/4615 4616/4616/4616 4617/4617/4617
f 4618/4618/4618 4619/4619/4619 4620/4620/4620
f 4621/4621/4621 4622/4622/4622 4623/4623/4623
f 4624/4624/4624 4625/4625/4625 4626/4626/4626
f 4627/4627/4627 4628/4628/4628 4629/4629/4629
f 4630/4630/4630 4631/4631/4631 4632/4632/4632
f 4633/4633/4633 4634/4634/4634 4635/4635/4635
f 4636/4636/4636 4637/4637/4637 4638/4638/4638
f 4639/4639/4639 4640/4640/4640 4641/4641/4641
f 4642/4642/4642 4643/4643/4643 4644/4644/4644
f 4645/4645/4645 4646/4646/4646 4647/4647/4647
f 4648/4648/4648 4649/4649/4649 4650/4650/4650
f 4651/4651/4651 4652/4652/4652 4653/4653/4653
f 4654/4654/4654 4655/4655/4655 4656/4656/4656
f 4657/4657/4657 4658/4658/4658 4659/4659/4659
f 4660/4660/4660 4661/4661/4661 4662/4662/4662
f 4663/4663/4663 4664/4664/4664 4665/4665/4665
f 4666/4666/4666 4667/4667/4667 4668/4668/4668
f 4669/4669/4669 4670/4670/4670 4671/4671/4671
f 4672/4672/4672 4673/4673/4673 4674/4674/4674
f 4675/4675/4675 4676/4676/4676 4677/4677/4677
f 4678/4678/4678 4679/4679/4679 4680/4680/4680
f 4681/4681/4681 4682/4682/4682 4683/4683/4683
f 4684/4684/4684 4685/4685/4685 4686/4686/4686
f 4687/4687/4687 4688/4688/4688 4689/4689/4689
f 4690/4690/4690 4691/4691/4691 4692/4692/4692
f 4693/4693/4693 4694/4694/4694 4695/4695/4695
f 4696/4696/4696 4697/4697/4697 4698/4698/4698
f 4699/4699/4699 4700/4700/4700 4701/4701/4701
f 4702/4702/4702 4703/4703/4703 4704/4704/4704
f 4705/4705/4705 4706/4706/4706 4707/4707/4707
f 4708/4708/4708 4709/4709/4709 4710/4710/4710
f 4711/4711/4711 4712/4712/4712 4713/4713/4713
f 4714/4714/4714 4715/4715/4715 4716/4716/4716
f 4717/4717/4717 4718/4718/4718 4719/4719/4719
f 4720/4720/4720 4721/4721/4721 4722/4722/4722
f 4723/4723/4723 4724/4724/4724 4725/4725/4725
f 4726/4726/4726 4727/4727/4727 4728/4728/4728
f 4729/4729/4729 4730/4730/4730 4731/4731/4731
f 4732/4732/4732 4733/4733/4733 4734/4734/4734
f 4735/4735/4735 4736/4736/4736 4737/4737/4737
f 4738/4738/4738 4739/4739/4739 4740/4740/4740
f 4741/4741/4741 4742/4742/4742 4743/4743/4743
f 4744/4744/4744 4745/4745/4745 4746/4746/4746
f 4747/4747/4747 4748/4748/4748 4749/4749/4749
f 4750/4750/4750 4751/4751/4751 4752/4752/4752
f 4753/4753/4753 4754/4754/4754 4755/4755/4755
f 4756/4756/4756 4757/4757/4757 4758/4758/4758
f 4759/4759/4759 4760/4760/4760 4761/4761/4761
f 4762/4762/4762 4763/4763/4763 4764/4764/4764
f 4765/4765/4765 4766/4766/4766 4767/4767/4767
f 4768/4768/4768 4769/4769/4769 4770/4770/4770
f 4771/4771/4771 4772/4772/4772 4773/4773/4773
f 4774/4774/4774 4775/4775/4775 4776/4776/4776
f 4777/4777/4777 4778/4778/4778 4779/4779/4779
f 4780/4780/4780 4781/4781/4781 4782/4782/4782
f 4783/4783/4783 4784/4784/4784 4785/4785/4785
f 4786/4786/4786 4787/4787/4787 4788/4788/4788
f 4789/4789/4789 4790/4790/4790 4791/4791/4791
f 4792/4792/4792 4793/4793/4793 4794/4794/4794
f 4795/4795/4795 4796/4796/4796 4797/4797/4797
f 4798/4798/4798 4799/4799/4799 4800/4800/4800
f 4801/4801/4801 4802/4802/4802 4803/4803/4803
f 4804/4804/4804 4805/4805/4805 4806/4806/4806
f 4807/4807/4807 4808/4808/4808 4809/4809/4809
f 4810/4810/4810 4811/4811/4811 4812/4812/4812
f 4813/4813/4813 4814/4814/4814 4815/4815/4815
f 4816/4816/4816 4817/4817/4817 4818/4818/4818
f 4819/4819/4819 4820/4820/4820 4821/4821/4821
f 4822/4822/4822 4823/4823/4823 4824/4824/4824
f 4825/4825/4825 4826/4826/4826 4827/4827/4827
f 4828/4828/4828 4829/4829/4829 4830/4830/4830
f 4831/4831/4831 4832/4832/4832 4833/4833/4833
f 4834/4834/4834 4835/4835/4835 4836/4836/4836
f 4837/4837/4837 4838/4838/4838 4839/4839/4839
f 4840/4840/4840 4841/4841/4841 4842/4842/4842
f 4843/4843/4843 4844/4844/4844 4845/4845/4845
f 4846/4846/4846 4847/4847/4847 4848/4848/4848
f 4849/4849/4849 4850/4850/4850 4851/4851/4851
f 4852/4852/4852 4853/4853/4853 4854/4854/4854
f 4855/4855/4855 4856/4856/4856 4857/4857/4857
f 4858/4858/4858 4859/4859/4859 4860/4860/4860
f 4861/4861/4861 4862/4862/4862 4863/4863/4863
f 4864/4864/4864 4865/4865/4865 4866/4866/4866
f 4867/4867/4867 4868/4868/4868 4869/4869/4869
f 4870/4870/4870 4871/4871/4871 4872/4872/4872
f 4873/4873/4873 4874/4874/4874 4875/4875/4875
f 4876/4876/4876 4877/4877/4877 4878/4878/4878
f 4879/4879/4879 4880/4880/4880 4881/4881/4881
f 4882/4882/4882 4883/4883/4883 4884/4884/4884
f 4885/4885/4885 4886/4886/4886 4887/4887/4887
f 4888/4888/4888 4889/4889/4889 4890/4890/4890
f 4891/4891/4891 4892/4892/4892 4893/4893/4893
f 4894/4894/4894 4895/4895/4895 4896/4896/4896
f 4897/4897/4897 4898/4898/4898 4899/4899/4899
f 4900/4900/4900 4901/4901/4901 4902/4902/4902
f 4903/4903/4903 4904/4904/4904 4905/4905/4905
f 4906/4906/4906 4907/4907/4907 4908/4908/4908
f 4909/4909/4909 4910/4910/4910 4911/4911/4911
f 4912/4912/4912 4913/4913/4913 4914/4914/4914
f 4915/4915/4915 4916/4916/4916 4917/4917/4917
f 4918/4918/4918 4919/4919/4919 4920/4920/4920
f 4921/4921/4921 4922/4922/4922 4923/4923/4923
f 4924/4924/4924 4925/4925/4925 4926/4926/4926
f 4927/4927/4927 4928/4928/4928 4929/4929/4929
f 4930/4930/4930 4931/4931/4931 4932/4932/4932
f 4933/4933/4933 4934/4934/4934 4935/4935/4935
f 4936/4936/4936 4937/4937/4937 4938/4938/4938
f 4939/4939/4939 4940/4940/4940 4941/4941/4941
f 4942/4942/4942 4943/4943/4943 4944/4944/4944
f 4945/4945/4945 4946/4946/4946 4947/4947/4947
f 4948/4948/4948 4949/4949/4949 4950/4950/4950
f 4951/4951/4951 4952/4952/4952 4953/4953/4953
f 4954/4954/4954 4955/4955/4955 4956/4956/4956
f 4957/4957/4957 4958/4958/4958 4959/4959/4959
f 4960/4960/4960 4961/4961/4961 4962/4962/4962
f 4963/4963/4963 4964/4964/4964 4965/4965/4965
f 4966/4966/4966 4967/4967/4967 4968/4968/4968
f 4969/4969/4969 4970/4970/4970 4971/4971/4971
f 4972/4972/4972 4973/4973/4973 4974/4974/4974
f 4975/4975/4975 4976/4976/4976 4977/4977/4977
f 4978/4978/4978 4979/4979/4979 4980/4980/4980
f 4981/4981/4981 4982/4982/4982 4983/4983/4983
f 4984/4984/4984 4985/4985/4985 4986/4986/4986
f 4987/4987/4987 4988/4988/4988 4989/4989/4989
f 4990/4990/4990 4991/4991/4991 4992/4992/4992
f 4993/4993/4993 4994/4994/4994 4995/4995/4995
f 4996/4996/4996 4997/4997/4997 4998/4998/4998
f 4999/4999/4999 5000/5000/5000 5001/5001/5001
f 5002/5002/5002 5003/5003/5003 5004/5004/5004
f 5005/5005/5005 5006/5006/5006 5007/5007/5007
f 5008/5008/5008 5009/5009/5009 5010/5010/5010
f 5011/5011/5011 5012/5012/5012 5013/5013/5013
f 5014/5014/5014 5015/5015/5015 5016/5016/5016
f 5017/5017/5017 5018/5018/5018 5019/5019/5019
f 5020/5020/5020 5021/5021/5021 5022/5022/5022
f 5023/5023/5023 5024/5024/5024 5025/5025/5025
f 5026/5026/5026 5027/5027/5027 5028/5028/5028
f 5029/5029/5029 5030/5030/5030 5031/5031/5031
f 5032/5032/5032 5033/5033/5033 5034/5034/5034
f 5035/5035/5035 5036/5036/5036 5037/5037/5037
f 5038/5038/5038 5039/5039/5039 5040/5040/5040
f 5041/5041/5041 5042/5042/5042 5043/5043/5043
f 5044/5044/5044 5045/5045/5045 5046/5046/5046
f 5047/5047/5047 5048/5048/5048 5049/5049/5049
f 5050/5050/5050 5051/5051/5051 5052/5052/5052
f 5053/5053/5053 5054/5054/5054 5055/5055/5055
f 5056/5056/5056 5057/5057/5057 5058/5058/5058
f 5059/5059/5059 5060/5060/5060 5061/5061/5061
f 5062/5062/5062 5063/5063/5063 5064/5064/5064
f 5065/5065/5065 5066/5066/5066 5067/5067/5067
f 5068/5068/5068 5069/5069/5069 5070/5070/5070
f 5071/5071/5071 5072/5072/5072 5073/5073/5073
f 5074/5074/5074 5075/5075/5075 5076/5076/5076
f 5077/5077/5077 5078/5078/5078 5079/5079/5079
f 5080/5080/5080 5081/5081/5081 5082/5082/5082
f 5083/5083/5083 5084/5084/5084 5085/5085/5085
f 5086/5086/5086 5087/5087/5087 5088/5088/5088
f 5089/5089/5089 5090/5090/5090 5091/5091/5091
f 5092/5092/5092 5093/5093/5093 5094/5094/5094
f 5095/5095/5095 5096/5096/5096 5097/5097/5097
f 5098/5098/5098 5099/5099/5099 5100/5100/5100
f 5101/5101/5101 5102/5102/5102 5103/5103/5103
f 5104/5104/5104 5105/5105/5105 5106/5106/5106
f 5107/5107/5107 5108/5108/5108 5109/5109/5109
f 5110/5110/5110 5111/5111/5111 5112/5112/5112
f 5113/5113/5113 5114/5114/5114 5115/5115/5115
f 5116/5116/5116 5117/5117/5117 5118/5118/5118
f 5119/5119/5119 5120/5120/5120 5121/5121/5121
f 5122/5122/5122 5123/5123/5123 5124/5124/5124
f 5125/5125/5125 5126/5126/5126 5127/5127/5127
f 5128/5128/5128 5129/5129/5129 5130/5130/5130
f 5131/5131/5131 5132/5132/5132 5133/5133/5133
f 5134/5134/5134 5135/5135/5135 5136/5136/5136
f 5137/5137/5137 5138/5138/5138 5139/5139/5139
f 5140/5140/5140 5141/5141/5141 5142/5142/5142
f 5143/5143/5143 5144/5144/5144 5145/5145/5145
f 5146/5146/5146 5147/5147/5147 5148/5148/5148
f 5149/5149/5149 5150/5150/5150 5151/5151/5151
f 5152/5152/5152 5153/5153/5153 5154/5154/5154
f 5155/5155/5155 5156/5156/5156 5157/5157/5157
f 5158/5158/5158 5159/5159/5159 5160/5160/5160
f 5161/5161/5161 5162/5162/5162 5163/5163/5163
f 5164/5164/5164 5165/5165/5165 5166/5166/5166
f 5167/5167/5167 5168/5168/5168 5169/5169/5169
f 5170/5170/5170 5171/5171/5171 5172/5172/5172
f 5173/5173/5173 5174/5174/5174 5175/5175/5175
f 5176/5176/5176 5177/5177/5177 5178/5178/5178
f 5179/5179/5179 5180/5180/5180 5181/5181/5181
f 5182/5182/5182 5183/5183/5183 5184/5184/5184
f 5185/5185/5185 5186/5186/5186 5187/5187/5187
f 5188/5188/5188 5189/5189/5189 5190/5190/5190
f 5191/5191/5191 5192/5192/5192 5193/5193/5193
f 5194/5194/5194 5195/5195/5195 5196/5196/5196
f 5197/5197/5197 5198/5198/5198 5199/5199/5199
f 5200/5200/5200 5201/5201/5201 5202/5202/5202
f 5203/5203/5203 5204/5204/5204 5205/5205/5205
f 5206/5206/5206 5207/5207/5207 5208/5208/5208
f 5209/5209/5209 5210/5210/5210 5211/5211/5211
f 5212/5212/5212 5213/5213/5213 5214/5214/5214
f 5215/5215/5215 5216/5216/5216 5217/5217/5217
f 5218/5218/5218 5219/5219/5219 5220/5220/5220
f 5221/5221/5221 5222/5222/5222 5223/5223/5223
f 5224/5224/5224 5225/5225/5225 5226/5226/5226
f 5227/5227/5227 5228/5228/5228 5229/5229/5229
f 5230/5230/5230 5231/5231/5231 5232/5232/5232
f 5233/5233/5233 5234/5234/5234 5235/5235/5235
f 5236/5236/5236 5237/5237/5237 5238/5238/5238
f 5239/5239/5239 5240/5240/5240 5241/5241/5241
f 5242/5242/5242 5243/5243/5243 5244/5244/5244
f 5245/5245/5245 5246/5246/5246 5247/5247/5247
f 5248/5248/5248 5249/5249/5249 5250/5250/5250
f 5251/5251/5251 5252/5252/5252 5253/5253/5253
f 5254/5254/5254 5255/5255/5255 5256/5256/5256
f 5257/5257/5257 5258/5258/5258 5259/5259/5259
f 5260/5260/5260 5261/5261/5261 5262/5262/5262
f 5263/5263/5263 5264/5264/5264 5265/5265/5265
f 5266/5266/5266 5267/5267/5267 5268/5268/5268
f 5269/5269/5269 5270/5270/5270 5271/5271/5271
f 5272/5272/5272 5273/5273/5273 5274/5274/5274
f 5275/5275/5275 5276/5276/5276 5277/5277/5277
f 5278/5278/5278 5279/5279/5279 5280/5280/5280
f 5281/5281/5281 5282/5282/5282 5283/5283/5283
f 5284/5284/5284 5285/5285/5285 5286/5286/5286
f 5287/5287/5287 5288/5288/5288 5289/5289/5289
f 5290/5290/5290 5291/5291/5291 5292/5292/5292
f 5293/5293/5293 5294/5294/5294 5295/5295/5295
f 5296/5296/5296 5297/5297/5297 5298/5298/5298
f 5299/5299/5299 5300/5300/5300 5301/5301/5301
f 5302/5302/5302 5303/5303/5303 5304/5304/5304
f 5305/5305/5305 5306/5306/5306 5307/5307/5307
f 5308/5308/5308 5309/5309/5309 5310/5310/5310
f 5311/5311/5311 5312/5312/5312 5313/5313/5313
f 5314/5314/5314 5315/5315/5315 5316/5316/5316
f 5317/5317/5317 5318/5318/5318 5319/5319/5319
f 5320/5320/5320 5321/5321/5321 5322/5322/5322
f 5323/5323/5323 5324/5324/5324 5325/5325/5325
f 5326/5326/5326 5327/5327/5327 5328/5328/5328
f 5329/5329/5329 5330/5330/5330 5331/5331/5331
f 5332/5332/5332 5333/5333/5333 5334/5334/5334
f 5335/5335/5335 5336/5336/5336 5337/5337/5337
f 5338/5338/5338 5339/5339/5339 5340/5340/5340
f 5341/5341/5341 5342/5342/5342 5343/5343/5343
f 5344/5344/5344 5345/5345/5345 5346/5346/5346
f 5347/5347/5347 5348/5348/5348 5349/5349/5349
f 5350/5350/5350 5351/5351/5351 5352/5352/5352
f 5353/5353/5353 5354/5354/5354 5355/5355/5355
f 5356/5356/5356 5357/5357/5357 5358/5358/5358
f 5359/5359/5359 5360/5360/5360 5361/5361/5361
f 5362/5362/5362 5363/5363/5363 5364/5364/5364
f 5365/5365/5365 5366/5366/5366 5367/5367/5367
f 5368/5368/5368 5369/5369/5369 5370/5370/5370
f 5371/5371/5371 5372/5372/5372 5373/5373/5373
f 5374/5374/5374 5375/5375/5375 5376/5376/5376
f 5377/5377/5377 5378/5378/5378 5379/5379/5379
f 5380/5380/5380 5381/5381/5381 5382/5382/5382
f 5383/5383/5383 5384/5384/5384 5385/5385/5385
f 5386/5386/5386 5387/5387/5387 5388/5388/5388
f 5389/5389/5389 5390/5390/5390 5391/5391/5391
f 5392/5392/5392 5393/5393/5393 5394/5394/5394
f 5395/5395/5395 5396/5396/5396 5397/5397/5397
f 5398/5398/5398 5399/5399/5399 5400/5400/5400
f 5401/5401/5401 5402/5402/5402 5403/5403/5403
f 5404/5404/5404 5405/5405/5405 5406/5406/5406
f 5407/5407/5407 5408/5408/5408 5409/5409/5409
f 5410/5410/5410 5411/5411/5411 5412/5412/5412
f 5413/5413/5413 5414/5414/5414 5415/5415/5415
f 5416/5416/5416 5417/5417/5417 5418/5418/5418
f 5419/5419/5419 5420/5420/5420 5421/5421/5421
f 5422/5422/5422 5423/5423/5423 5424/5424/5424
f 5425/5425/5425 5426/5426/5426 5427/5427/5427
f 5428/5428/5428 5429/5429/5429 5430/5430/5430
f 5431/5431/5431 5432/5432/5432 5433/5433/5433
f 5434/5434/5434 5435/5435/5435 5436/5436/5436
f 5437/5437/5437 5438/5438/5438 5439/5439/5439
f 5440/5440/5440 5441/5441/5441 5442/5442/5442
f 5443/5443/5443 5444/5444/5444 5445/5445/5445
f 5446/5446/5446 5447/5447/5447 5448/5448/5448
f 5449/5449/5449 5450/5450/5450 5451/5451/5451
f 5452/5452/5452 5453/5453/5453 5454/5454/5454
f 5455/5455/5455 5456/5456/5456 5457/5457/5457
f 5458/5458/5458 5459/5459/5459 5460/5460/5460
f 5461/5461/5461 5462/5462/5462 5463/5463/5463
f 5464/5464/5464 5465/5465/5465 5466/5466/5466
f 5467/5467/5467 5468/5468/5468 5469/5469/5469
f 5470/5470/5470 5471/5471/5471 5472/5472/5472
f 5473/5473/5473 5474/5474/5474 5475/5475/5475
f 5476/5476/5476 5477/5477/5477 5478/5478/5478
f 5479/5479/5479 5480/5480/5480 5481/5481/5481
f 5482/5482/5482 5483/5483/5483 5484/5484/5484
f 5485/5485/5485 5486/5486/5486 5487/5487/5487
f 5488/5488/5488 5489/5489/5489 5490/5490/5490
f 5491/5491/5491 5492/5492/5492 5493/5493/5493
f 5494/5494/5494 5495/5495/5495 5496/5496/5496
f 5497/5497/5497 5498/5498/5498 5499/5499/5499
f 5500/5500/5500 5501/5501/5501 5502/5502/5502
f 5503/5503/5503 5504/5504/5504 5505/5505/5505
f 5506/5506/5506 5507/5507/5507 5508/5508/5508
f 5509/5509/5509 5510/5510/5510 5511/5511/5511
f 5512/5512/5512 5513/5513/5513 5514/5514/5514
f 5515/5515/5515 5516/5516/5516 5517/5517/5517
f 5518/5518/5518 5519/5519/5519 5520/5520/5520
f 5521/5521/5521 5522/5522/5522 5523/5523/5523
f 5524/5524/5524 5525/5525/5525 5526/5526/5526
f 5527/5527/5527 5528/5528/5528 5529/5529/5529
f 5530/5530/5530 5531/5531/5531 5532/5532/5532
f 5533/5533/5533 5534/5534/5534 5535/5535/5535
f 5536/5536/5536 5537/5537/5537 5538/5538/5538
f 5539/5539/5539 5540/5540/5540 5541/5541/5541
f 5542/5542/5542 5543/5543/5543 5544/5544/5544
f 5545/5545/5545 5546/5546/5546 5547/5547/5547
f 5548/5548/5548 5549/5549/5549 5550/5550/5550
f 5551/5551/5551 5552/5552/5552 5553/5553/5553
f 5554/5554/5554 5555/5555/5555 5556/5556/5556
f 5557/5557/5557 5558/5558/5558 5559/5559/5559
f 5560/5560/5560 5561/5561/5561 5562/5562/5562
f 5563/5563/5563 5564/5564/5564 5565/5565/5565
f 5566/5566/5566 5567/5567/5567 5568/5568/5568
f 5569/5569/5569 5570/5570/5570 5571/5571/5571
f 5572/5572/5572 5573/5573/5573 5574/5574/5574
f 5575/5575/5575 5576/5576/5576 5577/5577/5577
f 5578/5578/5578 5579/5579/5579 5580/5580/5580
f 5581/5581/5581 5582/5582/5582 5583/5583/5583
f 5584/5584/5584 5585/5585/5585 5586/5586/5586
f 5587/5587/5587 5588/5588/5588 5589/5589/5589
f 5590/5590/5590 5591/5591/5591 5592/5592/5592
f 5593/5593/5593 5594/5594/5594 5595/5595/5595
f 5596/5596/5596 5597/5597/5597 5598/5598/5598
f 5599/5599/5599 5600/5600/5600 5601/5601/5601
f 5602/5602/5602 5603/5603/5603 5604/5604/5604
f 5605/5605/5605 5606/5606/5606 5607/5607/5607
f 5608/5608/5608 5609/5609/5609 5610/5610/5610
f 5611/5611/5611 5612/5612/5612 5613/5613/5613
f 5614/5614/5614 5615/5615/5615 5616/5616/5616
f 5617/5617/5617 5618/5618/5618 5619/5619/5619
f 5620/5620/5620 5621/5621/5621 5622/5622/5622
f 5623/5623/5623 5624/5624/5624 5625/5625/5625
f 5626/5626/5626 5627/5627/5627 5628/5628/5628
f 5629/5629/5629 5630/5630/5630 5631/5631/5631
f 5632/5632/5632 5633/5633/5633 5634/5634/5634
f 5635/5635/5635 5636/5636/5636 5637/5637/5637
f 5638/5638/5638 5639/5639/5639 5640/5640/5640
f 5641/5641/5641 5642/5642/5642 5643/5643/5643
f 5644/5644/5644 5645/5645/5645 5646/5646/5646
f 5647/5647/5647 5648/5648/5648 5649/5649/5649
f 5650/5650/5650 5651/5651/5651 5652/5652/5652
f 5653/5653/5653 5654/5654/5654 5655/5655/5655
f 5656/5656/5656 5657/5657/5657 5658/5658/5658
f 5659/5659/5659 5660/5660/5660 5661/5661/5661
f 5662/5662/5662 5663/5663/5663 5664/5664/5664
f 5665/5665/5665 5666/5666/5666 5667/5667/5667
f 5668/5668/5668 5669/5669/5669 5670/5670/5670
f 5671/5671/5671 5672/5672/5672 5673/5673/5673
f 5674/5674/5674 5675/5675/5675 5676/5676/5676
f 5677/5677/5677 5678/5678/5678 5679/5679/5679
f 5680/5680/5680 5681/5681/5681 5682/5682/5682
f 5683/5683/5683 5684/5684/5684 5685/5685/5685
f 5686/5686/5686 5687/5687/5687 5688/5688/5688
f 5689/5689/5689 5690/5690/5690 5691/5691/5691
f 5692/5692/5692 5693/5693/5693 5694/5694/5694
f 5695/5695/5695 5696/5696/5696 5697/5697/5697
f 5698/5698/5698 5699/5699/5699 5700/5700/5700
f 5701/5701/5701 5702/5702/5702 5703/5703/5703
f 5704/5704/5704 5705/5705/5705 5706/5706/5706
f 5707/5707/5707 5708/5708/5708 5709/5709/5709
f 5710/5710/5710 5711/5711/5711 5712/5712/5712
f 5713/5713/5713 5714/5714/5714 5715/5715/5715
f 5716/5716/5716 5717/5717/5717 5718/5718/5718
f 5719/5719/5719 5720/5720/5720 5721/5721/5721
f 5722/5722/5722 5723/5723/5723 5724/5724/5724
f 5725/5725/5725 5726/5726/5726 5727/5727/5727
f 5728/5728/5728 5729/5729/5729 5730/5730/5730
f 5731/5731/5731 5732/5732/5732 5733/5733/5733
f 5734/5734/5734 5735/5735/5735 5736/5736/5736
f 5737/5737/5737 5738/5738/5738 5739/5739/5739
f 5740/5740/5740 5741/5741/5741 5742/5742/5742
f 5743/5743/5743 5744/5744/5744 5745/5745/5745
f 5746/5746/5746 5747/5747/5747 5748/5748/5748
f 5749/5749/5749 5750/5750/5750 5751/5751/5751
f 5752/5752/5752 5753/5753/5753 5754/5754/5754
f 5755/5755/5755 5756/5756/5756 5757/5757/5757
f 5758/5758/5758 5759/5759/5759 5760/5760/5760
f 5761/5761/5761 5762/5762/5762 5763/5763/5763
f 5764/5764/5764 5765/5765/5765 5766/5766/5766
f 5767/5767/5767 5768/5768/5768 5769/5769/5769
f 5770/5770/5770 5771/5771/5771 5772/5772/5772
f 5773/5773/5773 5774/5774/5774 5775/5775/5775
f 5776/5776/5776 5777/5777/5777 5778/5778/5778
f 5779/5779/5779 5780/5780/5780 5781/5781/5781
f 5782/5782/5782 5783/5783/5783 5784/5784/5784
f 5785/5785/5785 5786/5786/5786 5787/5787/5787
f 5788/5788/5788 5789/5789/5789 5790/5790/5790
f 5791/5791/5791 5792/5792/5792 5793/5793/5793
f 5794/5794/5794 5795/5795/5795 5796/5796/5796
f 5797/5797/5797 5798/5798/5798 5799/5799/5799
f 5800/5800/5800 5801/5801/5801 5802/5802/5802
f 5803/5803/5803 5804/5804/5804 5805/5805/5805
f 5806/5806/5806 5807/5807/5807 5808/5808/5808
f 5809/5809/5809 5810/5810/5810 5811/5811/5811
f 5812/5812/5812 5813/5813/5813 5814/5814/5814
f 5815/5815/5815 5816/5816/5816 5817/5817/5817
f 5818/5818/5818 5819/5819/5819 5820/5820/5820
f 5821/5821/5821 5822/5822/5822 5823/5823/5823
f 5824/5824/5824 5825/5825/5825 5826/5826/5826
f 5827/5827/5827 5828/5828/5828 5829/5829/5829
f 5830/5830/5830 5831/5831/5831 5832/5832/5832
f 5833/5833/5833 5834/5834/5834 5835/5835/5835
f 5836/5836/5836 5837/5837/5837 5838/5838/5838
f 5839/5839/5839 5840/5840/5840 5841/5841/5841
f 5842/5842/5842 5843/5843/5843 5844/5844/5844
f 5845/5845/5845 5846/5846/5846 5847/5847/5847
f 5848/5848/5848 5849/5849/5849 5850/5850/5850
f 5851/5851/5851 5852/5852/5852 5853/5853/5853
f 5854/5854/5854 5855/5855/5855 5856/5856/5856
f 5857/5857/5857 5858/5858/5858 5859/5859/5859
f 5860/5860/5860 5861/5861/5861 5862/5862/5862
f 5863/5863/5863 5864/5864/5864 5865/5865/5865
f 5866/5866/5866 5867/5867/5867 5868/5868/5868
f 5869/5869/5869 5870/5870/5870 5871/5871/5871
f 5872/5872/5872 5873/5873/5873 5874/5874/5874
f 5875/5875/5875 5876/5876/5876 5877/5877/5877
f 5878/5878/5878 5879/5879/5879 5880/5880/5880
f 5881/5881/5881 5882/5882/5882 5883/5883/5883
f 5884/5884/5884 5885/5885/5885 5886/5886/5886
f 5887/5887/5887 5888/5888/5888 5889/5889/5889
f 5890/5890/5890 5891/5891/5891 5892/5892/5892
f 5893/5893/5893 5894/5894/5894 5895/5895/5895
f 5896/5896/5896 5897/5897/5897 5898/5898/5898
f 5899/5899/5899 5900/5900/5900 5901/5901/5901
f 5902/5902/5902 5903/5903/5903 5904/5904/5904
f 5905/5905/5905 5906/5906/5906 5907/5907/5907
f 5908/5908/5908 5909/5909/5909 5910/5910/5910
f 5911/5911/5911 5912/5912/5912 5913/5913/5913
f 5914/5914/5914 5915/5915/5915 5916/5916/5916
f 5917/5917/5917 5918/5918/5918 5919/5919/5919
f 5920/5920/5920 5921/5921/5921 5922/5922/5922
f 5923/5923/5923 5924/5924/5924 5925/5925/5925
f 5926/5926/5926 5927/5927/5927 5928/5928/5928
f 5929/5929/5929 5930/5930/5930 5931/5931/5931
f 5932/5932/5932 5933/5933/5933 5934/5934/5934
f 5935/5935/5935 5936/5936/5936 5937/5937/5937
f 5938/5938/5938 5939/5939/5939 5940/5940/5940
f 5941/5941/5941 5942/5942/5942 5943/5943/5943
f 5944/5944/5944 5945/5945/5945 5946/5946/5946
f 5947/5947/5947 5948/5948/5948 5949/5949/5949
f 5950/5950/5950 5951/5951/5951 5952/5952/5952
f 5953/5953/5953 5954/5954/5954 5955/5955/5955
f 5956/5956/5956 5957/5957/5957 5958/5958/5958
f 5959/5959/5959 5960/5960/5960 5961/5961/5961
f 5962/5962/5962 5963/5963/5963 5964/5964/5964
f 5965/5965/5965 5966/5966/5966 5967/5967/5967
f 5968/5968/5968 5969/5969/5969 5970/5970/5970
f 5971/5971/5971 5972/5972/5972 5973/5973/5973
f 5974/5974/5974 5975/5975/5975 5976/5976/5976
f 5977/5977/5977 5978/5978/5978 5979/5979/5979
f 5980/5980/5980 5981/5981/5981 5982/5982/5982
f 5983/5983/5983 5984/5984/5984 5985/5985/5985
f 5986/5986/5986 5987/5987/5987 5988/5988/5988
f 5989/5989/5989 5990/5990/5990 5991/5991/5991
f 5992/5992/5992 5993/5993/5993 5994/5994/5994
f 5995/5995/5995 5996/5996/5996 5997/5997/5997
f 5998/5998/5998 5999/5999/5999 6000/6000/6000
f 6001/6001/6001 6002/6002/6002 6003/6003/6003
f 6004/6004/6004 6005/6005/6005 6006/6006/6006
f 6007/6007/6007 6008/6008/6008 6009/6009/6009
f 6010/6010/6010 6011/6011/6011 6012/6012/6012
f 6013/6013/6013 6014/6014/6014 6015/6015/6015
f 6016/6016/6016 6017/6017/6017 6018/6018/6018
f 6019/6019/6019 6020/6020/6020 6021/6021/6021
f 6022/6022/6022 6023/6023/6023 6024/6024/6024
f 6025/6025/6025 6026/6026/6026 6027/6027/6027
f 6028/6028/6028 6029/6029/6029 6030/6030/6030
f 6031/6031/6031 6032/6032/6032 6033/6033/6033
f 6034/6034/6034 6035/6035/6035 6036/6036/6036
f 6037/6037/6037 6038/6038/6038 6039/6039/6039
f 6040/6040/6040 6041/6041/6041 6042/6042/6042
f 6043/6043/6043 6044/6044/6044 6045/6045/6045
f 6046/6046/6046 6047/6047/6047 6048/6048/6048
f 6049/6049/6049 6050/6050/6050 6051/6051/6051
f 6052/6052/6052 6053/6053/6053 6054/6054/6054
f 6055/6055/6055 6056/6056/6056 6057/6057/6057
f 6058/6058/6058 6059/6059/6059 6060/6060/6060
f 6061/6061/6061 6062/6062/6062 6063/6063/6063
f 6064/6064/6064 6065/6065/6065 6066/6066/6066
f 6067/6067/6067 6068/6068/6068 6069/6069/6069
f 6070/6070/6070 6071/6071/6071 6072/6072/6072
f 6073/6073/6073 6074/6074/6074 6075/6075/6075
f 6076/6076/6076 6077/6077/6077 6078/6078/6078
f 6079/6079/6079 6080/6080/6080 6081/6081/6081
f 6082/6082/6082 6083/6083/6083 6084/6084/6084
f 6085/6085/6085 6086/6086/6086 6087/6087/6087
f 6088/6088/6088 6089/6089/6089 6090/6090/6090
f 6091/6091/6091 6092/6092/6092 6093/6093/6093
f 6094/6094/6094 6095/6095/6095 6096/6096/6096
f 6097/6097/6097 6098/6098/6098 6099/6099/6099
f 6100/6100/6100 6101/6101/6101 6102/6102/6102
f 6103/6103/6103 6104/6104/6104 6105/6105/6105
f 6106/6106/6106 6107/6107/6107 6108/6108/6108
f 6109/6109/6109 6110/6110/6110 6111/6111/6111
f 6112/6112/6112 6113/6113/6113 6114/6114/6114
f 6115/6115/6115 6116/6116/6116 6117/6117/6117
f 6118/6118/6118 6119/6119/6119 6120/6120/6120
f 6121/6121/6121 6122/6122/6122 6123/6123/6123
f 6124/6124/6124 6125/6125/6125 6126/6126/6126
f 6127/6127/6127 6128/6128/6128 6129/6129/6129
f 6130/6130/6130 6131/6131/6131 6132/6132/6132
f 6133/6133/6133 6134/6134/6134 6135/6135/6135
f 6136/6136/6136 6137/6137/6137 6138/6138/6138
f 6139/6139/6139 6140/6140/6140 6141/6141/6141
f 6142/6142/6142 6143/6143/6143 6144/6144/6144
f 6145/6145/6145 6146/6146/6146 6147/6147/6147
f 6148/6148/6148 6149/6149/6149 6150/6150/6150
f 6151/6151/6151 6152/6152/6152 6153/6153/6153
f 6154/6154/6154 6155/6155/6155 6156/6156/6156
f 6157/6157/6157 6158/6158/6158 6159/6159/6159
f 6160/6160/6160 6161/6161/6161 6162/6162/6162
f 6163/6163/6163 6164/6164/6164 6165/6165/6165
f 6166/6166/6166 6167/6167/6167 6168/6168/6168
f 6169/6169/6169 6170/6170/6170 6171/6171/6171
f 6172/6172/6172 6173/6173/6173 6174/6174/6174
f 6175/6175/6175 6176/6176/6176 6177/6177/6177
f 6178/6178/6178 6179/6179/6179 6180/6180/6180
f 6181/6181/6181 6182/6182/6182 6183/6183/6183
f 6184/6184/6184 6185/6185/6185 6186/6186/6186
f 6187/6187/6187 6188/6188/6188 6189/6189/6189
f 6190/6190/6190 6191/6191/6191 6192/6192/6192
f 6193/6193/6193 6194/6194/6194 6195/6195/6195
f 6196/6196/6196 6197/6197/6197 6198/6198/6198
f 6199/6199/6199 6200/6200/6200 6201/6201/6201
f 6202/6202/6202 6203/6203/6203 6204/6204/6204
f 6205/6205/6205 6206/6206/6206 6207/6207/6207
f 6208/6208/6208 6209/6209/6209 6210/6210/6210
f 6211/6211/6211 6212/6212/6212 6213/6213/6213
f 6214/6214/6214 6215/6215/6215 6216/6216/6216
f 6217/6217/6217 6218/6218/6218 6219/6219/6219
f 6220/6220/6220 6221/6221/6221 6222/6222/6222
f 6223/6223/6223 6224/6224/6224 6225/6225/6225
f 6226/6226/6226 6227/6227/6227 6228/6228/6228
f 6229/6229/6229 6230/6230/6230 6231/6231/6231
f 6232/6232/6232 6233/6233/6233 6234/6234/6234
f 6235/6235/6235 6236/6236/6236 6237/6237/6237
f 6238/6238/6238 6239/6239/6239 6240/6240/6240
f 6241/6241/6241 6242/6242/6242 6243/6243/6243
f 6244/6244/6244 6245/6245/6245 6246/6246/6246
f 6247/6247/6247 6248/6248/6248 6249/6249/6249
f 6250/6250/6250 6251/6251/6251 6252/6252/6252
f 6253/6253/6253 6254/6254/6254 6255/6255/6255
f 6256/6256/6256 6257/6257/6257 6258/6258/6258
f 6259/6259/6259 6260/6260/6260 6261/6261/6261
f 6262/6262/6262 6263/6263/6263 6264/6264/6264
f 6265/6265/6265 6266/6266/6266 6267/6267/6267
f 6268/6268/6268 6269/6269/6269 6270/6270/6270
f 6271/6271/6271 6272/6272/6272 6273/6273/6273
f 6274/6274/6274 6275/6275/6275 6276/6276/6276
f 6277/6277/6277 6278/6278/6278 6279/6279/6279
f 6280/6280/6280 6281/6281/6281 6282/6282/6282
f 6283/6283/6283 6284/6284/6284 6285/6285/6285
f 6286/6286/6286 6287/6287/6287 6288/6288/6288
f 6289/6289/6289 6290/6290/6290 6291/6291/6291
f 6292/6292/6292 6293/6293/6293 6294/6294/6294
f 6295/6295/6295 6296/6296/6296 6297/6297/6297
f 6298/6298/6298 6299/6299/6299 6300/6300/6300
f 6301/6301/6301 6302/6302/6302 6303/6303/6303
f 6304/6304/6304 6305/6305/6305 6306/6306/6306
f 6307/6307/6307 6308/6308/6308 6309/6309/6309
f 6310/6310/6310 6311/6311/6311 6312/6312/6312
f 6313/6313/6313 6314/6314/6314 6315/6315/6315
f 6316/6316/6316 6317/6317/6317 6318/6318/6318
f 6319/6319/6319 6320/6320/6320 6321/6321/6321
f 6322/6322/6322 6323/6323/6323 6324/6324/6324
f 6325/6325/6325 6326/6326/6326 6327/6327/6327
f 6328/6328/6328 6329/6329/6329 6330/6330/6330
f 6331/6331/6331 6332/6332/6332 6333/6333/6333
f 6334/6334/6334 6335/6335/6335 6336/6336/6336
f 6337/6337/6337 6338/6338/6338 6339/6339/6339
f 6340/6340/6340 6341/6341/6341 6342/6342/6342
f 6343/6343/6343 6344/6344/6344 6345/6345/6345
f 6346/6346/6346 6347/6347/6347 6348/6348/6348
f 6349/6349/6349 6350/6350/6350 6351/6351/6351
f 6352/6352/6352 6353/6353/6353 6354/6354/6354
f 6355/6355/6355 6356/6356/6356 6357/6357/6357
f 6358/6358/6358 6359/6359/6359 6360/6360/6360
f 6361/6361/6361 6362/6362/6362 6363/6363/6363
f 6364/6364/6364 6365/6365/6365 6366/6366/6366
f 6367/6367/6367 6368/6368/6368 6369/6369/6369
f 6370/6370/6370 6371/6371/6371 6372/6372/6372
f 6373/6373/6373 6374/6374/6374 6375/6375/6375
f 6376/6376/6376 6377/6377/6377 6378/6378/6378
f 6379/6379/6379 6380/6380/6380 6381/6381/6381
f 6382/6382/6382 6383/6383/6383 6384/6384/6384
f 6385/6385/6385 6386/6386/6386 6387/6387/6387
f 6388/6388/6388 6389/6389/6389 6390/6390/6390
f 6391/6391/6391 6392/6392/6392 6393/6393/6393
f 6394/6394/6394 6395/6395/6395 6396/6396/6396
f 6397/6397/6397 6398/6398/6398 6399/6399/6399
f 6400/6400/6400 6401/6401/6401 6402/6402/6402
f 6403/6403/6403 6404/6404/6404 6405/6405/6405
f 6406/6406/6406 6407/6407/6407 6408/6408/6408
f 6409/6409/6409 6410/6410/6410 6411/6411/6411
f 6412/6412/6412 6413/6413/6413 6414/6414/6414
f 6415/6415/6415 6416/6416/6416 6417/6417/6417
f 6418/6418/6418 6419/6419/6419 6420/6420/6420
f 6421/6421/6421 6422/6422/6422 6423/6423/6423
f 6424/6424/6424 6425/6425/6425 6426/6426/6426
f 6427/6427/6427 6428/6428/6428 6429/6429/6429
f 6430/6430/6430 6431/6431/6431 6432/6432/6432
f 6433/6433/6433 6434/6434/6434 6435/6435/6435
f 6436/6436/6436 6437/6437/6437 6438/6438/6438
f 6439/6439/6439 6440/6440/6440 6441/6441/6441
f 6442/6442/6442 6443/6443/6443 6444/6444/6444
f 6445/6445/6445 6446/6446/6446 6447/6447/6447
f 6448/6448/6448 6449/6449/6449 6450/6450/6450
f 6451/6451/6451 6452/6452/6452 6453/6453/6453
f 6454/6454/6454 6455/6455/6455 6456/6456/6456
f 6457/6457/6457 6458/6458/6458 6459/6459/6459
f 6460/6460/6460 6461/6461/6461 6462/6462/6462
f 6463/6463/6463 6464/6464/6464 6465/6465/6465
f 6466/6466/6466 6467/6467/6467 6468/6468/6468
f 6469/6469/6469 6470/6470/6470 6471/6471/6471
f 6472/6472/6472 6473/6473/6473 6474/6474/6474
f 6475/6475/6475 6476/6476/6476 6477/6477/6477
f 6478/6478/6478 6479/6479/6479 6480/6480/6480
f 6481/6481/6481 6482/6482/6482 6483/6483/6483
f 6484/6484/6484 6485/6485/6485 6486/6486/6486
f 6487/6487/6487 6488/6488/6488 6489/6489/6489
f 6490/6490/6490 6491/6491/6491 6492/6492/6492
f 6493/6493/6493 6494/6494/6494 6495/6495/6495
f 6496/6496/6496 6497/6497/6497 6498/6498/6498
f 6499/6499/6499 6500/6500/6500 6501/6501/6501
f 6502/6502/6502 6503/6503/6503 6504/6504/6504
f 6505/6505/6505 6506/6506/6506 6507/6507/6507
f 6508/6508/6508 6509/6509/6509 6510/6510/6510
f 6511/6511/6511 6512/6512/6512 6513/6513/6513
f 6514/6514/6514 6515/6515/6515 6516/6516/6516
f 6517/6517/6517 6518/6518/6518 6519/6519/6519
f 6520/6520/6520 6521/6521/6521 6522/6522/6522
f 6523/6523/6523 6524/6524/6524 6525/6525/6525
f 6526/6526/6526 6527/6527/6527 6528/6528/6528
f 6529/6529/6529 6530/6530/6530 6531/6531/6531
f 6532/6532/6532 6533/6533/6533 6534/6534/6534
f 6535/6535/6535 6536/6536/6536 6537/6537/6537
f 6538/6538/6538 6539/6539/6539 6540/6540/6540
f 6541/6541/6541 6542/6542/6542 6543/6543/6543
f 6544/6544/6544 6545/6545/6545 6546/6546/6546
f 6547/6547/6547 6548/6548/6548 6549/6549/6549
f 6550/6550/6550 6551/6551/6551 6552/6552/6552
f 6553/6553/6553 6554/6554/6554 6555/6555/6555
f 6556/6556/6556 6557/6557/6557 6558/6558/6558
f 6559/6559/6559 6560/6560/6560 6561/6561/6561
f 6562/6562/6562 6563/6563/6563 6564/6564/6564
f 6565/6565/6565 6566/6566/6566 6567/6567/6567
f 6568/6568/6568 6569/6569/6569 6570/6570/6570
f 6571/6571/6571 6572/6572/6572 6573/6573/6573
f 6574/6574/6574 6575/6575/6575 6576/6576/6576
f 6577/6577/6577 6578/6578/6578 6579/6579/6579
f 6580/6580/6580 6581/6581/6581 6582/6582/6582
f 6583/6583/6583 6584/6584/6584 6585/6585/6585
f 6586/6586/6586 6587/6587/6587 6588/6588/6588
f 6589/6589/6589 6590/6590/6590 6591/6591/6591
f 6592/6592/6592 6593/6593/6593 6594/6594/6594
f 6595/6595/6595 6596/6596/6596 6597/6597/6597
f 6598/6598/6598 6599/6599/6599 6600/6600/6600
f 6601/6601/6601 6602/6602/6602 6603/6603/6603
f 6604/6604/6604 6605/6605/6605 6606/6606/6606
f 6607/6607/6607 6608/6608/6608 6609/6609/6609
f 6610/6610/6610 6611/6611/6611 6612/6612/6612
f 6613/6613/6613 6614/6614/6614 6615/6615/6615
f 6616/6616/6616 6617/6617/6617 6618/6618/6618
f 6619/6619/6619 6620/6620/6620 6621/6621/6621
f 6622/6622/6622 6623/6623/6623 6624/6624/6624
f 6625/6625/6625 6626/6626/6626 6627/6627/6627
f 6628/6628/6628 6629/6629/6629 6630/6630/6630
f 6631/6631/6631 6632/6632/6632 6633/6633/6633
f 6634/6634/6634 6635/6635/6635 6636/6636/6636
f 6637/6637/6637 6638/6638/6638 6639/6639/6639
f 6640/6640/6640 6641/6641/6641 6642/6642/6642
f 6643/6643/6643 6644/6644/6644 6645/6645/6645
f 6646/6646/6646 6647/6647/6647 6648/6648/6648
f 6649/6649/6649 6650/6650/6650 6651/6651/6651
f 6652/6652/6652 6653/6653/6653 6654/6654/6654
f 6655/6655/6655 6656/6656/6656 6657/6657/6657
f 6658/6658/6658 6659/6659/6659 6660/6660/6660
f 6661/6661/6661 6662/6662/6662 6663/6663/6663
f 6664/6664/6664 6665/6665/6665 6666/6666/6666
f 6667/6667/6667 6668/6668/6668 6669/6669/6669
f 6670/6670/6670 6671/6671/6671 6672/6672/6672
f 6673/6673/6673 6674/6674/6674 6675/6675/6675
f 6676/6676/6676 6677/6677/6677 6678/6678/6678
f 6679/6679/6679 6680/6680/6680 6681/6681/6681
f 6682/6682/6682 6683/6683/6683 6684/6684/6684
f 6685/6685/6685 6686/6686/6686 6687/6687/6687
f 6688/6688/6688 6689/6689/6689 6690/6690/6690
f 6691/6691/6691 6692/6692/6692 6693/6693/6693
f 6694/6694/6694 6695/6695/6695 6696/6696/6696
f 6697/6697/6697 6698/6698/6698 6699/6699/6699
f 6700/6700/6700 6701/6701/6701 6702/6702/6702
f 6703/6703/6703 6704/6704/6704 6705/6705/6705
f 6706/6706/6706 6707/6707/6707 6708/6708/6708
f 6709/6709/6709 6710/6710/6710 6711/6711/6711
f 6712/6712/6712 6713/6713/6713 6714/6714/6714
f 6715/6715/6715 6716/6716/6716 6717/6717/6717
f 6718/6718/6718 6719/6719/6719 6720/6720/6720
f 6721/6721/6721 6722/6722/6722 6723/6723/6723
f 6724/6724/6724 6725/6725/6725 6726/6726/6726
f 6727/6727/6727 6728/6728/6728 6729/6729/6729
f 6730/6730/6730 6731/6731/6731 6732/6732/6732
f 6733/6733/6733 6734/6734/6734 6735/6735/6735
f 6736/6736/6736 6737/6737/6737 6738/6738/6738
f 6739/6739/6739 6740/6740/6740 6741/6741/6741
f 6742/6742/6742 6743/6743/6743 6744/6744/6744
f 6745/6745/6745 6746/6746/6746 6747/6747/6747
f 6748/6748/6748 6749/6749/6749 6750/6750/6750
f 6751/6751/6751 6752/6752/6752 6753/6753/6753
f 6754/6754/6754 6755/6755/6755 6756/6756/6756
f 6757/6757/6757 6758/6758/6758 6759/6759/6759
f 6760/6760/6760 6761/6761/6761 6762/6762/6762
f 6763/6763/6763 6764/6764/6764 6765/6765/6765
f 6766/6766/6766 6767/6767/6767 6768/6768/6768
f 6769/6769/6769 6770/6770/6770 6771/6771/6771
f 6772/6772/6772 6773/6773/6773 6774/6774/6774
f 6775/6775/6775 6776/6776/6776 6777/6777/6777
f 6778/6778/6778 6779/6779/6779 6780/6780/6780
f 6781/6781/6781 6782/6782/6782 6783/6783/6783
f 6784/6784/6784 6785/6785/6785 6786/6786/6786
f 6787/6787/6787 6788/6788/6788 6789/6789/6789
f 6790/6790/6790 6791/6791/6791 6792/6792/6792
f 6793/6793/6793 6794/6794/6794 6795/6795/6795
f 6796/6796/6796 6797/6797/6797 6798/6798/6798
f 6799/6799/6799 6800/6800/6800 6801/6801/6801
f 6802/6802/6802 6803/6803/6803 6804/6804/6804
f 6805/6805/6805 6806/6806/6806 6807/6807/6807
f 6808/6808/6808 6809/6809/6809 6810/6810/6810
f 6811/6811/6811 6812/6812/6812 6813/6813/6813
f 6814/6814/6814 6815/6815/6815 6816/6816/6816
f 6817/6817/6817 6818/6818/6818 6819/6819/6819
f 6820/6820/6820 6821/6821/6821 6822/6822/6822
f 6823/6823/6823 6824/6824/6824 6825/6825/6825
f 6826/6826/6826 6827/6827/6827 6828/6828/6828
f 6829/6829/6829 6830/6830/6830 6831/6831/6831
f 6832/6832/6832 6833/6833/6833 6834/6834/6834
f 6835/6835/6835 6836/6836/6836 6837/6837/6837
f 6838/6838/6838 6839/6839/6839 6840/6840/6840
f 6841/6841/6841 6842/6842/6842 6843/6843/6843
f 6844/6844/6844 6845/6845/6845 6846/6846/6846
f 6847/6847/6847 6848/6848/6848 6849/6849/6849
f 6850/6850/6850 6851/6851/6851 6852/6852/6852
f 6853/6853/6853 6854/6854/6854 6855/6855/6855
f 6856/6856/6856 6857/6857/6857 6858/6858/6858
f 6859/6859/6859 6860/6860/6860 6861/6861/6861
f 6862/6862/6862 6863/6863/6863 6864/6864/6864
f 6865/6865/6865 6866/6866/6866 6867/6867/6867
f 6868/6868/6868 6869/6869/6869 6870/6870/6870
f 6871/6871/6871 6872/6872/6872 6873/6873/6873
f 6874/6874/6874 6875/6875/6875 6876/6876/6876
f 6877/6877/6877 6878/6878/6878 6879/6879/6879
f 6880/6880/6880 6881/6881/6881 6882/6882/6882
f 6883/6883/6883 6884/6884/6884 6885/6885/6885
f 6886/6886/6886 6887/6887/6887 6888/6888/6888
f 6889/6889/6889 6890/6890/6890 6891/6891/6891
f 6892/6892/6892 6893/6893/6893 6894/6894/6894
f 6895/6895/6895 6896/6896/6896 6897/6897/6897
f 6898/6898/6898 6899/6899/6899 6900/6900/6900
f 6901/6901/6901 6902/6902/6902 6903/6903/6903
f 6904/6904/6904 6905/6905/6905 6906/6906/6906
f 6907/6907/6907 6908/6908/6908 6909/6909/6909
f 6910/6910/6910 6911/6911/6911 6912/6912/6912
f 6913/6913/6913 6914/6914/6914 6915/6915/6915
f 6916/6916/6916 6917/6917/6917 6918/6918/6918
f 6919/6919/6919 6920/6920/6920 6921/6921/6921
f 6922/6922/6922 6923/6923/6923 6924/6924/6924
f 6925/6925/6925 6926/6926/6926 6927/6927/6927
f 6928/6928/6928 6929/6929/6929 6930/6930/6930
f 6931/6931/6931 6932/6932/6932 6933/6933/6933
f 6934/6934/6934 6935/6935/6935 6936/6936/6936
f 6937/6937/6937 6938/6938/6938 6939/6939/6939
f 6940/6940/6940 6941/6941/6941 6942/6942/6942
f 6943/6943/6943 6944/6944/6944 6945/6945/6945
f 6946/6946/6946 6947/6947/6947 6948/6948/6948
f 6949/6949/6949 6950/6950/6950 6951/6951/6951
f 6952/6952/6952 6953/6953/6953 6954/6954/6954
f 6955/6955/6955 6956/6956/6956 6957/6957/6957
f 6958/6958/6958 6959/6959/6959 6960/6960/6960
f 6961/6961/6961 6962/6962/6962 6963/6963/6963
f 6964/6964/6964 6965/6965/6965 6966/6966/6966
f 6967/6967/6967 6968/6968/6968 6969/6969/6969
f 6970/6970/6970 6971/6971/6971 6972/6972/6972
f 6973/6973/6973 6974/6974/6974 6975/6975/6975
f 6976/6976/6976 6977/6977/6977 6978/6978/6978
f 6979/6979/6979 6980/6980/6980 6981/6981/6981
f 6982/6982/6982 6983/6983/6983 6984/6984/6984
f 6985/6985/6985 6986/6986/6986 6987/6987/6987
f 6988/6988/6988 6989/6989/6989 6990/6990/6990
f 6991/6991/6991 6992/6992/6992 6993/6993/6993
f 6994/6994/6994 6995/6995/6995 6996/6996/6996
f 6997/6997/6997 6998/6998/6998 6999/6999/6999
f 7000/7000/7000 7001/7001/7001 7002/7002/7002
f 7003/7003/7003 7004/7004/7004 7005/7005/7005
f 7006/7006/7006 7007/7007/7007 7008/7008/7008
f 7009/7009/7009 7010/7010/7010 7011/7011/7011
f 7012/7012/7012 7013/7013/7013 7014/7014/7014
f 7015/7015/7015 7016/7016/7016 7017/7017/7017
f 7018/7018/7018 7019/7019/7019 7020/7020/7020
f 7021/7021/7021 7022/7022/7022 7023/7023/7023
f 7024/7024/7024 7025/7025/7025 7026/7026/7026
f 7027/7027/7027 7028/7028/7028 7029/7029/7029
f 7030/7030/7030 7031/7031/7031 7032/7032/7032
f 7033/7033/7033 7034/7034/7034 7035/7035/7035
f 7036/7036/7036 7037/7037/7037 7038/7038/7038
f 7039/7039/7039 7040/7040/7040 7041/7041/7041
f 7042/7042/7042 7043/7043/7043 7044/7044/7044
f 7045/7045/7045 7046/7046/7046 7047/7047/7047
f 7048/7048/7048 7049/7049/7049 7050/7050/7050
f 7051/7051/7051 7052/7052/7052 7053/7053/7053
f 7054/7054/7054 7055/7055/7055 7056/7056/7056
f 7057/7057/7057 7058/7058/7058 7059/7059/7059
f 7060/7060/7060 7061/7061/7061 7062/7062/7062
f 7063/7063/7063 7064/7064/7064 7065/7065/7065
f 7066/7066/7066 7067/7067/7067 7068/7068/7068
f 7069/7069/7069 7070/7070/7070 7071/7071/7071
f 7072/7072/7072 7073/7073/7073 7074/7074/7074
f 7075/7075/7075 7076/7076/7076 7077/7077/7077
f 7078/7078/7078 7079/7079/7079 7080/7080/7080
f 7081/7081/7081 7082/7082/7082 7083/7083/7083
f 7084/7084/7084 7085/7085/7085 7086/7086/7086
f 7087/7087/7087 7088/7088/7088 7089/7089/7089
f 7090/7090/7090 7091/7091/7091 7092/7092/7092
f 7093/7093/7093 7094/7094/7094 7095/7095/7095
f 7096/7096/7096 7097/7097/7097 7098/7098/7098
f 7099/7099/7099 7100/7100/7100 7101/7101/7101
f 7102/7102/7102 7103/7103/7103 7104/7104/7104
f 7105/7105/7105 7106/7106/7106 7107/7107/7107
f 7108/7108/7108 7109/7109/7109 7110/7110/7110
f 7111/7111/7111 7112/7112/7112 7113/7113/7113
f 7114/7114/7114 7115/7115/7115 7116/7116/7116
f 7117/7117/7117 7118/7118/7118 7119/7119/7119
f 7120/7120/7120 7121/7121/7121 7122/7122/7122
f 7123/7123/7123 7124/7124/7124 7125/7125/7125
f 7126/7126/7126 7127/7127/7127 7128/7128/7128
f 7129/7129/7129 7130/7130/7130 7131/7131/7131
f 7132/7132/7132 7133/7133/7133 7134/7134/7134
usemtl Eyebrows
f 7135/7135/7135 7136/7136/7136 7137/7137/7137
f 7138/7138/7138 7139/7139/7139 7140/7140/7140
f 7141/7141/7141 7142/7142/7142 7143/7143/7143
f 7144/7144/7144 7145/7145/7145 7146/7146/7146
f 7147/7147/7147 7148/7148/7148 7149/7149/7149
f 7150/7150/7150 7151/7151/7151 7152/7152/7152
f 7153/7153/7153 7154/7154/7154 7155/7155/7155
f 7156/7156/7156 7157/7157/7157 7158/7158/7158
f 7159/7159/7159 7160/7160/7160 7161/7161/7161
f 7162/7162/7162 7163/7163/7163 7164/7164/7164
f 7165/7165/7165 7166/7166/7166 7167/7167/7167
f 7168/7168/7168 7169/7169/7169 7170/7170/7170
f 7171/7171/7171 7172/7172/7172 7173/7173/7173
f 7174/7174/7174 7175/7175/7175 7176/7176/7176
f 7177/7177/7177 7178/7178/7178 7179/7179/7179
f 7180/7180/7180 7181/7181/7181 7182/7182/7182
f 7183/7183/7183 7184/7184/7184 7185/7185/7185
f 7186/7186/7186 7187/7187/7187 7188/7188/7188
f 7189/7189/7189 7190/7190/7190 7191/7191/7191
f 7192/7192/7192 7193/7193/7193 7194/7194/7194
f 7195/7195/7195 7196/7196/7196 7197/7197/7197
f 7198/7198/7198 7199/7199/7199 7200/7200/7200
f 7201/7201/7201 7202/7202/7202 7203/7203/7203
f 7204/7204/7204 7205/7205/7205 7206/7206/7206
usemtl Eye
f 7207/7207/7207 7208/7208/7208 7209/7209/7209
f 7210/7210/7210 7211/7211/7211 7212/7212/7212
f 7213/7213/7213 7214/7214/7214 7215/7215/7215
f 7216/7216/7216 7217/7217/7217 7218/7218/7218
f 7219/7219/7219 7220/7220/7220 7221/7221/7221
f 7222/7222/7222 7223/7223/7223 7224/7224/7224
f 7225/7225/7225 7226/7226/7226 7227/7227/7227
f 7228/7228/7228 7229/7229/7229 7230/7230/7230
f 7231/7231/7231 7232/7232/7232 7233/7233/7233
f 7234/7234/7234 7235/7235/7235 7236/7236/7236
f 7237/7237/7237 7238/7238/7238 7239/7239/7239
f 7240/7240/7240 7241/7241/7241 7242/7242/7242
f 7243/7243/7243 7244/7244/7244 7245/7245/7245
f 7246/7246/7246 7247/7247/7247 7248/7248/7248
f 7249/7249/7249 7250/7250/7250 7251/7251/7251
f 7252/7252/7252 7253/7253/7253 7254/7254/7254
f 7255/7255/7255 7256/7256/7256 7257/7257/7257
f 7258/7258/7258 7259/7259/7259 7260/7260/7260
f 7261/7261/7261 7262/7262/7262 7263/7263/7263
f 7264/7264/7264 7265/7265/7265 7266/7266/7266
f 7267/7267/7267 7268/7268/7268 7269/7269/7269
f 7270/7270/7270 7271/7271/7271 7272/7272/7272
f 7273/7273/7273 7274/7274/7274 7275/7275/7275
f 7276/7276/7276 7277/7277/7277 7278/7278/7278
